player_id,player_url,fifa_version,fifa_update,fifa_update_date,short_name,long_name,player_positions,overall,potential,value_eur,wage_eur,age,dob,height_cm,weight_kg,league_id,league_name,league_level,club_team_id,club_name,club_position,club_jersey_number,club_loaned_from,club_joined_date,club_contract_valid_until_year,nationality_id,nationality_name,nation_team_id,nation_position,nation_jersey_number,preferred_foot,weak_foot,skill_moves,international_reputation,work_rate,body_type,real_face,release_clause_eur,player_tags,player_traits,pace,shooting,passing,dribbling,defending,physic,attacking_crossing,attacking_finishing,attacking_heading_accuracy,attacking_short_passing,attacking_volleys,skill_dribbling,skill_curve,skill_fk_accuracy,skill_long_passing,skill_ball_control,movement_acceleration,movement_sprint_speed,movement_agility,movement_reactions,movement_balance,power_shot_power,power_jumping,power_stamina,power_strength,power_long_shots,mentality_aggression,mentality_interceptions,mentality_positioning,mentality_vision,mentality_penalties,mentality_composure,defending_marking_awareness,defending_standing_tackle,defending_sliding_tackle,goalkeeping_diving,goalkeeping_handling,goalkeeping_kicking,goalkeeping_positioning,goalkeeping_reflexes,goalkeeping_speed,ls,st,rs,lw,lf,cf,rf,rw,lam,cam,ram,lm,lcm,cm,rcm,rm,lwb,ldm,cdm,rdm,rwb,lb,lcb,cb,rcb,rb,gk,player_face_url
239837,/player/239837/alexis-mac-allister/260004/,26,4,2025-09-19,A. Mac Allister,Alexis Mac Allister,"CM, CDM",87,88,93000000,180000,26,1998-12-24,176,72,13,Premier League,1,9,Liverpool,LDM,10,,2023-06-14,2028,52,Argentina,1369,LCM,20,Right,3,3,4,,Normal (170-185),Yes,179000000,#Playmaker ,"Pinged Pass +, Power Shot, Dead Ball, Gamechanger, Block, Press Proven",66,82,85,85,78,76,79,79,65,88,77,84,83,82,87,86,68,64,82,89,86,88,72,87,69,85,83,80,78,86,86,86,78,83,74,7,10,14,15,10,,79+3,79+3,79+3,81+0,82+0,82+0,82+0,81+0,84+3,84+3,84+3,82+3,86+2,86+2,86+2,82+3,81+3,83+3,83+3,83+3,81+3,79+3,78+3,78+3,78+3,79+3,19+3,https://cdn.sofifa.net/players/239/837/26_120.png
231866,/player/231866/rodrigo-hernandez-cascante/260004/,26,4,2025-09-19,Rodri,Rodrigo Hernández Cascante,"CDM, CM",90,90,102000000,270000,29,1996-06-22,190,82,13,Premier League,1,10,Manchester City,CDM,16,,2019-07-04,2027,45,Spain,1362,SUB,16,Right,4,3,5,,Normal (185+),Yes,188700000,#Distance shooter,"Tiki Taka +, Power Shot, Long Ball Pass, Aerial Fortress, Press Proven, Bruiser",65,80,86,84,86,85,76,74,81,93,71,84,86,64,91,90,65,65,66,93,67,92,83,91,83,89,85,84,76,84,62,93,88,87,82,10,10,7,14,8,,82+3,82+3,82+3,81+0,83+0,83+0,83+0,81+0,84+3,84+3,84+3,83+3,88+2,88+2,88+2,83+3,84+3,88+2,88+2,88+2,84+3,84+3,85+3,85+3,85+3,84+3,19+3,https://cdn.sofifa.net/players/231/866/26_120.png
212198,/player/212198/bruno-miguel-borges-fernandes/260004/,26,4,2025-09-19,Bruno Fernandes,Bruno Miguel Borges Fernandes,"CAM, CM",87,87,77000000,165000,30,1994-09-08,179,69,13,Premier League,1,11,Manchester United,LCM,8,,2020-01-30,2027,38,Portugal,1354,RCM,8,Right,4,4,4,,Unique,Yes,146300000,#Playmaker ,"Relentless +, Dead Ball, Gamechanger, Incisive Pass, Long Ball Pass, Tiki Taka, Inventive",67,83,89,83,65,75,85,80,63,90,87,82,85,85,90,87,68,66,78,90,73,86,69,95,61,85,84,63,86,92,91,85,62,71,66,12,14,15,8,14,,80+3,80+3,80+3,83+0,84+0,84+0,84+0,83+0,86+1,86+1,86+1,84+3,87+0,87+0,87+0,84+3,78+3,79+3,79+3,79+3,78+3,75+3,70+3,70+3,70+3,75+3,21+3,https://cdn.sofifa.net/players/212/198/26_120.png
241096,/player/241096/sandro-tonali/260004/,26,4,2025-09-19,S. Tonali,Sandro Tonali,"CDM, CM",86,88,76500000,175000,25,2000-05-08,181,79,13,Premier League,1,13,Newcastle United,CDM,8,,2023-07-03,2028,27,Italy,1343,LCM,8,Right,4,3,3,,Unique,Yes,151100000,,"Slide Tackle, Relentless, Enforcer",79,74,82,80,81,83,78,69,70,86,68,78,75,81,83,85,78,79,76,84,77,85,83,83,82,77,84,84,76,79,64,84,81,84,81,13,9,8,7,7,,78+3,78+3,78+3,79+0,79+0,79+0,79+0,79+0,80+3,80+3,80+3,80+3,82+3,82+3,82+3,80+3,82+3,84+3,84+3,84+3,82+3,82+3,82+3,82+3,82+3,82+3,17+3,https://cdn.sofifa.net/players/241/096/26_120.png
209331,/player/209331/mohamed-salah/260004/,26,4,2025-09-19,M. Salah,Mohamed Salah Hamed Ghalyمحمد صلاح,"RM, RW",91,91,82000000,370000,33,1992-06-15,175,72,13,Premier League,1,9,Liverpool,RM,11,,2017-07-01,2027,111,Egypt,,,,Left,3,4,5,,Unique,Yes,151700000,"#Dribbler, #Crosser, #Acrobat","Finesse Shot +, Low Driven Shot, Gamechanger, Whipped Pass, Inventive, Technical, First Touch",89,88,86,90,45,76,86,94,59,88,83,90,88,69,81,90,88,89,86,94,91,83,79,88,75,78,63,55,93,89,88,93,38,43,41,14,14,9,11,14,,86+3,86+3,86+3,90+0,89+0,89+0,89+0,90+0,89+2,89+2,89+2,89+2,84+3,84+3,84+3,89+2,72+3,69+3,69+3,69+3,72+3,68+3,59+3,59+3,59+3,68+3,22+3,https://cdn.sofifa.net/players/209/331/26_120.png
234378,/player/234378/declan-rice/260004/,26,4,2025-09-19,D. Rice,Declan Rice,"CDM, CM",87,88,83500000,210000,26,1999-01-14,185,80,13,Premier League,1,1,Arsenal,LCM,41,,2023-07-15,2028,14,England,1318,LDM,4,Right,3,3,4,,Normal (185+),Yes,160700000,"#Crosser, #Tackling , #Tactician ","Dead Ball, Whipped Pass, Block, Intercept, Aerial Fortress, Press Proven, Relentless",72,73,84,80,83,83,88,64,72,86,50,82,86,75,86,84,71,73,63,85,65,87,80,92,78,83,85,86,77,79,71,86,81,86,85,8,11,14,5,9,,77+3,77+3,77+3,79+0,79+0,79+0,79+0,79+0,80+3,80+3,80+3,81+3,84+3,84+3,84+3,81+3,85+3,85+3,85+3,85+3,85+3,84+3,82+3,82+3,82+3,84+3,17+3,https://cdn.sofifa.net/players/234/378/26_120.png
240638,/player/240638/tijjani-reijnders/260004/,26,4,2025-09-19,T. Reijnders,Tijjani Martinus Jan Reijnders Lekatompessy,"CM, CDM, CAM",86,87,79500000,190000,26,1998-07-29,185,73,13,Premier League,1,10,Manchester City,LCM,4,,2023-07-19,2030,34,Netherlands,105035,CAM,14,Right,4,4,4,,Lean (185+),Yes,153000000,,"Tiki Taka +, Finesse Shot, Power Shot, Incisive Pass, Technical",79,79,82,85,77,77,73,78,61,87,65,84,77,70,84,88,83,75,82,85,79,85,77,92,69,83,80,80,86,84,59,84,78,80,72,6,10,9,14,9,,80+3,80+3,80+3,83+0,84+0,84+0,84+0,83+0,84+3,84+3,84+3,83+3,85+2,85+2,85+2,83+3,81+3,82+3,82+3,82+3,81+3,80+3,77+3,77+3,77+3,80+3,18+3,https://cdn.sofifa.net/players/240/638/26_120.png
236772,/player/236772/dominik-szoboszlai/260004/,26,4,2025-09-19,D. Szoboszlai,Dominik Szoboszlai,"CAM, CM",83,86,49500000,110000,24,2000-10-25,186,74,13,Premier League,1,9,Liverpool,SUB,8,,2023-07-02,2028,23,Hungary,1886,LCM,10,Right,4,4,3,,Normal (185+),Yes,95300000,,"Power Shot, Whipped Pass, Technical",79,82,84,82,67,76,83,79,65,85,81,83,87,83,83,84,76,81,78,83,68,89,76,89,69,79,75,67,83,83,83,82,65,72,63,10,10,13,10,6,,80+3,80+3,80+3,82+0,82+0,82+0,82+0,82+0,83+3,83+3,83+3,83+3,82+3,82+3,82+3,83+3,77+3,77+3,77+3,77+3,77+3,75+3,71+3,71+3,71+3,75+3,17+3,https://cdn.sofifa.net/players/236/772/26_120.png
246669,/player/246669/bukayo-saka/260004/,26,4,2025-09-19,B. Saka,Bukayo Saka,"RW, RM",88,90,118500000,230000,23,2001-09-05,178,65,13,Premier League,1,1,Arsenal,RW,7,,2018-09-14,2027,14,England,1318,RES,25,Left,4,3,4,,Lean (170-185),Yes,228100000,"#Dribbler, #Crosser","Whipped Pass +, Finesse Shot, Technical",84,82,85,88,60,73,90,84,49,85,79,89,88,74,77,88,87,81,85,88,88,79,72,86,68,81,68,62,86,86,87,82,60,62,60,7,8,13,9,13,,80+3,80+3,80+3,87+0,85+0,85+0,85+0,87+0,86+3,86+3,86+3,86+3,83+3,83+3,83+3,86+3,77+3,74+3,74+3,74+3,77+3,74+3,65+3,65+3,65+3,74+3,18+3,https://cdn.sofifa.net/players/246/669/26_120.png
247851,/player/247851/bruno-guimaraes-moura/260004/,26,4,2025-09-19,Bruno Guimarães,Bruno Guimarães Rodrigues Moura,"CM, CDM",86,87,77500000,190000,27,1997-11-16,182,74,13,Premier League,1,13,Newcastle United,RCM,39,,2022-01-31,2028,54,Brazil,,,,Right,2,3,4,,Lean (170-185),Yes,153100000,"#Dribbler, #Playmaker , #Complete midfielder","Gamechanger, Incisive Pass, Long Ball Pass, Press Proven, Relentless",66,75,84,84,79,81,76,73,66,88,65,86,83,63,88,86,66,66,73,85,79,76,75,90,76,82,86,82,77,86,65,88,78,82,81,7,11,15,11,11,,77+3,77+3,77+3,80+0,80+0,80+0,80+0,80+0,83+3,83+3,83+3,81+3,85+2,85+2,85+2,81+3,81+3,84+3,84+3,84+3,81+3,80+3,80+3,80+3,80+3,80+3,19+3,https://cdn.sofifa.net/players/247/851/26_120.png
246104,/player/246104/ryan-gravenberch/260004/,26,4,2025-09-19,R. Gravenberch,Ryan Jiro Gravenberch,"CDM, CM",85,88,66500000,125000,23,2002-05-16,190,77,13,Premier League,1,9,Liverpool,RDM,38,,2023-09-01,2028,34,Netherlands,105035,RDM,8,Right,4,4,3,,Lean (185+),Yes,128000000,#Tactician ,"Intercept, Press Proven",76,76,81,85,81,81,74,78,67,86,71,88,76,70,82,87,76,76,76,84,70,79,81,85,80,76,76,88,75,81,58,88,80,82,78,12,8,6,11,12,,79+3,79+3,79+3,81+0,81+0,81+0,81+0,81+0,82+3,82+3,82+3,82+3,84+3,84+3,84+3,82+3,82+3,83+3,83+3,83+3,82+3,81+3,80+3,80+3,80+3,81+3,19+3,https://cdn.sofifa.net/players/246/104/26_120.png
238074,/player/238074/reece-james/260004/,26,4,2025-09-19,R. James,Reece James,RB,81,84,31500000,115000,25,1999-12-08,180,91,13,Premier League,1,5,Chelsea,RB,24,,2017-03-01,2028,14,England,1318,RB,3,Right,4,3,3,,Stocky (170-185),Yes,62200000,"#Crosser, #Strength","Whipped Pass, Jockey, Bruiser",76,71,82,77,81,81,88,67,75,81,67,78,83,81,80,79,75,76,66,80,71,85,87,67,86,70,83,80,74,78,65,82,82,82,80,8,12,7,13,11,,76+3,76+3,76+3,77+0,77+0,77+0,77+0,77+0,77+3,77+3,77+3,78+3,78+3,78+3,78+3,78+3,79+3,80+3,80+3,80+3,79+3,79+3,81+3,81+3,81+3,79+3,18+3,https://cdn.sofifa.net/players/238/074/26_120.png
225193,/player/225193/mikel-merino-zazon/260004/,26,4,2025-09-19,Mikel Merino,Mikel Merino Zazón,"CM, ST",83,83,35500000,160000,29,1996-06-22,189,83,13,Premier League,1,1,Arsenal,SUB,23,,2024-08-27,2028,45,Spain,1362,SUB,6,Left,3,3,3,,Normal (185+),Yes,65700000,,"Power Shot, Precision Header, Aerial Fortress, Relentless",63,79,80,80,81,80,77,80,87,84,58,82,80,69,80,84,64,63,63,84,63,85,85,82,78,76,83,83,81,80,70,81,78,82,76,9,12,9,13,14,,80+3,80+3,80+3,79+0,80+0,80+0,80+0,79+0,80+3,80+3,80+3,79+3,82+1,82+1,82+1,79+3,79+3,82+1,82+1,82+1,79+3,79+3,81+2,81+2,81+2,79+3,20+3,https://cdn.sofifa.net/players/225/193/26_120.png
247090,/player/247090/enzo-fernandez/260004/,26,4,2025-09-19,E. Fernández,Enzo Jeremías Fernández,"CM, CDM, CAM",84,87,57000000,140000,24,2001-01-17,178,76,13,Premier League,1,5,Chelsea,LDM,8,,2023-01-31,2032,52,Argentina,1369,CDM,24,Right,4,3,3,,Normal (170-185),Yes,112600000,#Playmaker ,"Long Ball Pass +, First Touch, Press Proven, Relentless",68,75,85,81,73,75,79,72,71,88,77,80,84,76,89,85,68,68,75,86,78,82,74,85,67,76,83,74,78,86,73,82,72,75,72,8,6,7,8,10,,77+3,77+3,77+3,79+0,80+0,80+0,80+0,79+0,82+3,82+3,82+3,81+3,84+3,84+3,84+3,81+3,78+3,81+3,81+3,81+3,78+3,77+3,75+3,75+3,75+3,77+3,17+3,https://cdn.sofifa.net/players/247/090/26_120.png
243576,/player/243576/pedro-antonio-porro-sauceda/260004/,26,4,2025-09-19,Pedro Porro,Pedro Antonio Porro Sauceda,"RB, RM",82,85,37000000,105000,25,1999-09-13,173,69,13,Premier League,1,18,Tottenham Hotspur,RB,23,,2023-07-01,2028,45,Spain,1362,RB,12,Right,3,3,3,,Normal (170-185),Yes,73100000,#Crosser,"Power Shot, Long Ball Pass, Tiki Taka, Whipped Pass, Block, Relentless",78,73,81,80,77,76,87,68,69,80,64,80,85,78,78,81,78,78,80,80,71,84,77,91,68,75,75,78,76,80,66,79,76,79,77,15,7,14,5,7,,75+3,75+3,75+3,79+0,78+0,78+0,78+0,79+0,78+3,78+3,78+3,80+3,80+3,80+3,80+3,80+3,81+3,79+3,79+3,79+3,81+3,80+3,76+3,76+3,76+3,80+3,17+3,https://cdn.sofifa.net/players/243/576/26_120.png
222665,/player/222665/martin-odegaard/260004/,26,4,2025-09-19,M. Ødegaard,Martin Ødegaard,"CM, CAM",87,89,98000000,220000,26,1998-12-17,178,68,13,Premier League,1,1,Arsenal,RCM,8,,2021-08-20,2028,36,Norway,1352,RCM,10,Left,2,5,4,,Lean (170-185),Yes,188700000,"#Dribbler, #Playmaker , #Crosser, #Complete midfielder","Incisive Pass +, Pinged Pass, Inventive, Technical, First Touch",68,79,88,87,67,65,86,79,55,90,79,87,84,82,88,88,68,68,85,88,83,82,63,88,55,80,64,69,78,90,68,87,68,72,57,14,15,15,8,10,,77+3,77+3,77+3,83+0,83+0,83+0,83+0,83+0,85+3,85+3,85+3,84+3,86+3,86+3,86+3,84+3,78+3,78+3,78+3,78+3,78+3,74+3,68+3,68+3,68+3,74+3,20+3,https://cdn.sofifa.net/players/222/665/26_120.png
210881,/player/210881/john-mcginn/260004/,26,4,2025-09-19,J. McGinn,John McGinn,"LM, RM, CAM, LB",81,81,25000000,120000,30,1994-10-18,178,68,13,Premier League,1,2,Aston Villa,RM,7,,2018-08-08,2027,42,Scotland,1359,LM,7,Left,2,3,3,,Stocky (170-185),Yes,47500000,,"Press Proven, Relentless, Enforcer",69,77,78,80,77,83,76,76,57,81,75,81,76,61,80,80,69,69,77,81,85,84,74,92,79,77,86,79,77,79,55,77,79,82,75,9,13,12,10,12,,76+3,76+3,76+3,78+0,78+0,78+0,78+0,78+0,79+2,79+2,79+2,79+2,81+0,81+0,81+0,79+2,79+2,81+0,81+0,81+0,79+2,78+3,77+3,77+3,77+3,78+3,19+3,https://cdn.sofifa.net/players/210/881/26_120.png
223334,/player/223334/joelinton-apolinario-de-lira/260004/,26,4,2025-09-19,Joelinton,Joelinton Cassio Apolinário de Lira,"CM, LW, LM",82,82,30500000,140000,28,1996-08-14,186,81,13,Premier League,1,13,Newcastle United,LCM,7,,2019-07-23,2028,54,Brazil,,,,Right,3,3,3,,Stocky (185+),Yes,58000000,#Strength,"Aerial Fortress, Press Proven, Relentless, Bruiser, Enforcer",74,73,77,81,82,90,73,75,82,84,60,83,62,38,79,83,69,78,68,85,66,84,90,89,90,63,91,84,79,80,61,83,79,84,77,9,13,8,13,13,,80+2,80+2,80+2,78+0,80+0,80+0,80+0,78+0,80+2,80+2,80+2,80+2,82+0,82+0,82+0,80+2,81+1,83+-1,83+-1,83+-1,81+1,81+1,84+-2,84+-2,84+-2,81+1,20+3,https://cdn.sofifa.net/players/223/334/26_120.png
243014,/player/243014/bryan-mbeumo/260004/,26,4,2025-09-19,B. Mbeumo,Bryan Tetsadong Marceau Mbeumo,"RW, RM, ST",85,86,64500000,135000,25,1999-08-07,171,75,13,Premier League,1,11,Manchester United,RW,19,,2025-07-21,2030,103,Cameroon,,,,Left,2,4,3,,Stocky (170-185),Yes,127400000,#Acrobat,"Gamechanger +, Inventive, Rapid, First Touch, Quick Step",88,84,79,84,49,76,84,87,63,80,85,83,84,72,69,84,90,87,90,81,85,83,81,85,71,77,74,52,84,80,85,83,53,41,37,7,14,15,13,14,,81+3,81+3,81+3,84+0,83+0,83+0,83+0,84+0,82+3,82+3,82+3,83+3,77+3,77+3,77+3,83+3,69+3,66+3,66+3,66+3,69+3,66+3,59+3,59+3,59+3,66+3,20+3,https://cdn.sofifa.net/players/243/014/26_120.png
216393,/player/216393/youri-tielemans/260004/,26,4,2025-09-19,Y. Tielemans,Youri Tielemans,"CM, CDM, CAM",85,85,54000000,170000,28,1997-05-07,176,72,13,Premier League,1,2,Aston Villa,CAM,8,,2023-07-01,2027,7,Belgium,,,,Right,4,4,3,,Normal (170-185),Yes,102600000,#Playmaker ,"Pinged Pass +, Power Shot, Incisive Pass, Press Proven",54,79,85,80,75,72,80,77,70,87,83,79,84,78,88,86,51,57,62,85,77,85,68,87,69,76,64,75,77,87,75,88,74,77,80,6,8,10,14,12,,77+3,77+3,77+3,77+0,79+0,79+0,79+0,77+0,80+3,80+3,80+3,79+3,84+1,84+1,84+1,79+3,78+3,81+3,81+3,81+3,78+3,77+3,75+3,75+3,75+3,77+3,18+3,https://cdn.sofifa.net/players/216/393/26_120.png
239231,/player/239231/marc-cucurella-saseta/260004/,26,4,2025-09-19,Marc Cucurella,Marc Cucurella Saseta,LB,84,85,45500000,155000,26,1998-07-22,174,66,13,Premier League,1,5,Chelsea,LB,3,,2022-08-05,2028,45,Spain,1362,LB,22,Left,3,3,3,,Normal (170-185),Yes,89900000,,"Jockey, Block, Press Proven, Relentless",75,64,79,80,82,79,81,61,72,82,55,78,79,63,79,80,77,74,82,84,83,73,86,89,70,63,85,82,76,77,57,79,83,84,82,13,7,9,10,11,,73+3,73+3,73+3,77+0,76+0,76+0,76+0,77+0,77+3,77+3,77+3,78+3,80+3,80+3,80+3,78+3,82+3,82+3,82+3,82+3,82+3,82+3,80+3,80+3,80+3,82+3,18+3,https://cdn.sofifa.net/players/239/231/26_120.png
247394,/player/247394/dejan-kulusevski/260004/,26,4,2025-09-19,D. Kulusevski,Dejan KulusevskiДејан Кулушевски,"CM, RW, CAM",83,86,47500000,125000,25,2000-04-25,186,80,13,Premier League,1,18,Tottenham Hotspur,RES,21,,2023-07-01,2028,46,Sweden,1363,CAM,21,Left,3,4,3,,Normal (185+),Yes,93800000,#Playmaker ,"Finesse Shot, Whipped Pass, Press Proven, Relentless",74,79,84,85,62,81,84,82,52,86,83,88,86,68,78,86,77,72,77,87,72,78,75,91,80,74,74,65,83,86,70,85,62,66,58,14,5,10,10,5,,79+3,79+3,79+3,83+0,83+0,83+0,83+0,83+0,84+2,84+2,84+2,84+2,83+3,83+3,83+3,84+2,76+3,76+3,76+3,76+3,76+3,73+3,68+3,68+3,68+3,73+3,17+3,https://cdn.sofifa.net/players/247/394/26_120.png
218667,/player/218667/bernardo-mota-carvalho-e-silva/260004/,26,4,2025-09-19,Bernardo Silva,Bernardo Mota Veiga de Carvalho e Silva,"CM, RM, CDM, CAM",84,84,40500000,165000,30,1994-08-10,173,65,13,Premier League,1,10,Manchester City,RCM,20,,2017-07-01,2026,38,Portugal,1354,LCM,10,Left,3,4,3,,Lean (170-185),Yes,74900000,"#Dribbler, #Acrobat","Tiki Taka +, Low Driven Shot, Gamechanger, Whipped Pass, Technical, Relentless",61,78,83,89,71,65,82,78,54,86,78,88,84,67,82,88,68,55,93,87,92,79,58,90,47,79,78,73,80,85,64,86,70,76,68,9,10,14,12,9,,76+3,76+3,76+3,82+0,81+0,81+0,81+0,82+0,83+1,83+1,83+1,82+2,84+0,84+0,84+0,82+2,78+3,79+3,79+3,79+3,78+3,75+3,70+3,70+3,70+3,75+3,19+3,https://cdn.sofifa.net/players/218/667/26_120.png
256630,/player/256630/florian-wirtz/260004/,26,4,2025-09-19,F. Wirtz,Florian Richard Wirtz,"CAM, ST, CM",89,93,150500000,190000,22,2003-05-03,177,71,13,Premier League,1,9,Liverpool,CAM,7,,2020-01-31,2030,21,Germany,1337,RAM,17,Right,4,4,5,,Normal (170-185),Yes,289700000,"#Dribbler, #Playmaker , #Crosser, #Acrobat, #Complete midfielder","Incisive Pass +, Finesse Shot, Chip Shot, Low Driven Shot, Inventive, Technical, First Touch",80,82,88,90,54,67,87,84,43,91,81,90,83,74,87,92,82,79,88,88,87,78,65,87,59,84,63,55,85,91,66,86,64,49,44,14,14,13,6,10,,80+3,80+3,80+3,87+0,86+0,86+0,86+0,87+0,88+3,88+3,88+3,88+3,85+3,85+3,85+3,88+3,74+3,73+3,73+3,73+3,74+3,69+3,60+3,60+3,60+3,69+3,20+3,https://cdn.sofifa.net/players/256/630/26_120.png
251479,/player/251479/maxim-de-cuyper/260004/,26,4,2025-09-19,M. De Cuyper,Maxim De Cuyper,"LB, RB, LM",80,86,31000000,78000,24,2000-12-22,183,72,13,Premier League,1,1808,Brighton & Hove Albion,LB,29,,2018-07-01,2030,7,Belgium,,,,Left,4,2,1,,Lean (170-185),Yes,65099999,,"Long Ball Pass, Whipped Pass, Jockey, Press Proven",76,73,80,79,75,75,85,70,65,78,68,78,78,73,79,80,78,75,79,77,78,78,76,87,67,74,79,75,75,81,78,82,76,76,75,11,8,7,7,8,,74+2,74+2,74+2,78+0,77+0,77+0,77+0,78+0,78+2,78+2,78+2,79+2,79+2,79+2,79+2,79+2,79+2,78+2,78+2,78+2,79+2,78+2,74+2,74+2,74+2,78+2,16+2,https://cdn.sofifa.net/players/251/479/26_120.png
236499,/player/236499/douglas-luiz-soares-de-paulo/260004/,26,4,2025-09-19,Douglas Luiz,Douglas Luiz Soares de Paulo,"CM, CDM",80,80,22500000,110000,27,1998-05-09,175,66,13,Premier League,1,14,Nottingham Forest,SUB,12,Juventus,,2026,54,Brazil,,,,Right,2,3,3,,Normal (170-185),Yes,,,Press Proven,67,75,82,80,75,70,81,70,62,81,77,79,80,80,81,84,69,66,74,77,78,79,70,75,65,82,77,76,76,84,81,84,76,78,72,12,6,13,10,7,,74+3,74+3,74+3,78+0,77+0,77+0,77+0,78+0,79+1,79+1,79+1,78+2,80+0,80+0,80+0,78+2,77+3,78+2,78+2,78+2,77+3,75+3,74+3,74+3,74+3,75+3,16+3,https://cdn.sofifa.net/players/236/499/26_120.png
256079,/player/256079/moises-caicedo/260004/,26,4,2025-09-19,M. Caicedo,Moisés Isaac Caicedo Corozo,"CDM, CM",87,89,93000000,170000,23,2001-11-02,178,73,13,Premier League,1,5,Chelsea,RDM,25,,2023-08-14,2031,57,Ecuador,,,,Right,3,3,4,,Normal (170-185),Yes,183700000,"#Tackling , #Tactician ","Slide Tackle +, Pinged Pass, Tiki Taka, Intercept, Anticipate, Press Proven, Relentless",71,64,78,81,84,82,65,57,70,85,60,79,73,55,84,83,76,66,80,84,79,75,80,90,77,72,85,87,63,79,55,83,83,86,87,15,6,13,9,13,,71+3,71+3,71+3,74+0,75+0,75+0,75+0,74+0,77+3,77+3,77+3,76+3,81+3,81+3,81+3,76+3,82+3,85+3,85+3,85+3,82+3,81+3,82+3,82+3,82+3,81+3,19+3,https://cdn.sofifa.net/players/256/079/26_120.png
251517,/player/251517/josko-gvardiol/260004/,26,4,2025-09-19,J. Gvardiol,Joško Gvardiol,"LB, CB, LM",84,87,53500000,130000,23,2002-01-23,185,80,13,Premier League,1,10,Manchester City,LCB,24,,2023-08-05,2028,10,Croatia,1328,LB,4,Left,5,3,3,,Normal (185+),Yes,103000000,,"Block +, Low Driven Shot, Pinged Pass, Jockey",78,71,75,78,84,82,73,68,80,81,60,78,74,59,76,80,77,79,68,85,67,81,88,81,80,74,86,84,69,70,61,81,84,85,84,5,8,6,9,11,,76+3,76+3,76+3,76+0,76+0,76+0,76+0,76+0,76+3,76+3,76+3,77+3,78+3,78+3,78+3,77+3,81+3,82+3,82+3,82+3,81+3,82+3,83+3,83+3,83+3,82+3,17+3,https://cdn.sofifa.net/players/251/517/26_120.png
186345,/player/186345/kieran-trippier/260004/,26,4,2025-09-19,K. Trippier,Kieran John Trippier,"RB, RM",80,80,7500000,115000,34,1990-09-19,173,71,13,Premier League,1,13,Newcastle United,RB,2,,2022-01-07,2026,14,England,,,,Right,4,3,3,,Normal (170-185),Yes,14300000,"#Crosser, #FK Specialist","Dead Ball, Long Ball Pass, Whipped Pass, Long Throw",66,65,83,77,80,71,89,54,79,80,58,76,87,87,83,79,68,64,67,81,79,81,78,74,66,71,76,80,74,81,66,80,80,80,79,11,14,8,11,10,,72+3,72+3,72+3,74+0,74+0,74+0,74+0,74+0,76+3,76+3,76+3,76+3,79+1,79+1,79+1,76+3,79+1,79+1,79+1,79+1,79+1,78+2,78+2,78+2,78+2,78+2,19+3,https://cdn.sofifa.net/players/186/345/26_120.png
233927,/player/233927/lucas-tolentino-coelho-de-lima/260004/,26,4,2025-09-19,Lucas Paquetá,Lucas Tolentino Coelho de Lima,"CM, LM, CAM",80,80,22500000,75000,27,1997-08-27,180,72,13,Premier League,1,19,West Ham United,CAM,10,,2022-08-29,2027,54,Brazil,,,,Left,4,5,3,,Normal (170-185),Yes,42800000,#Dribbler,"Long Ball Pass, Aerial Fortress, Technical, First Touch",68,78,78,84,69,75,74,78,68,80,74,86,77,74,80,85,69,67,75,79,76,77,75,76,73,77,78,71,77,80,82,86,67,73,63,14,9,12,11,11,,77+3,77+3,77+3,79+0,79+0,79+0,79+0,79+0,80+0,80+0,80+0,79+1,80+0,80+0,80+0,79+1,74+3,76+3,76+3,76+3,74+3,72+3,72+3,72+3,72+3,72+3,19+3,https://cdn.sofifa.net/players/233/927/26_120.png
239085,/player/239085/erling-haaland/260004/,26,4,2025-09-19,E. Haaland,Erling Braut Håland,ST,90,92,157000000,260000,24,2000-07-21,195,94,13,Premier League,1,10,Manchester City,ST,9,,2022-07-01,2034,36,Norway,1352,ST,9,Left,3,3,5,,Unique,Yes,302200000,"#Aerial threat, #Distance shooter, #Strength, #Clinical finisher, #Complete forward","Low Driven Shot +, Chip Shot, Power Shot, Precision Header, Acrobatic, Gamechanger, Enforcer",86,91,70,80,45,88,58,94,83,77,90,79,77,62,66,82,79,92,71,93,69,94,92,76,93,83,88,43,95,74,90,86,38,47,29,7,14,13,11,7,,89+3,89+3,89+3,82+0,86+0,86+0,86+0,82+0,82+3,82+3,82+3,80+3,76+3,76+3,76+3,80+3,63+3,64+3,64+3,64+3,63+3,61+3,62+3,62+3,62+3,61+3,19+3,https://cdn.sofifa.net/players/239/085/26_120.png
254243,/player/254243/elliot-anderson/260004/,26,4,2025-09-19,E. Anderson,Elliot Junior Anderson,"CDM, CM",80,85,29500000,78000,22,2002-11-06,179,69,13,Premier League,1,14,Nottingham Forest,LDM,8,,2024-07-01,2029,14,England,,,,Right,4,3,1,,Normal (170-185),No,58300000,,"Block, Aerial Fortress, Technical",71,68,79,81,77,78,79,66,76,82,63,82,79,67,79,81,75,68,76,80,84,74,84,86,73,64,77,78,76,79,65,80,75,79,77,6,12,5,10,7,,74+2,74+2,74+2,77+0,77+0,77+0,77+0,77+0,78+2,78+2,78+2,79+2,79+2,79+2,79+2,79+2,79+2,79+2,79+2,79+2,79+2,78+2,77+2,77+2,77+2,78+2,16+2,https://cdn.sofifa.net/players/254/243/26_120.png
257534,/player/257534/cole-palmer/260004/,26,4,2025-09-19,C. Palmer,Cole Jermaine Palmer,"CAM, RM, ST",87,90,109000000,185000,23,2002-05-06,185,76,13,Premier League,1,5,Chelsea,CAM,10,,2023-09-01,2033,14,England,1318,RES,24,Left,3,4,4,,Lean (185+),Yes,215300000,"#Dribbler, #Playmaker , #Complete midfielder","Inventive +, Finesse Shot, Low Driven Shot, Gamechanger, Incisive Pass, Technical, First Touch",75,83,87,87,50,65,85,82,60,87,70,87,86,81,86,89,76,75,80,88,78,85,71,83,60,85,55,50,87,89,90,89,50,50,40,7,6,10,14,14,,81+3,81+3,81+3,85+0,85+0,85+0,85+0,85+0,86+3,86+3,86+3,85+3,83+3,83+3,83+3,85+3,70+3,69+3,69+3,69+3,70+3,66+3,58+3,58+3,58+3,66+3,19+3,https://cdn.sofifa.net/players/257/534/26_120.png
236015,/player/236015/morgan-gibbs-white/260004/,26,4,2025-09-19,M. Gibbs-White,Morgan Anthony Gibbs-White,"CAM, ST",82,84,38000000,105000,25,2000-01-27,179,66,13,Premier League,1,14,Nottingham Forest,CAM,10,,2022-08-19,2028,14,England,,,,Right,3,4,3,,Normal (170-185),Yes,75100000,,"Gamechanger, Incisive Pass, Inventive, Aerial Fortress, Technical, Relentless",75,77,82,84,60,72,80,77,60,84,72,83,81,72,83,85,76,75,83,82,82,79,74,80,68,75,70,60,80,84,75,84,60,60,57,7,7,14,15,11,,77+3,77+3,77+3,81+0,81+0,81+0,81+0,81+0,82+2,82+2,82+2,81+3,80+3,80+3,80+3,81+3,73+3,73+3,73+3,73+3,73+3,70+3,65+3,65+3,65+3,70+3,18+3,https://cdn.sofifa.net/players/236/015/26_120.png
200458,/player/200458/lucas-digne/260004/,26,4,2025-09-19,L. Digne,Lucas Digne,"LB, LM",80,80,15500000,110000,31,1993-07-20,178,74,13,Premier League,1,2,Aston Villa,LB,12,,2022-01-13,2028,18,France,1335,SUB,3,Left,1,3,2,,Unique,Yes,29500000,#Crosser,"Whipped Pass, Long Throw",69,68,79,76,77,74,86,60,73,78,68,76,83,83,73,77,70,68,72,80,78,81,77,80,69,76,76,77,73,75,60,79,77,79,78,6,12,9,6,13,,72+2,72+2,72+2,75+0,74+0,74+0,74+0,75+0,75+2,75+2,75+2,76+2,76+2,76+2,76+2,76+2,78+2,77+2,77+2,77+2,78+2,78+2,76+2,76+2,76+2,78+2,17+2,https://cdn.sofifa.net/players/200/458/26_120.png
220697,/player/220697/james-maddison/260004/,26,4,2025-09-19,J. Maddison,James Daniel Maddison,"CM, CAM",84,84,42000000,145000,28,1996-11-23,175,73,13,Premier League,1,18,Tottenham Hotspur,RES,10,,2023-06-28,2028,14,England,,,,Right,4,4,3,,Lean (170-185),Yes,79800000,"#Dribbler, #Playmaker , #FK Specialist, #Complete midfielder","Finesse Shot, Dead Ball, Gamechanger, Incisive Pass, Whipped Pass, Inventive",67,81,86,85,58,64,84,80,35,86,77,86,86,87,86,87,70,65,82,80,82,83,56,78,56,82,70,58,83,87,77,87,61,68,45,11,14,14,12,14,,75+3,75+3,75+3,82+0,81+0,81+0,81+0,82+0,84+0,84+0,84+0,82+2,83+1,83+1,83+1,82+2,72+3,73+3,73+3,73+3,72+3,67+3,61+3,61+3,61+3,67+3,20+3,https://cdn.sofifa.net/players/220/697/26_120.png
260247,/player/260247/morgan-rogers/260004/,26,4,2025-09-19,M. Rogers,Morgan Elliot Rogers,"CAM, RM, LM, CM",82,86,44500000,110000,22,2002-07-26,188,80,13,Premier League,1,2,Aston Villa,LM,27,,2024-02-01,2030,14,England,1318,SUB,16,Right,4,4,3,,Normal (185+),No,87900000,,"Incisive Pass, Technical, Enforcer",77,77,79,84,67,79,75,80,64,82,74,86,76,55,78,84,74,79,80,82,74,76,79,83,80,75,70,68,81,83,60,85,68,72,49,7,8,13,11,14,,79+3,79+3,79+3,81+0,81+0,81+0,81+0,81+0,82+3,82+3,82+3,81+3,81+3,81+3,81+3,81+3,74+3,75+3,75+3,75+3,74+3,72+3,70+3,70+3,70+3,72+3,18+3,https://cdn.sofifa.net/players/260/247/26_120.png
241651,/player/241651/viktor-gyokeres/260004/,26,4,2025-09-19,V. Gyökeres,Viktor Einar Gyökeres,ST,87,88,93000000,240000,27,1998-06-04,189,94,13,Premier League,1,1,Arsenal,ST,14,,2025-07-26,2030,46,Sweden,1363,LS,17,Right,4,3,4,,Stocky (185+),Yes,179000000,"#Speedster, #Strength, #Clinical finisher, #Complete forward","Enforcer +, Finesse Shot, Power Shot, Acrobatic, Low Driven Shot, Press Proven, Quick Step",90,86,73,81,36,91,72,88,81,78,77,80,72,71,58,83,88,92,82,87,72,88,95,93,91,80,87,28,88,79,88,85,34,34,16,10,13,11,14,8,,86+2,86+2,86+2,83+0,84+0,84+0,84+0,83+0,82+3,82+3,82+3,82+3,74+3,74+3,74+3,82+3,62+3,60+3,60+3,60+3,62+3,58+3,55+3,55+3,55+3,58+3,20+3,https://cdn.sofifa.net/players/241/651/26_120.png
272500,/player/272500/carlos-baleba/260004/,26,4,2025-09-19,C. Baleba,Carlos Noom Quomah Baleba,"CDM, CM",81,87,38000000,70000,21,2004-01-03,183,77,13,Premier League,1,1808,Brighton & Hove Albion,RDM,17,,2023-08-29,2028,103,Cameroon,,,,Left,3,3,3,,Normal (170-185),Yes,79800000,,"Power Shot, Aerial Fortress, Technical",74,70,75,80,79,79,65,63,67,81,67,82,75,50,80,80,75,74,75,80,77,85,80,81,79,75,78,83,67,76,50,80,76,82,79,11,6,8,14,13,,74+3,74+3,74+3,75+0,76+0,76+0,76+0,75+0,77+3,77+3,77+3,76+3,79+3,79+3,79+3,76+3,78+3,80+3,80+3,80+3,78+3,78+3,78+3,78+3,78+3,78+3,18+3,https://cdn.sofifa.net/players/272/500/26_120.png
245367,/player/245367/xavi-simons/260004/,26,4,2025-09-19,X. Simons,Xavier Quentin Shay Simons,"CAM, LM, ST",84,87,58500000,125000,22,2003-04-21,179,58,13,Premier League,1,18,Tottenham Hotspur,SUB,7,,2025-08-29,2030,34,Netherlands,105035,SUB,7,Right,3,4,3,,Lean (170-185),Yes,115500000,"#Dribbler, #Acrobat","Finesse Shot, Incisive Pass, Tiki Taka, Inventive, Technical, First Touch",77,77,80,87,61,70,74,79,60,84,62,87,82,65,79,86,83,72,90,85,87,78,68,82,62,81,76,65,79,85,61,81,60,62,56,9,11,5,8,10,,78+3,78+3,78+3,82+0,82+0,82+0,82+0,82+0,84+3,84+3,84+3,82+3,81+3,81+3,81+3,82+3,73+3,74+3,74+3,74+3,73+3,71+3,66+3,66+3,66+3,71+3,18+3,https://cdn.sofifa.net/players/245/367/26_120.png
199503,/player/199503/granit-xhaka/260004/,26,4,2025-09-19,G. Xhaka,Granit Xhaka,"CDM, CM",85,85,36000000,105000,32,1992-09-27,186,80,13,Premier League,1,106,Sunderland,CDM,34,,2025-07-30,2028,47,Switzerland,,,,Left,3,3,3,,Normal (185+),Yes,68400000,,"Long Ball Pass +, Finesse Shot, Power Shot, Incisive Pass, Aerial Fortress, Bruiser",47,75,85,74,78,82,77,67,72,89,55,73,80,78,90,82,40,53,51,86,61,89,70,84,78,84,90,77,76,85,65,84,80,79,75,7,8,11,7,13,,74+3,74+3,74+3,74+0,76+0,76+0,76+0,74+0,78+3,78+3,78+3,76+3,83+2,83+2,83+2,76+3,77+3,83+2,83+2,83+2,77+3,76+3,79+3,79+3,79+3,76+3,17+3,https://cdn.sofifa.net/players/199/503/26_120.png
260908,/player/260908/milos-kerkez/260004/,26,4,2025-09-19,M. Kerkez,Milos KerkezМилош Керкез,"LB, LM",82,86,41500000,81000,21,2003-11-07,180,71,13,Premier League,1,9,Liverpool,LB,6,,2023-07-20,2030,23,Hungary,1886,LB,11,Left,3,3,3,,Normal (170-185),Yes,79900000,,"Whipped Pass, Slide Tackle, Rapid",87,59,75,78,77,80,81,53,60,77,53,77,77,52,68,77,88,87,83,78,84,80,74,90,75,53,83,78,76,76,50,76,78,80,83,8,13,10,13,13,,71+3,71+3,71+3,75+0,74+0,74+0,74+0,75+0,75+3,75+3,75+3,77+3,75+3,75+3,75+3,77+3,81+3,78+3,78+3,78+3,81+3,80+3,77+3,77+3,77+3,80+3,19+3,https://cdn.sofifa.net/players/260/908/26_120.png
188377,/player/188377/kyle-walker/260004/,26,4,2025-09-19,K. Walker,Kyle Andrew Walker,"RB, RM",79,79,5500000,48000,35,1990-05-28,183,83,13,Premier League,1,1796,Burnley,RB,2,,2025-07-05,2027,14,England,1318,SUB,2,Right,2,3,3,,Unique,Yes,10500000,,"Power Shot, Jockey, Rapid, Long Throw",80,64,75,76,77,78,76,51,72,78,57,78,76,71,78,78,78,81,66,78,66,87,85,72,77,69,84,77,68,69,63,75,75,79,80,12,6,16,15,8,,72+3,72+3,72+3,73+0,73+0,73+0,73+0,73+0,73+3,73+3,73+3,75+3,75+3,75+3,75+3,75+3,77+2,77+2,77+2,77+2,77+2,77+2,78+1,78+1,78+1,77+2,18+3,https://cdn.sofifa.net/players/188/377/26_120.png
207410,/player/207410/mateo-kovacic/260004/,26,4,2025-09-19,M. Kovačić,Mateo Kovačić,"CM, CDM, CAM",83,83,30000000,150000,31,1994-05-06,178,77,13,Premier League,1,10,Manchester City,RES,8,,2023-06-27,2027,10,Croatia,1328,RCM,8,Right,4,3,3,,Normal (170-185),Yes,55500000,,"Incisive Pass, Press Proven",67,74,81,83,73,72,73,68,42,86,76,84,78,70,84,85,70,64,76,84,75,81,62,77,68,85,77,77,76,82,59,84,75,77,79,9,5,6,7,7,,73+3,73+3,73+3,79+0,79+0,79+0,79+0,79+0,81+2,81+2,81+2,79+3,82+1,82+1,82+1,79+3,78+3,80+3,80+3,80+3,78+3,76+3,73+3,73+3,73+3,76+3,15+3,https://cdn.sofifa.net/players/207/410/26_120.png
237692,/player/237692/phil-foden/260004/,26,4,2025-09-19,P. Foden,Philip Walter Foden,"RW, CM, LW, RM",85,88,71500000,180000,25,2000-05-28,171,70,13,Premier League,1,10,Manchester City,SUB,47,,2016-12-06,2027,14,England,1318,RW,7,Left,3,4,3,,Unique,Yes,137600000,"#Dribbler, #Acrobat","Low Driven Shot, Gamechanger, Inventive, Technical, First Touch",81,81,82,89,57,57,80,82,47,82,59,89,88,74,81,89,83,79,92,82,92,89,59,83,41,81,64,59,83,83,64,85,60,59,47,8,15,6,10,13,,78+3,78+3,78+3,84+0,84+0,84+0,84+0,84+0,84+3,84+3,84+3,84+3,81+3,81+3,81+3,84+3,73+3,70+3,70+3,70+3,73+3,69+3,59+3,59+3,59+3,69+3,19+3,https://cdn.sofifa.net/players/237/692/26_120.png
253124,/player/253124/matheus-luiz-nunes/260004/,26,4,2025-09-19,Matheus Nunes,Matheus Luiz Nunes,"RB, CM, RM",79,80,19000000,105000,26,1998-08-27,184,78,13,Premier League,1,10,Manchester City,RB,27,,2023-09-01,2028,38,Portugal,1354,RES,18,Right,3,3,1,,Lean (170-185),No,36600000,,Press Proven,85,70,76,79,73,76,73,69,53,80,59,79,74,58,79,80,78,91,78,78,71,77,74,79,74,68,76,78,75,77,62,75,74,75,74,13,10,12,12,13,,74+2,74+2,74+2,77+0,77+0,77+0,77+0,77+0,78+2,78+2,78+2,78+2,78+2,78+2,78+2,78+2,78+2,77+2,77+2,77+2,78+2,77+2,74+2,74+2,74+2,77+2,19+2,https://cdn.sofifa.net/players/253/124/26_120.png
242516,/player/242516/cody-gakpo/260004/,26,4,2025-09-19,C. Gakpo,Cody Mathès Gakpo,"LM, LW",84,85,49500000,140000,26,1999-05-07,189,76,13,Premier League,1,9,Liverpool,LM,18,,2023-01-03,2030,34,Netherlands,105035,LW,11,Right,4,4,3,,Lean (185+),Yes,95300000,,"Finesse Shot, Precision Header, Whipped Pass, First Touch, Press Proven",83,82,80,83,47,74,83,81,81,81,78,86,82,76,75,85,85,82,75,83,67,88,89,76,75,83,63,45,83,81,68,83,42,48,31,15,11,7,9,5,,83+2,83+2,83+2,83+0,83+0,83+0,83+0,83+0,82+3,82+3,82+3,83+2,78+3,78+3,78+3,83+2,66+3,64+3,64+3,64+3,66+3,63+3,59+3,59+3,59+3,63+3,18+3,https://cdn.sofifa.net/players/242/516/26_120.png
273018,/player/273018/andrey-n-dos-santos/260004/,26,4,2025-09-19,Andrey Santos,Andrey Nascimento dos Santos,"CM, CDM",80,87,42500000,86000,21,2004-05-03,180,75,13,Premier League,1,5,Chelsea,SUB,17,,2023-01-06,2030,54,Brazil,,,,Right,3,3,1,,Normal (170-185),Yes,89300000,,"Precision Header, Tiki Taka, Slide Tackle, Aerial Fortress",74,69,74,78,77,80,56,69,81,82,53,77,68,52,79,80,77,71,77,79,69,73,88,91,75,72,78,78,77,79,54,80,69,81,81,5,10,15,12,8,,75+2,75+2,75+2,75+0,77+0,77+0,77+0,75+0,78+2,78+2,78+2,76+2,80+2,80+2,80+2,76+2,77+2,79+2,79+2,79+2,77+2,77+2,78+2,78+2,78+2,77+2,17+2,https://cdn.sofifa.net/players/273/018/26_120.png
221697,/player/221697/ollie-watkins/260004/,26,4,2025-09-19,O. Watkins,Oliver George Arthur Watkins,ST,84,84,42000000,170000,29,1995-12-30,180,70,13,Premier League,1,2,Aston Villa,ST,11,,2020-09-09,2028,14,England,,,,Right,4,3,3,,Normal (170-185),Yes,79800000,,"Chip Shot, Precision Header, Low Driven Shot, Relentless",77,83,73,80,50,80,67,85,85,79,84,81,74,63,64,79,77,77,78,85,70,84,89,88,76,76,76,55,87,77,74,77,45,46,36,14,14,14,6,10,,83+1,83+1,83+1,79+0,81+0,81+0,81+0,79+0,80+3,80+3,80+3,79+3,76+3,76+3,76+3,79+3,66+3,66+3,66+3,66+3,66+3,64+3,62+3,62+3,62+3,64+3,19+3,https://cdn.sofifa.net/players/221/697/26_120.png
183711,/player/183711/jordan-henderson/260004/,26,4,2025-09-19,J. Henderson,Jordan Brian Henderson,"CDM, CM",79,79,4900000,56000,35,1990-06-17,182,80,13,Premier League,1,1925,Brentford,RDM,6,,2025-07-15,2027,14,England,1318,SUB,8,Right,3,3,3,,Normal (170-185),Yes,9300000,,"Incisive Pass, Long Ball Pass, Anticipate",65,71,80,74,75,77,81,69,63,81,70,74,80,70,83,78,62,67,62,79,65,77,74,77,77,72,80,78,75,78,67,78,77,76,74,7,13,7,9,13,,73+3,73+3,73+3,74+0,74+0,74+0,74+0,74+0,76+3,76+3,76+3,76+3,78+1,78+1,78+1,76+3,77+2,78+1,78+1,78+1,77+2,75+3,76+3,76+3,76+3,75+3,18+3,https://cdn.sofifa.net/players/183/711/26_120.png
248148,/player/248148/martin-zubimendi-ibanez/260004/,26,4,2025-09-19,Zubimendi,Martín Zubimendi Ibáñez,"CDM, CM",83,87,45500000,150000,26,1999-02-02,180,74,13,Premier League,1,1,Arsenal,CDM,36,,2018-07-01,2030,45,Spain,1362,CDM,18,Right,4,3,3,,Normal (170-185),Yes,87600000,,"Intercept, Aerial Fortress",66,68,79,79,80,73,70,69,65,83,70,77,73,56,83,83,67,66,74,84,75,65,71,85,67,73,74,83,79,83,45,83,81,82,79,7,6,12,14,13,,73+3,73+3,73+3,76+0,77+0,77+0,77+0,76+0,79+3,79+3,79+3,78+3,82+3,82+3,82+3,78+3,79+3,82+3,82+3,82+3,79+3,79+3,77+3,77+3,77+3,79+3,18+3,https://cdn.sofifa.net/players/248/148/26_120.png
216267,/player/216267/andrew-robertson/260004/,26,4,2025-09-19,A. Robertson,Andrew Henry Robertson,"LB, LM",82,82,22000000,115000,31,1994-03-11,178,64,13,Premier League,1,9,Liverpool,SUB,26,,2017-07-21,2026,42,Scotland,1359,LB,3,Left,2,3,3,,Unique,Yes,40700000,#Crosser,"Relentless +, Whipped Pass",74,61,80,77,79,75,86,55,70,80,32,76,82,71,75,79,75,74,75,81,74,76,76,81,67,65,85,80,76,79,55,81,78,80,81,11,8,10,7,14,,71+3,71+3,71+3,75+0,74+0,74+0,74+0,75+0,76+3,76+3,76+3,77+3,78+3,78+3,78+3,77+3,80+2,79+3,79+3,79+3,80+2,80+2,78+3,78+3,78+3,80+2,18+3,https://cdn.sofifa.net/players/216/267/26_120.png
237646,/player/237646/daniel-munoz/260004/,26,4,2025-09-19,D. Muñoz,Daniel Muñoz Mejía,"RB, RM",81,81,22500000,95000,29,1996-05-26,181,73,13,Premier League,1,1799,Crystal Palace,RB,2,,2024-01-30,2028,56,Colombia,,,,Right,3,3,3,,Lean (170-185),No,42800000,,"Jockey, Anticipate, Rapid, Relentless",75,69,72,76,79,81,77,72,78,77,73,76,66,34,72,77,76,74,74,80,78,77,85,88,74,52,88,77,76,69,58,76,75,82,82,7,14,12,7,6,,75+3,75+3,75+3,75+0,75+0,75+0,75+0,75+0,74+3,74+3,74+3,76+3,75+3,75+3,75+3,76+3,79+2,78+3,78+3,78+3,79+2,79+2,79+2,79+2,79+2,79+2,17+3,https://cdn.sofifa.net/players/237/646/26_120.png
235794,/player/235794/eberechi-eze/260004/,26,4,2025-09-19,E. Eze,Eberechi Oluchi Eze,"CAM, LW, ST",83,84,42000000,160000,27,1998-06-29,178,67,13,Premier League,1,1,Arsenal,SUB,10,,2025-08-23,2029,14,England,1318,SUB,15,Right,4,4,3,,Normal (170-185),Yes,80900000,"#Dribbler, #Acrobat","Finesse Shot, Power Shot, Dead Ball, Gamechanger, Inventive, Technical, First Touch",74,80,81,87,50,68,76,79,56,83,79,87,82,77,78,87,73,75,87,82,89,81,71,76,68,82,58,52,80,83,76,87,40,58,42,10,12,9,14,10,,78+3,78+3,78+3,82+0,82+0,82+0,82+0,82+0,83+1,83+1,83+1,81+3,80+3,80+3,80+3,81+3,68+3,67+3,67+3,67+3,68+3,64+3,58+3,58+3,58+3,64+3,19+3,https://cdn.sofifa.net/players/235/794/26_120.png
240243,/player/240243/matheus-santos-carneiro-da-cunha/260004/,26,4,2025-09-19,Matheus Cunha,Matheus Santos Carneiro da Cunha,"CAM, LW, ST",83,85,45000000,115000,26,1999-05-27,183,76,13,Premier League,1,11,Manchester United,LW,10,,2025-07-01,2030,54,Brazil,,,,Right,4,4,3,,Lean (170-185),Yes,88900000,#Distance shooter,"Power Shot, Dead Ball, Inventive, First Touch, Trickster",77,85,79,84,44,75,79,85,68,81,78,85,83,70,75,87,78,76,76,82,74,87,79,82,73,88,72,42,80,81,76,83,43,41,39,8,7,13,13,11,,81+3,81+3,81+3,82+0,83+0,83+0,83+0,82+0,82+3,82+3,82+3,82+3,78+3,78+3,78+3,82+3,66+3,65+3,65+3,65+3,66+3,62+3,57+3,57+3,57+3,62+3,18+3,https://cdn.sofifa.net/players/240/243/26_120.png
213884,/player/213884/ryan-christie/260004/,26,4,2025-09-19,R. Christie,Ryan Christie,"CDM, CM, CAM",79,79,14500000,75000,30,1995-02-12,178,70,13,Premier League,1,1943,AFC Bournemouth,SUB,10,,2021-08-31,2027,42,Scotland,1359,SUB,11,Left,4,3,1,,Lean (170-185),Yes,27600000,,"Intercept, Relentless",69,70,77,78,74,76,72,68,53,80,50,77,75,70,79,77,73,66,78,80,80,77,69,85,69,70,82,81,74,77,73,79,74,76,74,13,9,12,7,8,,71+2,71+2,71+2,75+0,75+0,75+0,75+0,75+0,76+2,76+2,76+2,76+2,78+1,78+1,78+1,76+2,77+2,78+1,78+1,78+1,77+2,75+2,74+2,74+2,74+2,75+2,17+2,https://cdn.sofifa.net/players/213/884/26_120.png
241508,/player/241508/mikkel-damsgaard/260004/,26,4,2025-09-19,M. Damsgaard,Mikkel Krogh Damsgaard,"CAM, CM",80,83,29000000,71000,24,2000-07-03,180,70,13,Premier League,1,1925,Brentford,CAM,24,,2022-08-10,2030,13,Denmark,1331,SUB,14,Right,3,4,1,,Lean (170-185),Yes,57300000,,"Incisive Pass, Pinged Pass, Whipped Pass, Inventive, Technical",68,73,82,81,66,67,79,74,52,83,68,81,82,78,82,80,70,66,82,80,86,72,65,78,62,74,68,69,78,84,64,81,60,74,64,6,10,14,11,7,,73+2,73+2,73+2,78+0,77+0,77+0,77+0,78+0,80+2,80+2,80+2,79+2,80+2,80+2,80+2,79+2,74+2,74+2,74+2,74+2,74+2,72+2,67+2,67+2,67+2,72+2,17+2,https://cdn.sofifa.net/players/241/508/26_120.png
210047,/player/210047/fabian-schar/260004/,26,4,2025-09-19,F. Schär,Fabian Lukas Schär,CB,82,82,14500000,135000,33,1991-12-20,188,84,13,Premier League,1,13,Newcastle United,RCB,5,,2018-07-26,2026,47,Switzerland,,,,Right,3,2,3,,Normal (185+),Yes,27600000,,"Power Shot, Precision Header, Long Ball Pass, Intercept",51,68,76,73,84,80,67,60,82,80,64,74,65,69,83,78,50,51,53,83,64,80,80,78,80,74,80,85,64,79,78,82,85,84,80,8,9,11,10,15,,71+3,71+3,71+3,69+0,72+0,72+0,72+0,69+0,73+3,73+3,73+3,71+3,79+3,79+3,79+3,71+3,76+3,82+0,82+0,82+0,76+3,77+3,82+0,82+0,82+0,77+3,19+3,https://cdn.sofifa.net/players/210/047/26_120.png
226162,/player/226162/emiliano-buendia/260004/,26,4,2025-09-19,E. Buendía,Emiliano Buendía Stati,"CAM, LM, RM, CM",77,77,10500000,90000,28,1996-12-25,172,72,13,Premier League,1,2,Aston Villa,SUB,10,,2021-06-10,2026,52,Argentina,,,,Right,4,4,2,,Stocky (170-185),Yes,20000000,,"Slide Tackle, Technical",66,74,78,81,66,66,78,74,75,80,68,81,81,74,75,80,74,60,84,74,90,77,77,60,61,75,83,60,75,78,62,77,67,68,61,11,10,13,7,9,,74+2,74+2,74+2,77+0,76+0,76+0,76+0,77+0,77+0,77+0,77+0,76+1,75+2,75+2,75+2,76+1,70+2,71+2,71+2,71+2,70+2,68+2,69+2,69+2,69+2,68+2,17+2,https://cdn.sofifa.net/players/226/162/26_120.png
242964,/player/242964/anthony-gordon/260004/,26,4,2025-09-19,A. Gordon,Anthony Michael Gordon,"LW, RW, LM",83,86,49500000,135000,24,2001-02-24,183,72,13,Premier League,1,13,Newcastle United,LW,10,,2023-01-29,2027,14,England,1318,SUB,18,Right,3,3,3,,Lean (170-185),Yes,97800000,#Speedster,"Finesse Shot, Whipped Pass, Rapid, Quick Step",91,79,78,83,50,72,81,81,59,79,74,85,82,74,66,83,89,92,78,83,71,78,75,87,61,76,80,40,82,81,70,81,49,56,48,5,6,14,7,8,,79+3,79+3,79+3,83+0,82+0,82+0,82+0,83+0,81+3,81+3,81+3,83+3,76+3,76+3,76+3,83+3,70+3,66+3,66+3,66+3,70+3,67+3,59+3,59+3,59+3,67+3,15+3,https://cdn.sofifa.net/players/242/964/26_120.png
203376,/player/203376/virgil-van-dijk/260004/,26,4,2025-09-19,V. van Dijk,Virgil van Dijk,CB,90,90,57000000,230000,33,1991-07-08,193,92,13,Premier League,1,9,Liverpool,LCB,4,,2018-01-01,2027,34,Netherlands,105035,LCB,4,Right,3,2,5,,Unique,Yes,105500000,"#Tackling , #Tactician , #Strength, #Complete defender","Intercept +, Precision Header, Pinged Pass, Jockey, Anticipate, Aerial Fortress, Bruiser",73,60,72,72,90,87,53,52,88,80,45,70,60,70,83,77,66,78,54,90,50,81,89,75,93,64,85,91,47,70,62,90,91,91,87,13,10,13,11,11,,70+3,70+3,70+3,67+0,70+0,70+0,70+0,67+0,71+3,71+3,71+3,70+3,76+3,76+3,76+3,70+3,79+3,85+3,85+3,85+3,79+3,82+3,89+1,89+1,89+1,82+3,20+3,https://cdn.sofifa.net/players/203/376/26_120.png
242434,/player/242434/curtis-jones/260004/,26,4,2025-09-19,C. Jones,Curtis Jones,"CAM, CM, CDM",80,83,29000000,89000,24,2001-01-30,185,75,13,Premier League,1,9,Liverpool,SUB,17,,2018-02-01,2027,14,England,1318,RDM,17,Right,4,4,1,,Unique,Yes,55800000,,"Finesse Shot, Press Proven",74,74,76,82,72,76,67,75,55,83,69,84,75,51,79,82,68,79,74,80,73,77,71,83,74,73,74,71,79,79,60,82,72,77,71,6,13,7,11,7,,76+2,76+2,76+2,78+0,79+0,79+0,79+0,78+0,80+2,80+2,80+2,79+2,80+2,80+2,80+2,79+2,76+2,77+2,77+2,77+2,76+2,74+2,73+2,73+2,73+2,74+2,17+2,https://cdn.sofifa.net/players/242/434/26_120.png
259583,/player/259583/destiny-udogie/260004/,26,4,2025-09-19,D. Udogie,Iyenoma Destiny Udogie,LB,80,84,28500000,84000,22,2002-11-28,186,73,13,Premier League,1,18,Tottenham Hotspur,SUB,13,,2022-08-17,2030,27,Italy,,,,Left,3,3,3,,Normal (185+),Yes,56300000,,"Whipped Pass, Block, Quick Step",88,64,73,78,76,79,80,64,68,77,58,80,64,51,65,79,86,89,74,78,70,74,85,79,77,59,81,79,76,75,46,78,77,77,74,8,14,11,10,14,,74+3,74+3,74+3,77+0,76+0,76+0,76+0,77+0,76+3,76+3,76+3,78+3,75+3,75+3,75+3,78+3,79+3,76+3,76+3,76+3,79+3,78+3,77+3,77+3,77+3,78+3,19+3,https://cdn.sofifa.net/players/259/583/26_120.png
235152,/player/235152/ferdi-kadioglu/260004/,26,4,2025-09-19,F. Kadıoğlu,Ferdi Erenay Kadıoğlu,"RB, LB, RM",79,81,20000000,81000,25,1999-10-07,174,68,13,Premier League,1,1808,Brighton & Hove Albion,SUB,24,,2024-08-27,2028,48,Türkiye,,,,Right,4,3,3,,Normal (170-185),No,39500000,,"Whipped Pass, Jockey, Rapid, First Touch, Quick Step, Relentless",82,68,74,80,76,67,75,65,66,78,63,79,73,63,70,78,88,77,89,75,86,73,71,79,62,72,62,75,73,73,52,73,77,77,77,10,13,11,11,5,,72+3,72+3,72+3,76+0,75+0,75+0,75+0,76+0,76+3,76+3,76+3,76+3,75+3,75+3,75+3,76+3,77+3,75+3,75+3,75+3,77+3,77+3,73+3,73+3,73+3,77+3,17+3,https://cdn.sofifa.net/players/235/152/26_120.png
213991,/player/213991/jefferson-lerma/260004/,26,4,2025-09-19,J. Lerma,Jefferson Andrés Lerma Solís,"CDM, CM, CB",77,77,9000000,71000,30,1994-10-25,179,70,13,Premier League,1,1799,Crystal Palace,SUB,8,,2023-07-01,2026,56,Colombia,,,,Right,3,3,1,,Normal (170-185),Yes,17100000,,"Intercept, Anticipate, Slide Tackle, Aerial Fortress, Relentless, Bruiser",68,71,70,74,76,79,65,65,77,74,78,74,67,61,80,75,65,71,65,77,75,83,88,80,73,75,88,77,60,63,58,72,75,76,76,16,14,11,7,9,,72+2,72+2,72+2,70+0,71+0,71+0,71+0,70+0,71+2,71+2,71+2,71+2,73+2,73+2,73+2,71+2,74+2,76+1,76+1,76+1,74+2,74+2,77+0,77+0,77+0,74+2,19+2,https://cdn.sofifa.net/players/213/991/26_120.png
256675,/player/256675/omar-marmoush/260004/,26,4,2025-09-19,O. Marmoush,Omar Khaled Mohamed Marmoush,"ST, CAM, LW",84,85,50500000,175000,26,1999-02-07,183,81,13,Premier League,1,10,Manchester City,LW,7,,2025-01-23,2029,111,Egypt,,,,Right,3,4,3,,Normal (170-185),Yes,97200000,"#Dribbler, #Acrobat, #Clinical finisher, #Complete forward","Finesse Shot, Dead Ball, Technical",89,85,76,86,34,71,64,87,69,85,82,87,77,84,63,86,87,90,89,85,78,85,80,76,67,84,72,34,87,79,79,84,31,30,21,11,13,15,8,11,,84+1,84+1,84+1,84+0,85+0,85+0,85+0,84+0,84+1,84+1,84+1,82+3,76+3,76+3,76+3,82+3,61+3,59+3,59+3,59+3,61+3,57+3,51+3,51+3,51+3,57+3,19+3,https://cdn.sofifa.net/players/256/675/26_120.png
227535,/player/227535/rodrigo-bentancur/260004/,26,4,2025-09-19,R. Bentancur,Rodrigo Bentancur Colmán,"CDM, CM",80,81,20500000,100000,28,1997-06-25,187,73,13,Premier League,1,18,Tottenham Hotspur,SUB,30,,2022-01-31,2026,60,Uruguay,,,,Right,4,3,3,,Lean (185+),Yes,40500000,,First Touch,64,68,78,79,78,72,74,68,64,82,71,81,71,68,80,81,63,65,64,78,69,71,70,72,70,65,78,83,73,78,67,82,78,80,77,8,7,14,14,12,,72+3,72+3,72+3,75+0,75+0,75+0,75+0,75+0,76+3,76+3,76+3,76+3,79+2,79+2,79+2,76+3,77+3,79+2,79+2,79+2,77+3,76+3,77+3,77+3,77+3,76+3,18+3,https://cdn.sofifa.net/players/227/535/26_120.png
227813,/player/227813/oleksandr-zinchenko/260004/,26,4,2025-09-19,O. Zinchenko,Oleksandr ZinchenkoЗінченко Олександр Володимирович,LB,77,77,9500000,100000,28,1996-12-15,175,64,13,Premier League,1,14,Nottingham Forest,SUB,35,Arsenal,,2026,49,Ukraine,1366,SUB,17,Left,3,3,2,,Lean (170-185),Yes,,,Pinged Pass,63,66,79,78,76,62,80,58,70,79,61,78,83,76,79,78,67,59,79,77,79,78,66,68,53,73,74,78,75,78,58,78,75,78,77,15,11,13,11,11,,70+2,70+2,70+2,74+0,74+0,74+0,74+0,74+0,75+2,75+2,75+2,74+2,77+0,77+0,77+0,74+2,75+2,76+1,76+1,76+1,75+2,75+2,73+2,73+2,73+2,75+2,19+2,https://cdn.sofifa.net/players/227/813/26_120.png
239301,/player/239301/lisandro-martinez/260004/,26,4,2025-09-19,L. Martínez,Lisandro Martínez,CB,81,82,26000000,90000,27,1998-01-18,178,77,13,Premier League,1,11,Manchester United,RES,6,,2022-07-27,2027,52,Argentina,1369,LCB,25,Left,3,3,3,,Normal (170-185),Yes,51400000,,"Intercept, Slide Tackle, Bruiser",67,59,75,75,81,80,72,52,75,79,56,74,74,55,76,77,70,65,69,80,75,73,88,73,77,64,92,84,62,76,55,79,81,81,84,6,14,13,14,8,,68+3,68+3,68+3,71+0,71+0,71+0,71+0,71+0,72+3,72+3,72+3,72+3,76+3,76+3,76+3,72+3,78+3,80+2,80+2,80+2,78+3,78+3,81+1,81+1,81+1,78+3,18+3,https://cdn.sofifa.net/players/239/301/26_120.png
266127,/player/266127/lewis-hall/260004/,26,4,2025-09-19,L. Hall,Lewis Kieran Hall,LB,80,86,30500000,81000,20,2004-09-08,179,71,13,Premier League,1,13,Newcastle United,SUB,3,,2024-07-01,2029,14,England,,,,Left,3,2,1,,Normal (170-185),Yes,64099999,,"Whipped Pass, Block, Press Proven",77,62,78,79,77,64,83,60,64,78,62,79,81,70,76,79,78,76,80,79,85,65,71,80,56,62,60,77,68,77,55,75,77,79,80,14,8,9,8,14,,69+2,69+2,69+2,75+0,73+0,73+0,73+0,75+0,75+2,75+2,75+2,77+2,76+2,76+2,76+2,77+2,79+2,76+2,76+2,76+2,79+2,78+2,73+2,73+2,73+2,78+2,18+2,https://cdn.sofifa.net/players/266/127/26_120.png
237386,/player/237386/kiernan-dewsbury-hall/260004/,26,4,2025-09-19,K. Dewsbury-Hall,Kiernan Frank Dewsbury-Hall,"CM, CAM, CDM",77,78,12500000,40000,26,1998-09-06,176,80,13,Premier League,1,7,Everton,CAM,22,,2025-08-06,2030,14,England,,,,Left,3,3,1,,Unique,Yes,24700000,,Incisive Pass,66,72,77,78,70,71,73,70,65,79,70,78,77,70,77,79,67,65,77,76,78,75,71,75,66,73,77,71,75,77,65,77,70,72,68,12,15,9,10,7,,73+2,73+2,73+2,75+0,75+0,75+0,75+0,75+0,76+2,76+2,76+2,75+2,77+1,77+1,77+1,75+2,73+2,74+2,74+2,74+2,73+2,72+2,71+2,71+2,71+2,72+2,18+2,https://cdn.sofifa.net/players/237/386/26_120.png
234574,/player/234574/jose-diogo-dalot-teixeira/260004/,26,4,2025-09-19,Diogo Dalot,José Diogo Dalot Teixeira,"RB, LB, RM",79,81,20000000,80000,26,1999-03-18,183,76,13,Premier League,1,11,Manchester United,SUB,2,,2018-06-09,2028,38,Portugal,1354,RB,5,Right,4,4,3,,Normal (170-185),Yes,39500000,,"Long Ball Pass, Intercept, Slide Tackle, Long Throw",85,63,74,77,76,78,75,54,71,76,44,78,79,52,74,76,84,86,74,75,74,81,85,81,74,69,82,78,75,75,47,76,74,76,78,10,6,10,6,8,,72+3,72+3,72+3,75+0,74+0,74+0,74+0,75+0,75+3,75+3,75+3,76+3,75+3,75+3,75+3,76+3,78+3,76+3,76+3,76+3,78+3,77+3,76+3,76+3,76+3,77+3,15+3,https://cdn.sofifa.net/players/234/574/26_120.png
224371,/player/224371/jarrod-bowen/260004/,26,4,2025-09-19,J. Bowen,Jarrod Bowen,"RM, ST, RW",83,83,36500000,100000,28,1996-12-20,175,70,13,Premier League,1,19,West Ham United,RS,20,,2020-01-31,2030,14,England,1318,SUB,20,Left,4,4,3,,Normal (170-185),Yes,69400000,,"Precision Header, Low Driven Shot, Gamechanger, Technical",76,81,78,82,46,70,80,84,82,80,73,82,75,70,73,82,78,74,79,84,81,80,84,83,66,80,62,37,83,79,75,80,49,41,37,14,8,14,10,7,,81+2,81+2,81+2,81+0,81+0,81+0,81+0,81+0,81+2,81+2,81+2,81+2,76+3,76+3,76+3,81+2,65+3,63+3,63+3,63+3,65+3,62+3,57+3,57+3,57+3,62+3,18+3,https://cdn.sofifa.net/players/224/371/26_120.png
253149,/player/253149/jeremie-frimpong/260004/,26,4,2025-09-19,J. Frimpong,Jeremie Agyekum Frimpong,"RB, RM, RW",83,85,43500000,105000,24,2000-12-10,172,65,13,Premier League,1,9,Liverpool,RB,30,,2021-01-27,2030,34,Netherlands,105035,RW,12,Right,3,3,3,,Normal (170-185),Yes,83700000,"#Speedster, #Acrobat","Slide Tackle, Rapid, Quick Step",94,62,74,84,72,63,82,66,54,78,58,85,77,47,63,83,95,93,89,84,88,62,68,85,47,53,75,77,82,73,43,76,74,71,79,12,7,8,13,14,,73+3,73+3,73+3,81+0,78+0,78+0,78+0,81+0,79+3,79+3,79+3,81+3,76+3,76+3,76+3,81+3,81+3,75+3,75+3,75+3,81+3,80+3,71+3,71+3,71+3,80+3,19+3,https://cdn.sofifa.net/players/253/149/26_120.png
233731,/player/233731/alexander-isak/260004/,26,4,2025-09-19,A. Isak,Alexander Isak,ST,88,89,111000000,200000,25,1999-09-21,192,77,13,Premier League,1,9,Liverpool,SUB,9,,2025-09-01,2031,46,Sweden,1363,RS,9,Right,4,4,4,,Lean (185+),Yes,213700000,"#Distance shooter, #Clinical finisher","Finesse Shot +, Power Shot, Low Driven Shot, Gamechanger, Rapid, First Touch",83,89,73,85,39,76,68,91,82,79,81,88,75,64,60,87,86,80,73,87,69,91,90,82,79,83,58,38,89,80,86,88,35,34,29,7,6,9,7,11,,87+2,87+2,87+2,84+0,86+0,86+0,86+0,84+0,83+3,83+3,83+3,82+3,76+3,76+3,76+3,82+3,63+3,60+3,60+3,60+3,63+3,60+3,55+3,55+3,55+3,60+3,17+3,https://cdn.sofifa.net/players/233/731/26_120.png
245637,/player/245637/georginio-rutter/260004/,26,4,2025-09-19,G. Rutter,Georginio Rutter,"CAM, ST",77,83,16500000,67000,23,2002-04-20,182,83,13,Premier League,1,1808,Brighton & Hove Albion,CAM,10,,2024-08-19,2029,18,France,,,,Left,5,5,1,,Normal (170-185),Yes,34700000,,"Incisive Pass, Trickster, Enforcer",77,75,75,80,60,74,73,76,73,76,71,80,75,68,74,81,76,77,77,77,79,76,85,79,76,71,59,56,77,77,70,77,58,62,50,6,10,14,10,10,,76+2,76+2,76+2,77+0,77+0,77+0,77+0,77+0,77+2,77+2,77+2,77+2,75+2,75+2,75+2,77+2,69+2,68+2,68+2,68+2,69+2,67+2,65+2,65+2,65+2,67+2,17+2,https://cdn.sofifa.net/players/245/637/26_120.png
206085,/player/206085/jacob-murphy/260004/,26,4,2025-09-19,J. Murphy,Jacob Kai Murphy,"RW, RM",81,81,25000000,140000,30,1995-02-24,179,74,13,Premier League,1,13,Newcastle United,SUB,23,,2017-07-19,2027,14,England,,,,Right,4,3,3,,Normal (170-185),Yes,47500000,,Whipped Pass,82,77,78,80,61,70,84,80,45,79,51,82,83,68,67,80,80,83,74,81,75,84,68,82,69,74,56,65,80,82,66,78,61,66,55,13,16,13,10,6,,76+3,76+3,76+3,81+0,80+0,80+0,80+0,81+0,80+1,80+1,80+1,80+1,77+3,77+3,77+3,80+1,74+3,70+3,70+3,70+3,74+3,71+3,64+3,64+3,64+3,71+3,19+3,https://cdn.sofifa.net/players/206/085/26_120.png
259868,/player/259868/pape-matar-sarr/260004/,26,4,2025-09-19,P. Sarr,Pape Matar Sarr,"CM, CDM",79,84,27000000,84000,22,2002-09-14,184,70,13,Premier League,1,18,Tottenham Hotspur,RCM,29,,2021-08-27,2030,136,Senegal,,,,Right,3,2,1,,Lean (170-185),Yes,53300000,,,68,66,76,78,77,76,72,65,66,81,54,79,67,60,79,79,71,66,75,82,72,69,76,85,71,67,76,80,73,77,54,79,77,79,74,14,8,14,8,8,,72+2,72+2,72+2,75+0,75+0,75+0,75+0,75+0,76+2,76+2,76+2,76+2,79+2,79+2,79+2,76+2,78+2,79+2,79+2,79+2,78+2,77+2,76+2,76+2,76+2,77+2,18+2,https://cdn.sofifa.net/players/259/868/26_120.png
236699,/player/236699/sasa-lukic/260004/,26,4,2025-09-19,S. Lukić,Saša LukićСаша Лукић,"CDM, CM",78,78,12500000,76000,28,1996-08-13,183,77,13,Premier League,1,144,Fulham FC,LDM,20,,2023-01-31,2027,51,Serbia,,,,Right,3,2,1,,Lean (170-185),Yes,23800000,,,60,69,76,74,76,79,77,65,62,78,68,74,78,70,75,77,63,58,65,72,68,75,72,84,75,70,83,80,68,74,70,75,75,78,75,9,11,13,9,6,,69+2,69+2,69+2,71+0,71+0,71+0,71+0,71+0,72+2,72+2,72+2,73+2,75+2,75+2,75+2,73+2,76+2,77+1,77+1,77+1,76+2,75+2,75+2,75+2,75+2,75+2,16+2,https://cdn.sofifa.net/players/236/699/26_120.png
245155,/player/245155/mohammed-kudus/260004/,26,4,2025-09-19,M. Kudus,Mohammed Kudus,"RW, LW, ST, RM",80,83,29000000,95000,24,2000-08-02,177,70,13,Premier League,1,18,Tottenham Hotspur,RW,20,,2025-07-10,2031,117,Ghana,111462,ST,20,Left,3,4,3,,Normal (170-185),Yes,57300000,#Dribbler,First Touch,89,76,72,86,60,74,70,76,55,76,76,88,67,49,68,83,91,88,86,77,92,81,74,73,76,74,68,59,77,75,64,80,60,66,46,6,12,7,7,10,,77+3,77+3,77+3,80+0,80+0,80+0,80+0,80+0,79+3,79+3,79+3,79+3,75+3,75+3,75+3,79+3,70+3,69+3,69+3,69+3,70+3,68+3,65+3,65+3,65+3,68+3,16+3,https://cdn.sofifa.net/players/245/155/26_120.png
257191,/player/257191/anton-stach/260004/,26,4,2025-09-19,A. Stach,Anton Levi Stach,"CDM, CM, CB",79,82,20500000,61000,26,1998-11-15,194,88,13,Premier League,1,8,Leeds United,LCM,18,,2025-07-22,2029,21,Germany,,,,Right,4,3,2,,Lean (185+),Yes,40500000,#Aerial threat,"Power Shot, Intercept, Slide Tackle, Aerial Fortress, Relentless, Bruiser",70,68,75,72,78,80,75,59,76,76,54,74,71,64,75,77,68,71,62,79,48,85,85,82,81,78,74,88,74,76,51,68,70,79,78,7,14,8,7,11,,73+2,73+2,73+2,73+0,74+0,74+0,74+0,73+0,74+2,74+2,74+2,74+2,77+2,77+2,77+2,74+2,78+2,78+2,78+2,78+2,78+2,78+2,78+2,78+2,78+2,78+2,17+2,https://cdn.sofifa.net/players/257/191/26_120.png
224294,/player/224294/lewis-cook/260004/,26,4,2025-09-19,L. Cook,Lewis John Cook,"CDM, RB, RM",79,80,17000000,75000,28,1997-02-03,175,71,13,Premier League,1,1943,AFC Bournemouth,SUB,4,,2016-07-08,2028,14,England,,,,Right,4,3,1,,Normal (170-185),Yes,33600000,,"Intercept, Aerial Fortress, Press Proven",69,63,77,77,75,73,76,60,50,79,57,77,78,65,77,78,68,69,76,79,82,67,64,85,65,65,80,82,65,77,60,75,75,78,80,6,15,12,15,13,,67+2,67+2,67+2,73+0,72+0,72+0,72+0,73+0,74+2,74+2,74+2,75+2,77+2,77+2,77+2,75+2,78+2,78+2,78+2,78+2,78+2,77+2,74+2,74+2,74+2,77+2,20+2,https://cdn.sofifa.net/players/224/294/26_120.png
236401,/player/236401/noussair-mazraoui/260004/,26,4,2025-09-19,N. Mazraoui,Noussair Mazraouiنصير مزراوي,"RB, CB, RM",80,81,22000000,84000,27,1997-11-14,183,65,13,Premier League,1,11,Manchester United,RB,3,,2024-08-13,2028,129,Morocco,111111,SUB,3,Right,3,3,3,,Lean (170-185),Yes,43500000,,"Jockey, Block, Anticipate, Technical",75,66,76,80,77,72,79,69,73,80,56,80,69,42,74,81,78,73,76,79,74,68,81,76,69,61,71,80,76,77,44,79,76,77,80,12,7,13,12,12,,74+3,74+3,74+3,77+0,76+0,76+0,76+0,77+0,77+3,77+3,77+3,78+3,77+3,77+3,77+3,78+3,78+3,77+3,77+3,77+3,78+3,78+3,76+3,76+3,76+3,78+3,18+3,https://cdn.sofifa.net/players/236/401/26_120.png
248465,/player/248465/ian-maatsen/260004/,26,4,2025-09-19,I. Maatsen,Ian Ethan Maatsen,"LB, LM",79,84,24500000,85000,23,2002-03-10,178,68,13,Premier League,1,2,Aston Villa,SUB,22,,2024-06-28,2029,34,Netherlands,,,,Left,2,3,1,,Lean (170-185),Yes,48400000,,"Slide Tackle, Rapid",87,65,75,81,73,63,77,64,58,79,57,81,71,62,70,80,88,87,86,78,86,72,70,74,52,68,73,76,68,72,45,76,74,72,78,9,10,12,15,9,,71+2,71+2,71+2,77+0,75+0,75+0,75+0,77+0,76+2,76+2,76+2,77+2,75+2,75+2,75+2,77+2,78+2,74+2,74+2,74+2,78+2,77+2,71+2,71+2,71+2,77+2,18+2,https://cdn.sofifa.net/players/248/465/26_120.png
236480,/player/236480/yves-bissouma/260004/,26,4,2025-09-19,Y. Bissouma,Yves Bissouma,"CDM, CM",78,78,12500000,87000,28,1996-08-30,182,78,13,Premier League,1,18,Tottenham Hotspur,SUB,8,,2022-06-17,2026,126,Mali,,,,Right,3,3,3,,Lean (170-185),Yes,23800000,,,66,66,74,79,76,74,65,58,65,80,65,80,62,75,78,79,65,67,73,77,77,78,74,74,74,75,76,78,69,74,58,79,76,77,75,12,8,8,12,8,,71+3,71+3,71+3,73+0,73+0,73+0,73+0,73+0,75+3,75+3,75+3,73+3,77+1,77+1,77+1,73+3,75+3,77+1,77+1,77+1,75+3,74+3,75+3,75+3,75+3,74+3,17+3,https://cdn.sofifa.net/players/236/480/26_120.png
269136,/player/269136/kobbie-mainoo/260004/,26,4,2025-09-19,K. Mainoo,Kobbie Mainoo,"CM, CDM",77,85,23000000,52000,20,2005-04-19,181,80,13,Premier League,1,11,Manchester United,SUB,37,,2022-05-16,2027,14,England,,,,Right,3,3,1,,Normal (170-185),Yes,48300000,,"Finesse Shot, Press Proven",68,69,74,81,73,74,65,73,64,79,58,82,76,55,78,80,70,66,80,78,88,69,74,74,73,62,74,74,74,76,58,82,70,77,75,14,11,10,5,9,,73+2,73+2,73+2,75+0,75+0,75+0,75+0,75+0,77+2,77+2,77+2,75+2,77+2,77+2,77+2,75+2,74+2,76+2,76+2,76+2,74+2,73+2,73+2,73+2,73+2,73+2,17+2,https://cdn.sofifa.net/players/269/136/26_120.png
255069,/player/255069/nicolas-gonzalez-iglesias/260004/,26,4,2025-09-19,Nico González,Nicolás González Iglesias,"CDM, CM",79,85,25500000,90000,23,2002-01-03,188,88,13,Premier League,1,10,Manchester City,SUB,14,,2025-02-03,2029,45,Spain,,,,Right,3,3,1,,Normal (185+),Yes,52300000,,Press Proven,67,70,77,77,74,80,70,70,69,83,58,78,62,59,79,81,66,67,67,76,57,76,77,80,79,68,85,73,72,79,60,75,74,79,70,14,14,10,12,7,,73+2,73+2,73+2,75+0,75+0,75+0,75+0,75+0,77+2,77+2,77+2,76+2,78+2,78+2,78+2,76+2,75+2,78+2,78+2,78+2,75+2,74+2,76+2,76+2,76+2,74+2,19+2,https://cdn.sofifa.net/players/255/069/26_120.png
246923,/player/246923/jacob-ramsey/260004/,26,4,2025-09-19,J. Ramsey,Jacob Matthew Ramsey,"LM, LW",78,82,20000000,86000,24,2001-05-21,180,72,13,Premier League,1,13,Newcastle United,SUB,41,,2025-08-17,2030,14,England,,,,Right,4,3,1,,Normal (170-185),Yes,39500000,,Rapid,77,75,73,80,68,72,71,77,56,77,65,81,73,54,69,78,76,77,79,79,84,78,72,79,68,75,73,67,78,75,53,78,69,73,64,14,9,8,6,12,,75+2,75+2,75+2,77+0,77+0,77+0,77+0,77+0,77+2,77+2,77+2,77+2,76+2,76+2,76+2,77+2,73+2,73+2,73+2,73+2,73+2,72+2,69+2,69+2,69+2,72+2,18+2,https://cdn.sofifa.net/players/246/923/26_120.png
251566,/player/251566/gabriel-teodoro-martinelli-silva/260004/,26,4,2025-09-19,Gabriel Martinelli,Gabriel Teodoro Martinelli Silva,"LW, LM",81,84,35000000,125000,24,2001-06-18,178,75,13,Premier League,1,1,Arsenal,SUB,11,,2019-07-02,2027,54,Brazil,,,,Right,3,4,3,,Lean (170-185),Yes,67400000,#Speedster,"Finesse Shot, Inventive, Quick Step",90,77,75,83,46,72,77,79,72,77,81,85,74,68,65,82,92,89,87,78,81,77,83,82,63,73,80,39,80,77,62,79,44,44,43,10,6,7,6,6,,79+3,79+3,79+3,81+0,81+0,81+0,81+0,81+0,80+3,80+3,80+3,81+3,74+3,74+3,74+3,81+3,66+3,62+3,62+3,62+3,66+3,64+3,57+3,57+3,57+3,64+3,15+3,https://cdn.sofifa.net/players/251/566/26_120.png
242641,/player/242641/rayan-ait-nouri/260004/,26,4,2025-09-19,R. Aït-Nouri,Rayan Aït Nouriريان آيت نوري,"LB, LM",81,85,34500000,100000,24,2001-06-06,180,70,13,Premier League,1,10,Manchester City,LB,21,,2025-06-09,2030,97,Algeria,,,,Left,3,5,1,,Lean (170-185),Yes,66400000,#Dribbler,"Jockey, First Touch, Trickster",84,53,76,84,77,70,80,50,66,79,48,87,72,58,72,84,85,84,81,80,77,61,78,80,65,48,69,78,75,75,42,80,77,78,80,15,11,8,14,12,,70+2,70+2,70+2,77+0,75+0,75+0,75+0,77+0,77+2,77+2,77+2,79+2,77+2,77+2,77+2,79+2,80+2,77+2,77+2,77+2,80+2,79+2,75+2,75+2,75+2,79+2,20+2,https://cdn.sofifa.net/players/242/641/26_120.png
278773,/player/278773/myles-lewis-skelly/260004/,26,4,2025-09-19,M. Lewis-Skelly,Myles Anthony Lewis-Skelly,"LB, CM",78,87,28000000,64000,18,2006-09-26,178,72,13,Premier League,1,1,Arsenal,SUB,49,,2023-10-05,2030,14,England,1318,LB,23,Left,3,3,1,,Normal (170-185),Yes,57400000,,Press Proven,76,60,74,77,75,78,73,55,70,78,58,77,74,45,75,77,77,76,68,77,84,69,83,75,79,62,80,76,72,76,55,79,74,77,75,11,10,6,12,9,,70+2,70+2,70+2,73+0,73+0,73+0,73+0,73+0,74+2,74+2,74+2,75+2,75+2,75+2,75+2,75+2,76+2,77+2,77+2,77+2,76+2,76+2,76+2,76+2,76+2,76+2,18+2,https://cdn.sofifa.net/players/278/773/26_120.png
205569,/player/205569/james-ward-prowse/260004/,26,4,2025-09-19,J. Ward-Prowse,James Michael Edward Ward-Prowse,"CM, CDM, CAM, CB",77,77,10000000,63000,30,1994-11-01,173,66,13,Premier League,1,19,West Ham United,LCM,8,,2023-08-14,2027,14,England,,,,Right,3,3,2,,Normal (170-185),Yes,19000000,"#Crosser, #FK Specialist","Dead Ball +, Pinged Pass, Whipped Pass",42,74,83,74,66,64,89,72,59,80,68,72,92,94,81,78,46,39,68,77,74,81,54,86,50,75,75,65,69,79,79,78,64,71,63,12,12,10,15,15,,69+2,69+2,69+2,72+0,72+0,72+0,72+0,72+0,74+2,74+2,74+2,73+2,77+0,77+0,77+0,73+2,72+2,73+2,73+2,73+2,72+2,69+2,65+2,65+2,65+2,69+2,20+2,https://cdn.sofifa.net/players/205/569/26_120.png
255565,/player/255565/kaoru-mitoma/260004/,26,4,2025-09-19,K. Mitoma,Kaoru Mitoma三笘 薫,"LM, LW",82,82,30500000,115000,28,1997-05-20,178,74,13,Premier League,1,1808,Brighton & Hove Albion,LM,22,,2021-08-10,2027,163,Japan,,,,Right,4,4,3,,Lean (170-185),Yes,58000000,#Dribbler,"Finesse Shot, Technical, First Touch, Quick Step",87,73,76,86,57,64,77,79,52,80,69,87,76,62,65,88,88,87,89,77,79,69,72,75,60,68,58,57,78,81,63,84,58,59,54,10,13,10,14,9,,76+3,76+3,76+3,82+0,81+0,81+0,81+0,82+0,81+1,81+1,81+1,81+1,76+3,76+3,76+3,81+1,72+3,68+3,68+3,68+3,72+3,69+3,61+3,61+3,61+3,69+3,19+3,https://cdn.sofifa.net/players/255/565/26_120.png
224656,/player/224656/ola-aina/260004/,26,4,2025-09-19,O. Aina,Temitayo Olufisayo Olaoluwa Aina,"RB, LB, RM",80,80,19000000,95000,28,1996-10-08,184,82,13,Premier League,1,14,Nottingham Forest,RB,34,,2023-07-22,2028,133,Nigeria,,,,Right,4,3,1,,Normal (170-185),Yes,36100000,,"Quick Step, Long Throw",88,63,71,75,78,75,77,54,68,74,52,76,60,48,67,74,89,87,71,78,77,77,84,77,75,73,72,78,68,70,49,74,79,79,79,7,14,10,10,9,,71+2,71+2,71+2,74+0,73+0,73+0,73+0,74+0,73+2,73+2,73+2,75+2,73+2,73+2,73+2,75+2,78+2,75+2,75+2,75+2,78+2,78+2,77+2,77+2,77+2,78+2,17+2,https://cdn.sofifa.net/players/224/656/26_120.png
213655,/player/213655/alex-iwobi/260004/,26,4,2025-09-19,A. Iwobi,Alexander Chuka Iwobi,"LM, RM, LW",80,80,20500000,90000,29,1996-05-03,180,75,13,Premier League,1,144,Fulham FC,LM,17,,2023-09-01,2028,133,Nigeria,,,,Right,3,4,3,,Lean (170-185),Yes,39000000,,"Gamechanger, Incisive Pass, Inventive, Technical, Relentless",76,74,77,81,56,73,78,74,45,79,80,84,81,56,74,81,77,75,75,79,77,75,69,88,72,75,59,59,77,81,64,81,52,64,50,14,7,12,14,11,,74+3,74+3,74+3,79+0,78+0,78+0,78+0,79+0,79+1,79+1,79+1,79+1,78+2,78+2,78+2,79+1,71+3,70+3,70+3,70+3,71+3,68+3,61+3,61+3,61+3,68+3,19+3,https://cdn.sofifa.net/players/213/655/26_120.png
231943,/player/231943/richarlison-de-andrade/260004/,26,4,2025-09-19,Richarlison,Richarlison de Andrade,"ST, LW, LM",78,78,14500000,100000,28,1997-05-10,184,71,13,Premier League,1,18,Tottenham Hotspur,SUB,9,,2022-07-01,2027,54,Brazil,,,,Right,4,4,3,,Normal (170-185),Yes,27600000,,"Precision Header, Acrobatic, Technical",76,78,72,78,53,75,73,78,82,76,78,80,74,65,61,79,77,75,72,76,65,83,89,68,74,72,84,46,79,74,77,79,43,58,48,12,7,8,11,13,,78+0,78+0,78+0,77+0,78+0,78+0,78+0,77+0,76+2,76+2,76+2,76+2,72+3,72+3,72+3,76+2,65+3,64+3,64+3,64+3,65+3,63+3,63+3,63+3,63+3,63+3,18+3,https://cdn.sofifa.net/players/231/943/26_120.png
232730,/player/232730/daichi-kamada/260004/,26,4,2025-09-19,D. Kamada,Daichi Kamada鎌田 大地,"CM, CAM",77,77,10500000,74000,28,1996-08-05,184,72,13,Premier League,1,1799,Crystal Palace,SUB,18,,2024-07-01,2026,163,Japan,,,,Right,3,3,3,,Lean (170-185),Yes,20000000,,Technical,71,72,77,78,64,66,74,74,56,79,66,77,78,73,77,79,74,68,78,79,78,65,66,75,55,73,81,68,75,78,78,74,59,69,61,6,10,11,6,11,,71+3,71+3,71+3,76+0,75+0,75+0,75+0,76+0,77+0,77+0,77+0,76+1,77+0,77+0,77+0,76+1,72+3,72+3,72+3,72+3,72+3,70+3,66+3,66+3,66+3,70+3,16+3,https://cdn.sofifa.net/players/232/730/26_120.png
205988,/player/205988/luke-shaw/260004/,26,4,2025-09-19,L. Shaw,Luke Paul Hoare Shaw,"CB, LB, LM",79,79,14500000,83000,29,1995-07-12,181,75,13,Premier League,1,11,Manchester United,LCB,23,,2014-06-27,2027,14,England,,,,Left,2,3,3,,Stocky (170-185),Yes,27600000,,Jockey,69,57,78,75,79,72,82,46,76,79,65,75,81,67,77,78,69,69,60,78,73,80,83,51,77,56,85,79,71,77,38,76,79,79,78,10,12,13,7,7,,69+3,69+3,69+3,71+0,71+0,71+0,71+0,71+0,72+3,72+3,72+3,73+3,74+3,74+3,74+3,73+3,75+3,77+2,77+2,77+2,75+3,75+3,79+0,79+0,79+0,75+3,17+3,https://cdn.sofifa.net/players/205/988/26_120.png
206517,/player/206517/jack-grealish/260004/,26,4,2025-09-19,J. Grealish,Jack Peter Grealish,"LW, LM",80,80,20500000,130000,29,1995-09-10,180,81,13,Premier League,1,7,Everton,LM,18,Manchester City,,2026,14,England,,,,Right,3,4,3,,Unique,Yes,,#Dribbler,"Press Proven +, Finesse Shot, Inventive, First Touch",72,76,80,85,53,67,80,76,48,81,72,86,83,74,78,86,75,70,84,79,85,76,67,69,67,79,65,49,78,80,58,86,58,54,48,11,6,11,10,13,,75+3,75+3,75+3,80+0,79+0,79+0,79+0,80+0,81+-1,81+-1,81+-1,80+0,77+3,77+3,77+3,80+0,68+3,68+3,68+3,68+3,68+3,64+3,59+3,59+3,59+3,64+3,18+3,https://cdn.sofifa.net/players/206/517/26_120.png
233064,/player/233064/mason-mount/260004/,26,4,2025-09-19,M. Mount,Mason Tony Mount,"CAM, CM, RW",77,78,12500000,72000,26,1999-01-10,181,74,13,Premier League,1,11,Manchester United,SUB,7,,2023-07-05,2028,14,England,,,,Right,4,3,3,,Lean (170-185),Yes,24700000,,,67,76,79,78,62,61,80,75,55,79,75,79,82,82,79,80,68,66,72,77,72,79,63,60,56,77,73,63,77,78,69,79,58,69,56,11,12,13,8,12,,73+3,73+3,73+3,77+0,76+0,76+0,76+0,77+0,77+1,77+1,77+1,76+2,76+2,76+2,76+2,76+2,69+3,70+3,70+3,70+3,69+3,67+3,64+3,64+3,64+3,67+3,18+3,https://cdn.sofifa.net/players/233/064/26_120.png
257711,/player/257711/riccardo-calafiori/260004/,26,4,2025-09-19,R. Calafiori,Riccardo Calafiori,"LB, CB",78,84,21000000,87000,23,2002-05-19,188,86,13,Premier League,1,1,Arsenal,LB,33,,2024-07-29,2029,27,Italy,1343,LCB,13,Left,4,3,1,,Normal (185+),No,43100000,,Long Ball Pass,72,66,71,75,77,77,73,62,75,76,57,75,72,65,67,77,74,70,69,78,69,75,84,73,77,70,79,77,70,66,50,75,76,78,79,9,11,5,6,11,,72+2,72+2,72+2,72+0,72+0,72+0,72+0,72+0,72+2,72+2,72+2,73+2,73+2,73+2,73+2,73+2,76+2,75+2,75+2,75+2,76+2,76+2,77+2,77+2,77+2,76+2,17+2,https://cdn.sofifa.net/players/257/711/26_120.png
235790,/player/235790/kai-havertz/260004/,26,4,2025-09-19,K. Havertz,Kai Lukas Havertz,"ST, CM, CAM",82,84,38000000,155000,26,1999-06-11,193,82,13,Premier League,1,1,Arsenal,SUB,29,,2023-06-28,2028,21,Germany,,,,Left,4,4,3,,Unique,Yes,73200000,,"Chip Shot, Precision Header, Gamechanger, Technical, First Touch, Enforcer",72,79,78,81,48,74,75,80,81,82,81,84,81,53,77,85,71,72,70,81,54,81,85,85,75,74,56,43,84,81,83,78,45,47,41,6,8,11,10,12,,81+3,81+3,81+3,80+0,81+0,81+0,81+0,80+0,81+3,81+3,81+3,80+3,78+3,78+3,78+3,80+3,66+3,65+3,65+3,65+3,66+3,63+3,59+3,59+3,59+3,63+3,17+3,https://cdn.sofifa.net/players/235/790/26_120.png
235456,/player/235456/jean-ricner-bellegarde/260004/,26,4,2025-09-19,J. Bellegarde,Jean-Ricner Bellegarde,"CAM, CM",75,76,6500000,54000,27,1998-06-27,170,70,13,Premier League,1,110,Wolverhampton Wanderers,SUB,27,,2023-09-01,2028,80,Haiti,,,,Right,3,3,1,,Normal (170-),Yes,12800000,,,78,63,72,78,70,72,66,61,61,76,56,77,59,68,75,78,79,78,83,75,86,69,76,79,68,64,72,70,74,75,55,75,68,74,72,12,15,14,10,9,,70+2,70+2,70+2,74+0,73+0,73+0,73+0,74+0,75+1,75+1,75+1,75+1,75+1,75+1,75+1,75+1,74+2,74+2,74+2,74+2,74+2,73+2,71+2,71+2,71+2,73+2,19+2,https://cdn.sofifa.net/players/235/456/26_120.png
200145,/player/200145/carlos-henrique-venancio-casimiro/260004/,26,4,2025-09-19,Casemiro,Carlos Henrique Casimiro,"CDM, CM",80,80,10500000,88000,33,1992-02-23,185,84,13,Premier League,1,11,Manchester United,RCM,18,,2022-08-19,2026,54,Brazil,,,,Right,3,2,3,,Unique,Yes,20000000,,"Long Ball Pass, Block, Slide Tackle, Aerial Fortress, Bruiser",36,74,76,69,80,76,68,69,80,79,77,68,75,70,80,77,35,36,48,79,51,82,75,54,81,78,90,77,71,76,66,77,78,83,83,13,14,16,12,12,,72+3,72+3,72+3,67+0,71+0,71+0,71+0,67+0,71+3,71+3,71+3,68+3,76+3,76+3,76+3,68+3,71+3,78+2,78+2,78+2,71+3,71+3,80+0,80+0,80+0,71+3,20+3,https://cdn.sofifa.net/players/200/145/26_120.png
248793,/player/248793/mats-wieffer/260004/,26,4,2025-09-19,M. Wieffer,Mats Wieffer,"CDM, CM",78,82,18000000,74000,25,1999-11-16,188,78,13,Premier League,1,1808,Brighton & Hove Albion,SUB,27,,2024-07-05,2029,34,Netherlands,,,,Right,3,3,1,,Lean (185+),Yes,35600000,,"Block, Intercept, Press Proven, Bruiser",67,66,74,74,76,78,68,62,76,79,68,73,69,52,78,78,67,67,67,75,65,75,82,77,76,69,84,79,63,74,55,78,73,78,72,7,12,14,12,7,,71+2,71+2,71+2,71+0,71+0,71+0,71+0,71+0,73+2,73+2,73+2,72+2,75+2,75+2,75+2,72+2,74+2,77+2,77+2,77+2,74+2,74+2,77+2,77+2,77+2,74+2,17+2,https://cdn.sofifa.net/players/248/793/26_120.png
257980,/player/257980/dan-ndoye/260004/,26,4,2025-09-19,D. Ndoye,Dan Assane Ndoye,"LM, RM, LW",79,82,24000000,77000,24,2000-10-25,184,79,13,Premier League,1,14,Nottingham Forest,RM,14,,2025-07-31,2030,47,Switzerland,,,,Right,3,3,1,,Normal (170-185),Yes,47400000,,"Gamechanger, Incisive Pass, Rapid, Quick Step",89,72,70,81,62,68,76,74,53,71,67,83,74,57,63,81,86,92,84,75,74,75,73,81,65,68,59,62,76,70,60,74,59,67,65,10,14,10,15,12,,74+2,74+2,74+2,78+0,77+0,77+0,77+0,78+0,76+2,76+2,76+2,78+2,73+2,73+2,73+2,78+2,73+2,68+2,68+2,68+2,73+2,71+2,65+2,65+2,65+2,71+2,19+2,https://cdn.sofifa.net/players/257/980/26_120.png
229348,/player/229348/antonee-robinson/260004/,26,4,2025-09-19,A. Robinson,Antonee Robinson,"LB, LM",82,82,29500000,100000,27,1997-08-08,183,70,13,Premier League,1,144,Fulham FC,LB,33,,2020-08-20,2028,95,United States,1387,LB,5,Left,3,3,3,,Lean (185+),Yes,56100000,,"Long Ball Pass, Whipped Pass, Jockey, Intercept, Rapid, Relentless",88,46,75,77,78,80,81,44,64,76,45,79,80,39,74,77,87,89,73,80,71,46,81,90,73,43,83,83,76,78,45,73,78,81,76,12,9,15,14,9,,66+3,66+3,66+3,74+0,72+0,72+0,72+0,74+0,74+3,74+3,74+3,78+3,76+3,76+3,76+3,78+3,81+1,79+3,79+3,79+3,81+1,80+2,78+3,78+3,78+3,80+2,19+3,https://cdn.sofifa.net/players/229/348/26_120.png
252064,/player/252064/ladislav-krejci/260004/,26,4,2025-09-19,L. Krejčí,Ladislav Krejčí,"CB, CDM",78,82,17500000,32000,26,1999-04-20,191,87,13,Premier League,1,110,Wolverhampton Wanderers,SUB,37,Girona FC,,2026,12,Czechia,1330,LCB,18,Left,3,3,1,,Normal (185+),Yes,,,"Pinged Pass, Bruiser",72,68,68,69,76,84,56,62,82,75,65,69,55,54,74,72,68,75,55,75,65,78,89,79,85,68,88,77,73,70,76,75,75,76,74,9,5,6,14,6,,72+2,72+2,72+2,69+0,71+0,71+0,71+0,69+0,71+2,71+2,71+2,70+2,73+2,73+2,73+2,70+2,73+2,76+2,76+2,76+2,73+2,74+2,78+2,78+2,78+2,74+2,16+2,https://cdn.sofifa.net/players/252/064/26_120.png
212491,/player/212491/arthur-masuaku/260004/,26,4,2025-09-19,A. Masuaku,Fuka-Arthur Masuaku Kawela,"LB, LM",75,75,4099999,49000,31,1993-11-07,179,80,13,Premier League,1,106,Sunderland,SUB,26,,2025-08-10,2027,110,Congo DR,,,,Left,2,4,1,,Normal (170-185),Yes,7800000,,"Whipped Pass, Bruiser",79,62,74,78,68,79,78,52,63,75,62,80,78,73,73,77,77,80,77,69,79,75,74,83,80,72,72,68,65,70,49,74,67,71,70,8,7,10,7,7,,69+2,69+2,69+2,73+0,71+0,71+0,71+0,73+0,72+2,72+2,72+2,74+1,73+2,73+2,73+2,74+1,74+1,72+2,72+2,72+2,74+1,73+2,71+2,71+2,71+2,73+2,14+2,https://cdn.sofifa.net/players/212/491/26_120.png
258171,/player/258171/hannibal-mejbri/260004/,26,4,2025-09-19,Hannibal,Hannibal Mejbriحنبعل المجبري,"CM, CAM",74,82,9500000,39000,22,2003-01-21,182,70,13,Premier League,1,1796,Burnley,CAM,28,,2024-08-28,2028,145,Tunisia,,,,Right,3,3,1,,Lean (170-185),Yes,20000000,,,76,63,73,76,68,82,69,60,57,75,60,75,76,67,72,76,74,77,78,73,77,70,76,90,76,62,88,70,70,73,56,75,67,72,70,9,5,10,11,7,,69+2,69+2,69+2,72+0,71+0,71+0,71+0,72+0,73+2,73+2,73+2,74+2,74+2,74+2,74+2,74+2,74+2,74+2,74+2,74+2,74+2,73+2,71+2,71+2,71+2,73+2,15+2,https://cdn.sofifa.net/players/258/171/26_120.png
236764,/player/236764/ao-tanaka/260004/,26,4,2025-09-19,A. Tanaka,Ao Tanaka田中 碧,"CDM, CM",76,79,9000000,49000,26,1998-09-10,180,69,13,Premier League,1,8,Leeds United,RCM,22,,2024-08-30,2028,163,Japan,,,,Right,3,3,1,,Lean (170-185),No,17800000,,"Incisive Pass, Press Proven",70,68,72,77,73,71,61,66,60,78,61,75,70,65,74,77,72,69,82,74,78,73,71,86,65,72,68,75,64,74,60,79,74,75,72,10,14,12,12,6,,69+2,69+2,69+2,72+0,72+0,72+0,72+0,72+0,74+2,74+2,74+2,73+2,75+2,75+2,75+2,73+2,74+2,75+2,75+2,75+2,74+2,73+2,72+2,72+2,72+2,73+2,18+2,https://cdn.sofifa.net/players/236/764/26_120.png
230666,/player/230666/gabriel-fernando-de-jesus/260004/,26,4,2025-09-19,Gabriel Jesus,Gabriel Fernando de Jesus,"ST, CAM",80,80,21500000,140000,28,1997-04-03,175,73,13,Premier League,1,1,Arsenal,RES,9,,2022-07-04,2027,54,Brazil,,,,Right,3,4,3,,Unique,Yes,39800000,"#Dribbler, #Acrobat","Technical, First Touch, Relentless",81,79,74,86,39,71,73,79,76,79,77,87,75,54,66,84,85,78,88,80,89,82,85,66,67,75,82,32,81,78,75,78,45,30,28,13,8,6,6,15,,80+0,80+0,80+0,81+-1,81+-1,81+-1,81+-1,81+-1,81+-1,81+-1,81+-1,79+1,73+3,73+3,73+3,79+1,60+3,59+3,59+3,59+3,60+3,57+3,54+3,54+3,54+3,57+3,18+3,https://cdn.sofifa.net/players/230/666/26_120.png
237329,/player/237329/joe-willock/260004/,26,4,2025-09-19,J. Willock,Joseph George Willock,"CM, CAM",76,78,9500000,83000,25,1999-08-20,186,71,13,Premier League,1,13,Newcastle United,SUB,28,,2021-08-13,2027,14,England,,,,Right,3,3,1,,Lean (185+),Yes,18800000,,Finesse Shot,75,72,73,79,72,68,67,74,70,78,66,81,70,46,74,78,74,75,79,75,67,76,75,71,65,67,70,76,75,79,62,76,70,75,63,11,6,12,8,9,,74+2,74+2,74+2,76+0,76+0,76+0,76+0,76+0,77+1,77+1,77+1,76+2,76+2,76+2,76+2,76+2,73+2,74+2,74+2,74+2,73+2,72+2,72+2,72+2,72+2,72+2,16+2,https://cdn.sofifa.net/players/237/329/26_120.png
273463,/player/273463/joao-victor-gomes-da-silva/260004/,26,4,2025-09-19,João Gomes,João Victor Gomes da Silva,"CDM, CM",78,83,19500000,53000,24,2001-02-12,176,74,13,Premier League,1,110,Wolverhampton Wanderers,LCM,8,,2023-01-30,2030,54,Brazil,,,,Right,3,3,1,,Normal (170-185),Yes,38500000,,"Slide Tackle, Press Proven",54,68,72,75,77,74,64,65,70,78,55,73,60,63,77,77,56,52,74,75,82,75,69,78,68,69,84,79,68,73,69,72,74,81,77,7,14,10,14,13,,69+2,69+2,69+2,70+0,71+0,71+0,71+0,70+0,72+2,72+2,72+2,70+2,75+2,75+2,75+2,70+2,73+2,77+2,77+2,77+2,73+2,73+2,76+2,76+2,76+2,73+2,19+2,https://cdn.sofifa.net/players/273/463/26_120.png
237819,/player/237819/nicolas-dominguez/260004/,26,4,2025-09-19,N. Domínguez,Nicolás Martín Domínguez,"CDM, CM",79,80,18000000,85000,27,1998-06-28,179,73,13,Premier League,1,14,Nottingham Forest,RES,16,,2023-09-01,2028,52,Argentina,,,,Right,4,3,1,,Lean (170-185),Yes,35600000,,"Slide Tackle, Relentless",69,65,72,76,76,77,60,63,68,80,52,74,69,52,77,77,72,67,82,75,80,72,74,89,67,67,88,78,66,73,51,70,72,80,77,6,11,9,10,5,,69+2,69+2,69+2,71+0,72+0,72+0,72+0,71+0,74+2,74+2,74+2,73+2,76+2,76+2,76+2,73+2,75+2,78+2,78+2,78+2,75+2,75+2,76+2,76+2,76+2,75+2,15+2,https://cdn.sofifa.net/players/237/819/26_120.png
229391,/player/229391/joao-maria-palhinha-goncalves/260004/,26,4,2025-09-19,Palhinha,João Maria Lobo Alves Palhinha Gonçalves,"CDM, CM",83,83,31000000,82000,29,1995-07-09,190,83,13,Premier League,1,18,Tottenham Hotspur,CDM,6,FC Bayern München,,2026,38,Portugal,1354,SUB,6,Right,4,2,3,,Lean (185+),Yes,,"#Tackling , #Strength","Bruiser +, Slide Tackle",56,68,70,72,84,85,60,66,81,77,55,75,66,45,77,76,54,58,51,79,50,81,83,79,86,67,91,85,69,71,57,84,83,86,85,14,10,8,7,7,,73+3,73+3,73+3,69+0,72+0,72+0,72+0,69+0,72+3,72+3,72+3,71+3,76+3,76+3,76+3,71+3,76+3,81+2,81+2,81+2,76+3,77+3,83+0,83+0,83+0,77+3,17+3,https://cdn.sofifa.net/players/229/391/26_120.png
235805,/player/235805/federico-chiesa/260004/,26,4,2025-09-19,F. Chiesa,Federico Chiesa,"RM, LM, ST, RW",81,81,27500000,105000,27,1997-10-25,175,70,13,Premier League,1,9,Liverpool,SUB,14,,2024-08-29,2028,27,Italy,,,,Right,4,4,3,,Unique,Yes,50900000,#Acrobat,"Finesse Shot, Rapid, Quick Step",87,80,75,83,44,68,75,80,53,77,78,84,78,62,74,81,88,87,89,80,84,84,74,63,67,79,74,46,81,77,62,80,42,44,39,6,7,8,9,7,,78+3,78+3,78+3,81+0,81+0,81+0,81+0,81+0,80+1,80+1,80+1,80+1,74+3,74+3,74+3,80+1,64+3,63+3,63+3,63+3,64+3,61+3,55+3,55+3,55+3,61+3,15+3,https://cdn.sofifa.net/players/235/805/26_120.png
243606,/player/243606/keane-lewis-potter/260004/,26,4,2025-09-19,K. Lewis-Potter,Keane William Lewis-Potter,"LB, LM",76,79,9500000,49000,24,2001-02-22,170,67,13,Premier League,1,1925,Brentford,LB,23,,2022-07-12,2031,14,England,,,,Right,4,3,1,,Lean (170-),Yes,18800000,,Technical,77,67,72,77,70,64,80,69,68,74,57,77,70,61,60,75,78,77,85,75,82,67,72,79,55,68,66,71,73,74,58,74,69,72,69,9,12,9,14,13,,71+2,71+2,71+2,75+0,74+0,74+0,74+0,75+0,74+2,74+2,74+2,75+2,72+2,72+2,72+2,75+2,74+2,71+2,71+2,71+2,74+2,74+2,69+2,69+2,69+2,74+2,19+2,https://cdn.sofifa.net/players/243/606/26_120.png
73374,/player/73374/christantus-uche/260004/,26,4,2025-09-19,C. Uche,Christantus Ugonna Uche Uche,"ST, CAM, CM",76,84,17000000,29000,22,2003-05-19,190,80,13,Premier League,1,1799,Crystal Palace,SUB,12,Getafe CF,,2026,133,Nigeria,,,,Right,3,3,1,,Normal (185+),Yes,,,"Press Proven, Relentless, Enforcer",68,73,69,73,68,83,51,74,79,77,70,75,66,49,73,77,66,70,67,76,53,79,88,83,86,68,76,71,78,76,59,68,62,68,65,14,11,8,11,10,,76+2,76+2,76+2,72+0,75+0,75+0,75+0,72+0,75+2,75+2,75+2,73+2,75+2,75+2,75+2,73+2,70+2,73+2,73+2,73+2,70+2,70+2,73+2,73+2,73+2,70+2,18+2,https://cdn.sofifa.net/players/073/374/26_120.png
227174,/player/227174/matty-cash/260004/,26,4,2025-09-19,M. Cash,Matthew Stuart Cash,"RB, RM",79,79,17000000,100000,27,1997-08-07,185,74,13,Premier League,1,2,Aston Villa,RB,2,,2020-09-03,2027,37,Poland,1353,SUB,2,Right,3,3,2,,Normal (185+),Yes,32299999,,Long Throw,75,66,71,75,75,76,77,66,49,74,55,75,70,48,71,76,74,75,73,79,67,77,67,86,68,64,84,76,71,66,44,72,77,80,80,15,16,13,13,8,,70+2,70+2,70+2,73+0,72+0,72+0,72+0,73+0,72+2,72+2,72+2,74+2,74+2,74+2,74+2,74+2,78+1,76+2,76+2,76+2,78+1,77+2,74+2,74+2,74+2,77+2,20+2,https://cdn.sofifa.net/players/227/174/26_120.png
243282,/player/243282/dwight-mcneil/260004/,26,4,2025-09-19,D. McNeil,Dwight James Matthew McNeil,"LM, CAM, RM, LW",78,81,18500000,41000,25,1999-11-22,183,68,13,Premier League,1,7,Everton,SUB,7,,2022-07-28,2027,14,England,,,,Left,2,3,1,,Lean (170-185),Yes,36500000,,"Incisive Pass, Whipped Pass, Technical",67,76,79,79,55,68,82,73,59,78,57,81,81,74,75,79,68,67,75,76,72,83,68,84,64,85,57,46,75,80,62,76,57,60,51,6,14,14,12,14,,74+2,74+2,74+2,77+0,77+0,77+0,77+0,77+0,77+2,77+2,77+2,77+2,76+2,76+2,76+2,77+2,68+2,67+2,67+2,67+2,68+2,65+2,60+2,60+2,60+2,65+2,19+2,https://cdn.sofifa.net/players/243/282/26_120.png
272926,/player/272926/lucas-bergvall/260004/,26,4,2025-09-19,L. Bergvall,Lucas Erik Holger Bergvall,"CM, CDM, CAM",77,87,22500000,57000,19,2006-02-02,186,74,13,Premier League,1,18,Tottenham Hotspur,LCM,15,,2024-07-01,2031,46,Sweden,1363,RCM,7,Right,3,3,1,,Normal (185+),No,47300000,,Press Proven,75,63,76,77,71,73,68,63,54,79,49,78,73,65,79,77,77,73,73,76,73,66,72,78,70,61,75,77,73,78,53,80,69,75,72,7,13,13,10,9,,69+2,69+2,69+2,74+0,73+0,73+0,73+0,74+0,75+2,75+2,75+2,75+2,77+2,77+2,77+2,75+2,75+2,76+2,76+2,76+2,75+2,74+2,72+2,72+2,72+2,74+2,17+2,https://cdn.sofifa.net/players/272/926/26_120.png
274915,/player/274915/el-hadji-malick-diouf/260004/,26,4,2025-09-19,E. Diouf,El Hadji Malick Diouf,"LB, LM",75,82,10500000,37000,20,2004-12-29,183,75,13,Premier League,1,19,West Ham United,LB,12,,2025-07-15,2030,136,Senegal,,,,Left,2,3,1,,Normal (170-185),No,22100000,,,80,67,68,74,70,77,75,67,79,70,69,76,51,58,69,74,78,82,68,72,67,73,91,78,80,62,66,68,72,64,59,70,68,70,69,9,9,7,13,14,,73+2,73+2,73+2,73+0,72+0,72+0,72+0,73+0,71+2,71+2,71+2,73+2,70+2,70+2,70+2,73+2,73+2,70+2,70+2,70+2,73+2,73+2,72+2,72+2,72+2,73+2,18+2,https://cdn.sofifa.net/players/274/915/26_120.png
210697,/player/210697/christian-norgaard/260004/,26,4,2025-09-19,C. Nørgaard,Christian Thers Nørgaard,"CDM, CM",80,80,15000000,125000,31,1994-03-10,187,77,13,Premier League,1,1,Arsenal,SUB,16,,2025-07-10,2027,13,Denmark,1331,SUB,15,Right,3,3,1,,Normal (185+),Yes,27800000,,"Precision Header, Intercept, Aerial Fortress",49,65,74,71,79,79,68,63,69,79,51,69,74,65,80,76,52,47,61,80,67,72,72,82,78,64,80,84,66,70,62,77,77,80,79,11,9,13,14,11,,68+2,68+2,68+2,68+0,69+0,69+0,69+0,68+0,70+2,70+2,70+2,70+2,76+2,76+2,76+2,70+2,75+2,79+1,79+1,79+1,75+2,75+2,78+2,78+2,78+2,75+2,19+2,https://cdn.sofifa.net/players/210/697/26_120.png
259240,/player/259240/adam-wharton/260004/,26,4,2025-09-19,A. Wharton,Adam James Wharton,"CDM, CM",79,86,33500000,58000,21,2004-02-06,182,70,13,Premier League,1,1799,Crystal Palace,RCM,20,,2024-02-01,2029,14,England,,,,Left,4,3,1,,Lean (170-185),Yes,70400000,,"Slide Tackle, First Touch, Press Proven",62,62,81,77,75,69,77,60,62,83,51,76,77,71,84,80,60,63,69,78,71,67,68,69,66,63,76,77,66,83,53,82,74,78,76,5,11,13,6,12,,68+2,68+2,68+2,73+0,72+0,72+0,72+0,73+0,75+2,75+2,75+2,74+2,78+2,78+2,78+2,74+2,75+2,78+2,78+2,78+2,75+2,74+2,74+2,74+2,74+2,74+2,16+2,https://cdn.sofifa.net/players/259/240/26_120.png
232999,/player/232999/tyler-adams/260004/,26,4,2025-09-19,T. Adams,Tyler Shaan Adams,"CDM, CM",79,81,19500000,72000,26,1999-02-14,175,72,13,Premier League,1,1943,AFC Bournemouth,LDM,12,,2023-08-20,2028,95,United States,1387,SUB,4,Right,3,3,3,,Normal (170-185),Yes,38500000,,,79,56,71,75,79,75,63,52,65,78,40,73,68,42,74,76,85,74,77,77,85,68,79,79,68,58,85,83,65,72,52,77,77,82,79,6,13,12,8,7,,67+3,67+3,67+3,71+0,70+0,70+0,70+0,71+0,72+3,72+3,72+3,73+3,74+3,74+3,74+3,73+3,77+3,78+3,78+3,78+3,77+3,77+3,77+3,77+3,77+3,77+3,16+3,https://cdn.sofifa.net/players/232/999/26_120.png
208920,/player/208920/nathan-ake/260004/,26,4,2025-09-19,N. Aké,Nathan Benjamin Aké,"CB, LB, LM",83,83,30000000,145000,30,1995-02-18,180,75,13,Premier League,1,10,Manchester City,SUB,6,,2020-08-05,2027,34,Netherlands,105035,SUB,5,Left,3,2,3,,Normal (170-185),Yes,55500000,,,72,53,72,75,84,74,63,48,82,80,52,73,64,59,75,79,73,71,67,84,68,64,86,64,76,56,80,83,51,68,53,79,84,84,84,10,7,7,16,10,,67+3,67+3,67+3,69+0,68+0,68+0,68+0,69+0,70+3,70+3,70+3,70+3,74+3,74+3,74+3,70+3,77+3,80+3,80+3,80+3,77+3,78+3,82+1,82+1,82+1,78+3,19+3,https://cdn.sofifa.net/players/208/920/26_120.png
229723,/player/229723/mathias-jensen/260004/,26,4,2025-09-19,M. Jensen,Mathias Jensen,"CM, CDM",77,77,10500000,67000,29,1996-01-01,180,68,13,Premier League,1,1925,Brentford,SUB,8,,2019-07-10,2026,13,Denmark,,,,Right,4,3,1,,Lean (170-185),Yes,20000000,,Long Throw,63,65,78,75,70,72,79,64,50,79,50,74,72,68,81,76,64,63,77,78,77,63,64,76,68,69,77,75,71,79,69,78,73,73,62,5,13,10,8,12,,67+2,67+2,67+2,73+0,72+0,72+0,72+0,73+0,75+2,75+2,75+2,74+2,77+0,77+0,77+0,74+2,73+2,75+2,75+2,75+2,73+2,71+2,70+2,70+2,70+2,71+2,17+2,https://cdn.sofifa.net/players/229/723/26_120.png
271121,/player/271121/quilindschy-hartman/260004/,26,4,2025-09-19,Q. Hartman,Quilindschy Hartman,"LB, LM",77,83,15500000,45000,23,2001-11-14,183,77,13,Premier League,1,1796,Burnley,LB,3,,2020-07-01,2029,34,Netherlands,,,,Left,3,3,1,,Lean (170-185),Yes,32600000,,"Incisive Pass, Slide Tackle, Bruiser",78,55,75,74,73,77,69,59,52,78,42,73,75,68,77,77,80,76,74,79,66,50,76,74,76,54,84,74,73,75,47,75,75,77,75,13,14,12,14,9,,67+2,67+2,67+2,73+0,71+0,71+0,71+0,73+0,74+2,74+2,74+2,74+2,75+2,75+2,75+2,74+2,75+2,77+2,77+2,77+2,75+2,75+2,74+2,74+2,74+2,75+2,20+2,https://cdn.sofifa.net/players/271/121/26_120.png
254796,/player/254796/noni-madueke/260004/,26,4,2025-09-19,N. Madueke,Chukwunonso Tristan Madueke,"RW, RM",80,84,30000000,115000,23,2002-03-10,182,75,13,Premier League,1,1,Arsenal,SUB,20,,2025-07-18,2030,14,England,,,,Left,3,4,1,,Lean (170-185),Yes,57800000,,"Low Driven Shot, Technical, Quick Step",88,75,74,83,45,69,74,75,55,76,65,85,76,65,67,83,89,88,81,76,79,79,76,75,67,74,67,45,79,75,75,77,45,45,30,5,13,6,12,15,,76+2,76+2,76+2,80+0,79+0,79+0,79+0,80+0,79+2,79+2,79+2,79+2,73+2,73+2,73+2,79+2,64+2,62+2,62+2,62+2,64+2,61+2,55+2,55+2,55+2,61+2,18+2,https://cdn.sofifa.net/players/254/796/26_120.png
277283,/player/277283/jack-hinshelwood/260004/,26,4,2025-09-19,J. Hinshelwood,Jack Luca Hinshelwood,"CDM, RB, LB, RM",75,83,11500000,47000,20,2005-04-11,181,76,13,Premier League,1,1808,Brighton & Hove Albion,SUB,13,,2022-07-01,2028,14,England,,,,Right,4,3,1,,Lean (170-185),No,24200000,,Dead Ball,66,65,73,73,74,72,70,68,74,76,55,72,67,67,76,75,67,66,70,75,72,65,84,73,69,60,73,75,67,73,65,71,72,75,74,9,8,13,5,6,,70+2,70+2,70+2,71+0,71+0,71+0,71+0,71+0,72+2,72+2,72+2,72+2,73+2,73+2,73+2,72+2,73+2,74+2,74+2,74+2,73+2,73+2,74+2,74+2,74+2,73+2,15+2,https://cdn.sofifa.net/players/277/283/26_120.png
253306,/player/253306/manuel-ugarte/260004/,26,4,2025-09-19,M. Ugarte,Manuel Ugarte Ribeiro,"CDM, CM",79,83,23000000,69000,24,2001-04-11,182,77,13,Premier League,1,11,Manchester United,SUB,25,,2024-08-30,2029,60,Uruguay,,,,Right,3,3,3,,Normal (170-185),Yes,45400000,,"Intercept, Slide Tackle, Bruiser",62,65,72,76,77,75,62,65,55,77,45,77,70,58,79,76,62,62,68,78,72,67,69,70,74,65,87,83,70,73,62,79,77,81,78,6,10,16,8,13,,68+3,68+3,68+3,71+0,71+0,71+0,71+0,71+0,73+3,73+3,73+3,72+3,76+3,76+3,76+3,72+3,74+3,78+3,78+3,78+3,74+3,74+3,76+3,76+3,76+3,74+3,17+3,https://cdn.sofifa.net/players/253/306/26_120.png
241236,/player/241236/antoine-semenyo/260004/,26,4,2025-09-19,A. Semenyo,Antoine Serlom Semenyo,"RM, LM, RW",80,82,26500000,76000,25,2000-01-07,185,79,13,Premier League,1,1943,AFC Bournemouth,LM,24,,2023-01-27,2030,117,Ghana,111462,SUB,25,Right,5,3,3,,Normal (185+),Yes,52300000,,"Low Driven Shot, Aerial Fortress, Long Throw, Enforcer",80,78,73,81,40,79,74,83,64,74,69,82,74,61,69,81,78,82,79,79,74,81,81,84,79,69,71,34,81,76,69,79,34,44,31,10,11,14,15,7,,78+3,78+3,78+3,79+0,79+0,79+0,79+0,79+0,78+3,78+3,78+3,79+3,73+3,73+3,73+3,79+3,62+3,60+3,60+3,60+3,62+3,59+3,54+3,54+3,54+3,59+3,18+3,https://cdn.sofifa.net/players/241/236/26_120.png
199189,/player/199189/ross-barkley/260004/,26,4,2025-09-19,R. Barkley,Ross Barkley,"CM, CAM",77,77,8500000,90000,31,1993-12-05,186,76,13,Premier League,1,2,Aston Villa,SUB,6,,2024-07-01,2027,14,England,,,,Right,5,4,2,,Normal (185+),Yes,16200000,,Power Shot,53,77,78,76,64,68,73,76,68,80,70,79,74,73,79,80,52,53,60,76,61,83,68,63,70,79,71,63,76,79,65,79,60,68,63,9,14,12,6,10,,74+2,74+2,74+2,74+0,76+0,76+0,76+0,74+0,76+1,76+1,76+1,74+2,77+0,77+0,77+0,74+2,68+2,71+2,71+2,71+2,68+2,67+2,67+2,67+2,67+2,67+2,17+2,https://cdn.sofifa.net/players/199/189/26_120.png
232487,/player/232487/wataru-endo/260004/,26,4,2025-09-19,W. Endo,Wataru Endo遠藤 航,"CDM, CM",79,79,11500000,95000,32,1993-02-09,178,77,13,Premier League,1,9,Liverpool,SUB,3,,2023-08-18,2027,163,Japan,,,,Right,4,3,2,,Normal (170-185),Yes,21300000,,"Press Proven, Relentless",58,68,71,77,79,73,58,67,79,79,36,76,45,49,78,78,66,52,72,77,81,76,85,77,67,73,82,78,68,75,62,79,80,79,73,9,13,7,11,5,,71+2,71+2,71+2,71+0,73+0,73+0,73+0,71+0,74+2,74+2,74+2,72+2,77+2,77+2,77+2,72+2,73+2,78+1,78+1,78+1,73+2,73+2,77+2,77+2,77+2,73+2,17+2,https://cdn.sofifa.net/players/232/487/26_120.png
227678,/player/227678/ezri-konsa/260004/,26,4,2025-09-19,E. Konsa,Ezri Konsa Ngoyo,"CB, RB, RM",82,83,30500000,120000,27,1997-10-23,183,77,13,Premier League,1,2,Aston Villa,RCB,4,,2019-07-11,2028,14,England,1318,RCB,5,Right,3,2,3,,Lean (170-185),Yes,60200000,,"Jockey, Anticipate, Slide Tackle",75,53,71,75,84,78,65,55,80,78,69,73,64,38,72,78,72,78,67,84,68,69,86,79,78,32,76,83,50,75,38,81,85,85,80,14,8,11,13,9,,68+3,68+3,68+3,69+0,69+0,69+0,69+0,69+0,70+3,70+3,70+3,72+3,74+3,74+3,74+3,72+3,78+3,80+3,80+3,80+3,78+3,79+3,82+1,82+1,82+1,79+3,19+3,https://cdn.sofifa.net/players/227/678/26_120.png
235883,/player/235883/ryan-sessegnon/260004/,26,4,2025-09-19,R. Sessegnon,Kouassi Ryan Sessegnon,LB,75,79,7000000,58000,25,2000-05-18,178,70,13,Premier League,1,144,Fulham FC,SUB,30,,2024-07-26,2026,14,England,,,,Left,3,4,1,,Lean (170-185),Yes,13800000,,Rapid,78,67,72,77,71,65,76,68,64,75,60,77,75,44,65,77,79,78,79,73,76,71,75,69,62,64,67,71,74,74,61,75,73,73,69,6,11,7,8,7,,71+2,71+2,71+2,75+0,74+0,74+0,74+0,75+0,74+2,74+2,74+2,75+2,73+2,73+2,73+2,75+2,74+2,71+2,71+2,71+2,74+2,73+2,70+2,70+2,70+2,73+2,15+2,https://cdn.sofifa.net/players/235/883/26_120.png
257400,/player/257400/yasin-ayari/260004/,26,4,2025-09-19,Y. Ayari,Yasin Abbas Ayari,"CM, CDM",75,82,11500000,50000,21,2003-10-06,172,69,13,Premier League,1,1808,Brighton & Hove Albion,LDM,26,,2023-01-30,2027,46,Sweden,1363,RES,6,Right,3,3,1,,Lean (170-185),No,24200000,,Incisive Pass,69,70,73,77,69,62,66,66,46,76,59,76,75,59,75,76,69,69,79,75,86,73,55,72,51,78,78,73,72,75,61,74,69,72,76,9,11,7,7,15,,68+2,68+2,68+2,73+0,73+0,73+0,73+0,73+0,74+2,74+2,74+2,73+2,75+2,75+2,75+2,73+2,72+2,73+2,73+2,73+2,72+2,71+2,68+2,68+2,68+2,71+2,17+2,https://cdn.sofifa.net/players/257/400/26_120.png
257057,/player/257057/amadou-onana/260004/,26,4,2025-09-19,A. Onana,Amadou Zeund Georges Ba Mvom Onana,"CDM, CM",79,83,23000000,85000,23,2001-08-16,192,76,13,Premier League,1,2,Aston Villa,LDM,24,,2024-07-22,2029,7,Belgium,,,,Right,4,3,1,,Lean (185+),Yes,45400000,,"Precision Header, Slide Tackle, Aerial Fortress, Press Proven, Enforcer",74,62,72,73,78,81,58,57,78,80,51,76,72,42,77,78,64,82,49,75,52,75,85,76,83,67,83,76,67,76,39,74,78,80,79,7,12,12,9,10,,71+2,71+2,71+2,71+0,73+0,73+0,73+0,71+0,73+2,73+2,73+2,73+2,76+2,76+2,76+2,73+2,75+2,78+2,78+2,78+2,75+2,76+2,79+2,79+2,79+2,76+2,17+2,https://cdn.sofifa.net/players/257/057/26_120.png
236987,/player/236987/boubacar-kamara/260004/,26,4,2025-09-19,B. Kamara,Boubacar Bernard Kamara,"CDM, CM",83,85,41000000,125000,25,1999-11-23,184,68,13,Premier League,1,2,Aston Villa,RDM,44,,2022-07-01,2030,18,France,,,,Right,3,3,3,,Lean (170-185),Yes,81000000,,Block,64,55,74,75,83,80,64,47,72,84,28,73,59,47,77,80,62,65,66,81,72,67,78,81,79,63,80,85,62,75,63,85,84,86,80,8,12,8,6,11,,66+3,66+3,66+3,69+0,70+0,70+0,70+0,69+0,73+3,73+3,73+3,72+3,77+3,77+3,77+3,72+3,78+3,82+3,82+3,82+3,78+3,78+3,81+3,81+3,81+3,78+3,17+3,https://cdn.sofifa.net/players/236/987/26_120.png
262118,/player/262118/tino-livramento/260004/,26,4,2025-09-19,T. Livramento,Valentino Francisco Livramento,"RB, LB, RM",80,86,31500000,95000,22,2002-11-12,181,71,13,Premier League,1,13,Newcastle United,LB,21,,2023-08-08,2028,14,England,1318,SUB,21,Right,4,3,1,,Normal (170-185),Yes,66200000,,Jockey,82,51,72,78,76,74,79,49,56,77,41,79,80,51,62,78,80,84,76,78,79,61,75,80,71,46,74,78,71,68,41,79,77,80,78,10,12,8,13,13,,66+2,66+2,66+2,73+0,71+0,71+0,71+0,73+0,72+2,72+2,72+2,75+2,72+2,72+2,72+2,75+2,79+2,76+2,76+2,76+2,79+2,78+2,75+2,75+2,75+2,78+2,19+2,https://cdn.sofifa.net/players/262/118/26_120.png
259307,/player/259307/malo-gusto/260004/,26,4,2025-09-19,M. Gusto,Malo Gusto,"RB, RM",79,84,25000000,90000,22,2003-05-19,178,74,13,Premier League,1,5,Chelsea,SUB,27,,2023-01-29,2030,18,France,,,,Right,3,3,3,,Lean (170-185),Yes,49400000,,"Jockey, Block, Slide Tackle, Rapid",84,45,75,78,73,74,79,30,53,76,45,77,76,50,74,77,87,81,84,76,77,65,74,85,68,50,76,76,75,74,45,76,75,76,75,10,6,14,8,11,,63+3,63+3,63+3,72+0,70+0,70+0,70+0,72+0,72+3,72+3,72+3,75+3,74+3,74+3,74+3,75+3,78+3,76+3,76+3,76+3,78+3,77+3,73+3,73+3,73+3,77+3,16+3,https://cdn.sofifa.net/players/259/307/26_120.png
204838,/player/204838/raul-jimenez/260004/,26,4,2025-09-19,R. Jiménez,Raúl Alonso Jiménez Rodríguez,ST,77,77,5000000,80000,34,1991-05-05,190,81,13,Premier League,1,144,Fulham FC,SUB,7,,2023-07-25,2026,83,Mexico,1386,ST,9,Right,3,3,1,,Normal (185+),Yes,9500000,,"Acrobatic, Gamechanger, Enforcer",57,79,74,75,46,79,70,79,78,77,75,75,76,72,73,78,61,54,67,79,59,82,85,67,85,72,79,52,80,74,89,76,43,38,30,7,11,13,14,10,,77+0,77+0,77+0,74+0,76+0,76+0,76+0,74+0,75+2,75+2,75+2,73+2,72+2,72+2,72+2,73+2,60+2,63+2,63+2,63+2,60+2,57+2,59+2,59+2,59+2,57+2,18+2,https://cdn.sofifa.net/players/204/838/26_120.png
228151,/player/228151/josh-cullen/260004/,26,4,2025-09-19,J. Cullen,Joshua Jon Cullen,"CDM, CM",76,76,6500000,51000,29,1996-04-07,175,70,13,Premier League,1,1796,Burnley,LDM,24,,2022-07-12,2027,25,Republic of Ireland,1355,RCM,6,Right,3,3,1,,Normal (170-185),Yes,12400000,,"Pinged Pass, First Touch, Relentless",61,61,75,73,72,70,73,55,61,77,48,69,68,72,75,76,69,55,75,76,80,68,69,86,63,70,68,75,68,74,58,79,72,75,72,9,12,15,11,9,,66+2,66+2,66+2,70+0,69+0,69+0,69+0,70+0,72+2,72+2,72+2,71+2,75+1,75+1,75+1,71+2,74+2,75+1,75+1,75+1,74+2,73+2,71+2,71+2,71+2,73+2,18+2,https://cdn.sofifa.net/players/228/151/26_120.png
207421,/player/207421/leandro-trossard/260004/,26,4,2025-09-19,L. Trossard,Leandro Trossard,"LW, ST, LM",83,83,35000000,175000,30,1994-12-04,171,67,13,Premier League,1,1,Arsenal,LW,19,,2023-01-20,2027,7,Belgium,,,,Right,5,4,3,,Normal (170-185),Yes,64800000,#Acrobat,Whipped Pass,80,81,80,85,30,60,79,83,65,82,80,84,83,69,77,84,87,75,92,82,85,83,74,76,55,78,47,18,83,81,75,84,30,31,18,14,8,11,7,7,,79+3,79+3,79+3,83+0,82+0,82+0,82+0,83+0,82+1,82+1,82+1,82+1,75+3,75+3,75+3,82+1,59+3,56+3,56+3,56+3,59+3,54+3,44+3,44+3,44+3,54+3,17+3,https://cdn.sofifa.net/players/207/421/26_120.png
237477,/player/237477/marcus-tavernier/260004/,26,4,2025-09-19,M. Tavernier,Marcus Joseph Tavernier,"LM, RM, CAM, LW",76,77,9000000,60000,26,1999-03-22,178,75,13,Premier League,1,1943,AFC Bournemouth,CAM,16,,2022-08-01,2029,14,England,,,,Left,3,3,1,,Normal (170-185),Yes,17800000,,"Power Shot, Technical",75,74,73,78,60,64,76,72,50,73,62,80,80,63,68,77,77,73,78,76,79,86,67,82,60,75,50,59,72,74,63,75,59,66,57,9,14,6,12,8,,72+2,72+2,72+2,76+0,75+0,75+0,75+0,76+0,75+2,75+2,75+2,75+2,73+2,73+2,73+2,75+2,70+2,67+2,67+2,67+2,70+2,68+2,61+2,61+2,61+2,68+2,18+2,https://cdn.sofifa.net/players/237/477/26_120.png
236822,/player/236822/gabriel-gudmundsson/260004/,26,4,2025-09-19,G. Gudmundsson,Gabriel Gudmundsson,"LB, LM, CB",77,78,11500000,52000,26,1999-04-29,180,78,13,Premier League,1,8,Leeds United,LB,3,,2025-07-08,2029,46,Sweden,1363,LCB,4,Left,3,3,1,,Normal (170-185),Yes,22700000,,"Rapid, Long Throw",87,64,71,75,70,75,77,59,51,73,56,76,66,50,69,75,85,88,74,74,68,75,76,79,73,69,74,72,68,68,46,72,70,74,74,12,10,7,6,8,,69+2,69+2,69+2,74+0,72+0,72+0,72+0,74+0,72+2,72+2,72+2,74+2,72+2,72+2,72+2,74+2,76+2,73+2,73+2,73+2,76+2,75+2,71+2,71+2,71+2,75+2,16+2,https://cdn.sofifa.net/players/236/822/26_120.png
238616,/player/238616/pedro-lomba-neto/260004/,26,4,2025-09-19,Pedro Neto,Pedro Lomba Neto,"RM, LM, ST, RW",80,82,26500000,110000,25,2000-03-09,174,62,13,Premier League,1,5,Chelsea,RM,7,,2024-08-11,2031,38,Portugal,1354,LM,20,Left,4,4,1,,Unique,Yes,52300000,#Speedster,"Rapid, Quick Step",91,76,74,82,40,68,78,75,50,76,73,82,77,72,63,81,92,90,88,75,88,80,74,73,65,75,68,40,77,76,65,76,40,40,25,6,13,7,12,6,,75+2,75+2,75+2,80+0,79+0,79+0,79+0,80+0,78+2,78+2,78+2,79+2,72+2,72+2,72+2,79+2,63+2,59+2,59+2,59+2,63+2,59+2,51+2,51+2,51+2,59+2,16+2,https://cdn.sofifa.net/players/238/616/26_120.png
251805,/player/251805/jurrien-timber/260004/,26,4,2025-09-19,J. Timber,Jurriën David Norman Timber,"RB, LB, CB, RM",82,85,38500000,120000,24,2001-06-17,179,78,13,Premier League,1,1,Arsenal,RB,12,,2023-07-14,2028,34,Netherlands,105035,SUB,3,Right,3,3,3,,Normal (170-185),Yes,74100000,,"Jockey, Press Proven",76,48,72,77,82,80,76,41,75,80,41,77,65,31,71,78,76,76,71,82,76,61,86,79,82,46,76,83,70,69,42,82,83,83,78,6,6,8,14,14,,67+3,67+3,67+3,71+0,70+0,70+0,70+0,71+0,72+3,72+3,72+3,74+3,75+3,75+3,75+3,74+3,79+3,79+3,79+3,79+3,79+3,80+3,81+3,81+3,81+3,80+3,18+3,https://cdn.sofifa.net/players/251/805/26_120.png
236792,/player/236792/tomas-soucek/260004/,26,4,2025-09-19,T. Souček,Tomáš Souček,"CDM, CM",78,78,12000000,64000,30,1995-02-27,192,86,13,Premier League,1,19,West Ham United,RCM,28,,2020-07-27,2027,12,Czechia,1330,LCM,22,Right,3,3,2,,Lean (185+),Yes,22800000,,"Precision Header, Aerial Fortress",45,72,71,68,78,82,68,72,84,75,79,71,63,53,75,75,42,47,34,78,48,73,79,87,80,70,79,77,76,71,70,73,75,79,79,11,13,5,6,8,,73+2,73+2,73+2,68+0,71+0,71+0,71+0,68+0,70+2,70+2,70+2,70+2,75+2,75+2,75+2,70+2,73+2,77+1,77+1,77+1,73+2,74+2,78+0,78+0,78+0,74+2,17+2,https://cdn.sofifa.net/players/236/792/26_120.png
240740,/player/240740/callum-hudson-odoi/260004/,26,4,2025-09-19,C. Hudson-Odoi,Callum James Hudson-Odoi,"LM, LW",78,82,20000000,70000,24,2000-11-07,182,76,13,Premier League,1,14,Nottingham Forest,LM,7,,2023-09-01,2028,14,England,,,,Right,3,4,2,,Normal (170-185),Yes,39500000,,Technical,82,75,75,81,50,63,76,75,52,75,60,82,80,70,70,80,85,79,83,75,78,78,71,73,62,80,53,47,75,76,60,77,50,53,45,14,13,11,15,5,,74+2,74+2,74+2,78+0,77+0,77+0,77+0,78+0,78+2,78+2,78+2,77+2,73+2,73+2,73+2,77+2,66+2,63+2,63+2,63+2,66+2,63+2,56+2,56+2,56+2,63+2,19+2,https://cdn.sofifa.net/players/240/740/26_120.png
235167,/player/235167/vitaly-janelt/260004/,26,4,2025-09-19,V. Janelt,Vitaly Janelt,"CM, CDM",76,77,8500000,60000,27,1998-05-10,184,79,13,Premier League,1,1925,Brentford,SUB,27,,2020-10-03,2026,21,Germany,,,,Left,3,3,1,,Normal (170-185),Yes,16800000,,"Intercept, Anticipate",59,70,73,73,73,78,68,68,55,78,72,72,63,54,78,76,64,55,68,78,64,77,71,83,76,70,76,75,72,74,52,75,74,76,72,6,8,6,6,14,,70+2,70+2,70+2,71+0,72+0,72+0,72+0,71+0,73+2,73+2,73+2,72+2,76+1,76+1,76+1,72+2,74+2,76+1,76+1,76+1,74+2,72+2,73+2,73+2,73+2,72+2,16+2,https://cdn.sofifa.net/players/235/167/26_120.png
239373,/player/239373/zian-flemming/260004/,26,4,2025-09-19,Z. Flemming,Zian Flemming,ST,73,74,3600000,44000,26,1998-08-01,185,84,13,Premier League,1,1796,Burnley,SUB,19,,2025-07-01,2029,34,Netherlands,,,,Right,4,3,1,,Normal (185+),No,7100000,,"Precision Header, Inventive, Long Throw",70,74,71,72,54,79,65,73,73,74,68,71,74,74,70,74,65,74,67,73,70,77,81,82,78,75,77,46,73,73,68,72,52,57,52,13,7,7,8,9,,73+1,73+1,73+1,72+0,73+0,73+0,73+0,72+0,73+1,73+1,73+1,72+2,71+2,71+2,71+2,72+2,64+2,65+2,65+2,65+2,64+2,63+2,63+2,63+2,63+2,63+2,16+2,https://cdn.sofifa.net/players/239/373/26_120.png
236920,/player/236920/justin-kluivert/260004/,26,4,2025-09-19,J. Kluivert,Justin Dean Kluivert,"CAM, LM, CM",79,81,21500000,77000,26,1999-05-05,172,67,13,Premier League,1,1943,AFC Bournemouth,SUB,19,,2023-07-01,2028,34,Netherlands,105035,RES,19,Right,4,4,1,,Normal (170-185),Yes,42500000,,Rapid,87,78,76,81,38,62,77,75,57,77,67,82,72,63,75,80,89,86,87,78,83,84,71,76,53,81,65,30,78,78,84,72,43,35,30,5,6,14,7,12,,76+2,76+2,76+2,80+0,79+0,79+0,79+0,80+0,79+2,79+2,79+2,79+2,73+2,73+2,73+2,79+2,62+2,59+2,59+2,59+2,62+2,58+2,49+2,49+2,49+2,58+2,16+2,https://cdn.sofifa.net/players/236/920/26_120.png
236045,/player/236045/reinildo-isnard-mandava/260004/,26,4,2025-09-19,Reinildo,Reinildo Isnard Mandava,"LB, CB, LM",79,79,12500000,64000,31,1994-01-21,180,73,13,Premier League,1,106,Sunderland,LB,17,,2025-07-08,2027,130,Mozambique,,,,Left,3,3,3,,Lean (170-185),Yes,23800000,,"Block, Bruiser",81,55,68,74,77,78,74,57,76,75,53,74,68,36,60,75,81,81,76,76,71,60,88,81,75,47,80,76,69,64,44,73,77,78,78,6,8,13,15,7,,69+3,69+3,69+3,72+0,70+0,70+0,70+0,72+0,70+3,70+3,70+3,73+3,70+3,70+3,70+3,73+3,77+2,75+3,75+3,75+3,77+2,77+2,77+2,77+2,77+2,77+2,17+3,https://cdn.sofifa.net/players/236/045/26_120.png
278016,/player/278016/murillo-costa-dos-santos/260004/,26,4,2025-09-19,Murillo,Murillo Santiago Costa dos Santos,CB,83,87,47500000,100000,22,2002-07-04,180,75,13,Premier League,1,14,Nottingham Forest,LCB,5,,2023-08-31,2029,54,Brazil,,,,Left,3,2,3,,Stocky (170-185),Yes,93800000,#Strength,"Long Ball Pass, Block, Intercept, Bruiser",80,48,67,71,83,83,53,33,79,76,35,69,57,56,77,73,83,78,65,82,63,72,95,70,90,60,81,83,40,62,52,79,83,83,84,14,9,14,12,13,,63+3,63+3,63+3,64+0,64+0,64+0,64+0,64+0,66+3,66+3,66+3,67+3,71+3,71+3,71+3,67+3,76+3,79+3,79+3,79+3,76+3,78+3,83+3,83+3,83+3,78+3,20+3,https://cdn.sofifa.net/players/278/016/26_120.png
186146,/player/186146/danny-welbeck/260004/,26,4,2025-09-19,D. Welbeck,Daniel Nii Tackie Mensah Welbeck,ST,78,78,7000000,90000,34,1990-11-26,185,73,13,Premier League,1,1808,Brighton & Hove Albion,ST,18,,2020-10-18,2026,14,England,,,,Right,4,3,2,,Normal (185+),Yes,13300000,,Enforcer,60,78,74,77,45,77,70,81,78,78,75,78,71,79,65,81,60,60,65,81,65,81,83,68,81,70,78,40,83,75,77,80,45,40,35,9,10,6,12,16,,78+0,78+0,78+0,75+0,77+0,77+0,77+0,75+0,76+2,76+2,76+2,75+2,72+2,72+2,72+2,75+2,60+2,62+2,62+2,62+2,60+2,57+2,58+2,58+2,58+2,57+2,19+2,https://cdn.sofifa.net/players/186/146/26_120.png
264293,/player/264293/habib-diarra/260004/,26,4,2025-09-19,H. Diarra,Mouhamadou Habib Diarra,"CM, CAM",77,83,17000000,40000,21,2004-01-03,178,75,13,Premier League,1,106,Sunderland,RCM,19,,2021-07-01,2030,136,Senegal,,,,Right,2,2,1,,Normal (170-185),Yes,35700000,,Technical,70,68,71,77,71,71,56,66,58,78,52,78,67,52,77,78,74,67,73,76,70,78,72,77,69,68,68,76,76,77,59,77,66,76,70,8,12,7,7,8,,71+2,71+2,71+2,73+0,75+0,75+0,75+0,73+0,76+2,76+2,76+2,74+2,77+2,77+2,77+2,74+2,72+2,75+2,75+2,75+2,72+2,71+2,71+2,71+2,71+2,71+2,16+2,https://cdn.sofifa.net/players/264/293/26_120.png
257470,/player/257470/anthony-elanga/260004/,26,4,2025-09-19,A. Elanga,Anthony David Junior Elanga,"RW, RM",81,84,35000000,115000,23,2002-04-27,178,70,13,Premier League,1,13,Newcastle United,RW,20,,2025-07-11,2030,46,Sweden,1363,RM,11,Right,5,3,3,,Lean (170-185),Yes,69100000,#Speedster,"Low Driven Shot, Rapid, Quick Step, Enforcer",92,72,76,82,39,70,80,77,67,76,64,83,79,66,66,81,93,91,85,79,79,72,84,75,72,67,55,31,80,79,56,79,38,38,33,13,5,13,8,10,,77+3,77+3,77+3,81+0,80+0,80+0,80+0,81+0,79+3,79+3,79+3,80+3,72+3,72+3,72+3,80+3,63+3,58+3,58+3,58+3,63+3,60+3,52+3,52+3,52+3,60+3,17+3,https://cdn.sofifa.net/players/257/470/26_120.png
243657,/player/243657/james-garner/260004/,26,4,2025-09-19,J. Garner,James David Garner,"CDM, CM",76,81,10500000,31000,24,2001-03-13,182,80,13,Premier League,1,7,Everton,RDM,37,,2022-09-01,2026,14,England,,,,Right,3,3,1,,Lean (170-185),Yes,20700000,,"Intercept, Slide Tackle",58,66,78,72,71,70,76,60,59,80,53,70,78,77,79,77,62,55,69,74,57,80,67,75,67,70,74,72,63,77,66,79,72,74,70,10,7,7,5,12,,67+2,67+2,67+2,70+0,70+0,70+0,70+0,70+0,72+2,72+2,72+2,71+2,75+2,75+2,75+2,71+2,73+2,75+2,75+2,75+2,73+2,71+2,71+2,71+2,71+2,71+2,16+2,https://cdn.sofifa.net/players/243/657/26_120.png
220710,/player/220710/harry-wilson/260004/,26,4,2025-09-19,H. Wilson,Harry Wilson,"RM, RW",76,76,7500000,69000,28,1997-03-22,173,70,13,Premier League,1,144,Fulham FC,RM,8,,2021-07-24,2026,50,Wales,,,,Left,2,3,1,,Normal (170-185),Yes,14300000,,Gamechanger,75,78,75,76,46,56,77,75,69,75,75,75,84,82,70,77,76,75,78,74,84,83,70,68,53,81,45,40,75,75,77,76,44,45,40,7,13,9,15,7,,74+2,74+2,74+2,76+0,76+0,76+0,76+0,76+0,75+1,75+1,75+1,75+1,71+2,71+2,71+2,75+1,62+2,59+2,59+2,59+2,62+2,60+2,52+2,52+2,52+2,60+2,17+2,https://cdn.sofifa.net/players/220/710/26_120.png
234742,/player/234742/harvey-barnes/260004/,26,4,2025-09-19,H. Barnes,Harvey Lewis Barnes,"LW, LM",80,80,22500000,125000,27,1997-12-09,185,72,13,Premier League,1,13,Newcastle United,SUB,11,,2023-07-23,2028,14,England,,,,Right,4,3,2,,Normal (185+),Yes,42800000,,Finesse Shot,83,80,75,81,43,68,75,80,46,76,68,82,79,69,68,82,80,85,78,79,77,82,70,74,71,83,53,43,81,80,65,77,44,43,40,6,5,11,8,10,,77+2,77+2,77+2,80+0,80+0,80+0,80+0,80+0,80+0,80+0,80+0,79+1,74+2,74+2,74+2,79+1,65+2,61+2,61+2,61+2,65+2,61+2,53+2,53+2,53+2,61+2,15+2,https://cdn.sofifa.net/players/234/742/26_120.png
255223,/player/255223/amine-adli/260004/,26,4,2025-09-19,A. Adli,Amine Adliأمين عدلي,"ST, LM, CAM",78,82,20000000,71000,25,2000-05-10,174,72,13,Premier League,1,1943,AFC Bournemouth,SUB,21,,2025-08-21,2030,129,Morocco,111111,LM,21,Left,3,4,1,,Lean (170-185),Yes,39500000,,"Gamechanger, Technical",84,76,70,82,42,69,66,79,74,75,67,83,73,52,63,82,87,82,86,76,84,79,91,64,67,72,73,30,78,73,68,71,44,38,35,10,8,14,8,12,,78+2,78+2,78+2,79+0,79+0,79+0,79+0,79+0,78+2,78+2,78+2,77+2,70+2,70+2,70+2,77+2,60+2,58+2,58+2,58+2,60+2,57+2,54+2,54+2,54+2,57+2,17+2,https://cdn.sofifa.net/players/255/223/26_120.png
203574,/player/203574/john-stones/260004/,26,4,2025-09-19,J. Stones,John Stones,"CB, RB",82,82,21000000,135000,31,1994-05-28,188,80,13,Premier League,1,10,Manchester City,SUB,5,,2016-08-09,2026,14,England,,,,Right,4,3,3,,Lean (185+),Yes,38900000,,Long Throw,64,58,74,75,84,72,63,54,84,82,44,74,62,37,79,79,65,64,62,82,62,68,85,53,78,61,79,83,58,78,52,85,84,85,84,7,15,11,10,8,,69+3,69+3,69+3,70+0,71+0,71+0,71+0,70+0,73+3,73+3,73+3,71+3,76+3,76+3,76+3,71+3,75+3,80+2,80+2,80+2,75+3,77+3,82+0,82+0,82+0,77+3,18+3,https://cdn.sofifa.net/players/203/574/26_120.png
235432,/player/235432/marshall-munetsi/260004/,26,4,2025-09-19,M. Munetsi,Marshall Nyasha Munetsi,"CM, CAM, RW",76,76,7500000,58000,29,1996-06-22,188,83,13,Premier League,1,110,Wolverhampton Wanderers,RW,5,,2025-02-03,2028,148,Zimbabwe,,,,Right,3,3,2,,Normal (185+),Yes,14300000,,Relentless,67,69,71,72,74,79,59,68,78,77,54,75,61,48,76,76,63,70,54,76,55,77,83,89,77,73,69,75,75,75,43,74,72,75,70,13,10,7,8,11,,73+2,73+2,73+2,71+0,74+0,74+0,74+0,71+0,74+2,74+2,74+2,73+2,76+0,76+0,76+0,73+2,73+2,76+0,76+0,76+0,73+2,73+2,74+2,74+2,74+2,73+2,18+2,https://cdn.sofifa.net/players/235/432/26_120.png
217826,/player/217826/josh-laurent/260004/,26,4,2025-09-19,J. Laurent,Joshua Ishaele Jacob-Heron Hunt-Laurent,"CDM, CM, CAM",73,73,2500000,41000,30,1995-05-06,188,76,13,Premier League,1,1796,Burnley,RDM,29,,2024-08-30,2026,14,England,,,,Right,3,3,1,,Stocky (185+),No,4800000,,,78,61,64,70,71,87,59,59,67,68,53,70,68,45,68,71,76,80,70,73,66,66,86,90,87,63,84,70,62,63,51,70,71,72,70,14,8,12,14,16,,68+2,68+2,68+2,68+0,68+0,68+0,68+0,68+0,68+2,68+2,68+2,69+2,69+2,69+2,69+2,69+2,72+1,72+1,72+1,72+1,72+1,72+1,74+-1,74+-1,74+-1,72+1,20+2,https://cdn.sofifa.net/players/217/826/26_120.png
231447,/player/231447/donyell-malen/260004/,26,4,2025-09-19,D. Malen,Donyell Malen,"RM, RW, LM",79,80,20500000,100000,26,1999-01-19,176,68,13,Premier League,1,2,Aston Villa,SUB,17,,2025-01-14,2029,34,Netherlands,105035,SUB,18,Right,4,4,3,,Unique,Yes,40500000,,"Technical, First Touch, Quick Step",86,78,72,82,35,67,72,79,67,77,81,83,76,61,61,81,89,84,86,78,86,84,73,69,66,71,65,31,80,71,74,79,29,33,35,7,9,9,10,14,,79+1,79+1,79+1,80+0,80+0,80+0,80+0,80+0,78+2,78+2,78+2,78+2,70+3,70+3,70+3,78+2,60+3,56+3,56+3,56+3,60+3,57+3,50+3,50+3,50+3,57+3,17+3,https://cdn.sofifa.net/players/231/447/26_120.png
254088,/player/254088/amad-diallo/260004/,26,4,2025-09-19,Amad,Amad Diallo Traoré,"CAM, RW, RM, CM",79,85,28000000,74000,22,2002-07-11,173,67,13,Premier League,1,11,Manchester United,SUB,16,,2021-01-07,2030,108,Côte d'Ivoire,,,,Left,4,4,1,,Lean (170-185),Yes,58800000,#Acrobat,Technical,85,74,75,83,54,52,75,77,53,76,54,83,77,60,71,80,88,82,92,77,89,78,65,70,45,69,42,59,78,77,63,78,51,57,49,13,15,8,11,6,,74+2,74+2,74+2,79+0,78+0,78+0,78+0,79+0,79+2,79+2,79+2,78+2,74+2,74+2,74+2,78+2,69+2,64+2,64+2,64+2,69+2,66+2,57+2,57+2,57+2,66+2,18+2,https://cdn.sofifa.net/players/254/088/26_120.png
239529,/player/239529/frank-onyeka/260004/,26,4,2025-09-19,F. Onyeka,Ogochukwu Frank Onyeka,"CM, CDM",74,75,4800000,53000,27,1998-01-01,183,70,13,Premier League,1,1925,Brentford,SUB,15,,2021-07-20,2027,133,Nigeria,,,,Right,3,3,1,,Lean (170-185),Yes,9500000,,Slide Tackle,74,64,69,74,72,78,58,64,63,75,53,72,60,42,74,75,68,79,79,73,71,70,74,85,74,64,80,77,75,73,48,70,72,73,68,15,9,7,6,14,,70+2,70+2,70+2,71+0,72+0,72+0,72+0,71+0,73+2,73+2,73+2,72+2,74+1,74+1,74+1,72+2,73+2,75+0,75+0,75+0,73+2,72+2,73+2,73+2,73+2,72+2,18+2,https://cdn.sofifa.net/players/239/529/26_120.png
236461,/player/236461/jean-philippe-mateta/260004/,26,4,2025-09-19,J. Mateta,Jean-Philippe Mateta,ST,82,82,31000000,115000,28,1997-06-28,192,88,13,Premier League,1,1799,Crystal Palace,ST,14,,2022-01-31,2027,18,France,,,,Right,5,3,3,,Stocky (185+),Yes,58900000,#Strength,"Low Driven Shot, Gamechanger, Enforcer",75,84,70,77,41,81,59,86,76,78,79,82,75,54,63,80,69,80,53,82,55,86,86,68,86,79,81,41,84,73,83,82,35,39,30,8,8,7,13,11,,82+0,82+0,82+0,77+0,81+0,81+0,81+0,77+0,78+3,78+3,78+3,76+3,72+3,72+3,72+3,76+3,59+3,61+3,61+3,61+3,59+3,57+3,57+3,57+3,57+3,57+3,18+3,https://cdn.sofifa.net/players/236/461/26_120.png
193474,/player/193474/idrissa-gueye/260004/,26,4,2025-09-19,I. Gueye,Idrissa Gana Gueye,"CDM, CM",79,79,4900000,35000,35,1989-09-26,174,66,13,Premier League,1,7,Everton,LDM,27,,2022-09-01,2026,136,Senegal,,,,Right,3,3,2,,Lean (170-185),Yes,9300000,,"Intercept, Slide Tackle, Aerial Fortress",60,59,70,73,80,70,65,52,69,77,33,68,66,66,72,76,66,55,77,81,76,76,75,82,58,65,83,83,58,65,55,75,79,84,80,8,6,8,12,13,,65+2,65+2,65+2,67+0,67+0,67+0,67+0,67+0,69+2,69+2,69+2,69+2,73+2,73+2,73+2,69+2,76+2,78+1,78+1,78+1,76+2,76+2,77+2,77+2,77+2,76+2,18+2,https://cdn.sofifa.net/players/193/474/26_120.png
260592,/player/260592/benjamin-sesko/260004/,26,4,2025-09-19,B. Šeško,Benjamin Šeško,ST,80,88,47500000,84000,22,2003-05-31,195,86,13,Premier League,1,11,Manchester United,ST,30,,2025-08-09,2030,44,Slovenia,,,,Right,4,4,3,,Lean (185+),Yes,99800000,#Aerial threat,"Power Shot, Precision Header, Acrobatic, Gamechanger, Aerial Fortress, Technical",83,80,65,78,46,80,56,81,82,74,75,79,63,56,59,81,79,87,75,73,69,85,93,84,83,75,62,39,81,63,70,77,45,42,35,10,8,5,14,6,,80+3,80+3,80+3,76+0,78+0,78+0,78+0,76+0,75+3,75+3,75+3,75+3,70+3,70+3,70+3,75+3,61+3,60+3,60+3,60+3,61+3,60+3,58+3,58+3,58+3,60+3,16+3,https://cdn.sofifa.net/players/260/592/26_120.png
235173,/player/235173/ibrahim-sangare/260004/,26,4,2025-09-19,I. Sangaré,Ibrahim Sangaré,"CDM, CM",77,79,11500000,72000,27,1997-12-02,191,77,13,Premier League,1,14,Nottingham Forest,RDM,6,,2023-09-01,2028,108,Côte d'Ivoire,,,,Right,4,3,3,,Lean (185+),Yes,22700000,,"Press Proven, Bruiser, Enforcer",58,65,72,71,77,79,66,59,71,76,62,74,64,62,75,74,62,54,54,75,58,80,75,66,87,62,75,78,68,72,64,75,76,78,77,7,13,11,6,7,,70+3,70+3,70+3,68+0,70+0,70+0,70+0,68+0,70+3,70+3,70+3,70+3,73+3,73+3,73+3,70+3,72+3,76+3,76+3,76+3,72+3,72+3,77+2,77+2,77+2,72+3,16+3,https://cdn.sofifa.net/players/235/173/26_120.png
225863,/player/225863/olivier-boscagli/260004/,26,4,2025-09-19,O. Boscagli,Olivier Maxime Boscagli,CB,79,81,18500000,85000,27,1997-11-18,181,68,13,Premier League,1,1808,Brighton & Hove Albion,SUB,21,,2025-07-02,2030,18,France,,,,Left,3,3,2,,Lean (170-185),Yes,36500000,,"Long Ball Pass, Intercept",65,50,77,77,79,76,72,33,76,82,29,74,52,56,84,82,68,62,73,81,71,72,84,68,80,69,73,82,62,77,41,79,77,79,78,8,7,14,8,12,,65+2,65+2,65+2,70+0,70+0,70+0,70+0,70+0,73+2,73+2,73+2,72+2,77+2,77+2,77+2,72+2,76+2,80+1,80+1,80+1,76+2,76+2,79+2,79+2,79+2,76+2,17+2,https://cdn.sofifa.net/players/225/863/26_120.png
264298,/player/264298/conor-bradley/260004/,26,4,2025-09-19,C. Bradley,Conor Bradley,"RB, RM",78,84,21000000,60000,21,2003-07-09,181,75,13,Premier League,1,9,Liverpool,SUB,12,,2020-06-01,2029,35,Northern Ireland,110081,RM,2,Right,3,3,1,,Lean (170-185),Yes,43100000,,Relentless,80,61,70,75,75,74,77,62,65,74,55,75,60,34,65,77,80,80,72,76,67,68,76,84,65,56,84,75,74,69,40,68,75,77,75,15,9,10,5,10,,70+2,70+2,70+2,73+0,72+0,72+0,72+0,73+0,72+2,72+2,72+2,75+2,73+2,73+2,73+2,75+2,77+2,75+2,75+2,75+2,77+2,76+2,74+2,74+2,74+2,76+2,17+2,https://cdn.sofifa.net/players/264/298/26_120.png
237679,/player/237679/randal-kolo-muani/260004/,26,4,2025-09-19,R. Kolo Muani,Randal Kolo Muani,ST,81,82,31000000,95000,26,1998-12-05,187,73,13,Premier League,1,18,Tottenham Hotspur,SUB,39,Paris Saint-Germain,,2026,18,France,1335,RES,12,Right,4,3,3,,Lean (185+),Yes,,#Speedster,"Finesse Shot, Technical, Rapid, Quick Step",90,79,71,80,38,65,64,81,80,77,80,80,70,62,62,81,90,90,84,78,71,83,88,74,69,73,36,38,82,77,70,79,32,33,32,7,14,15,8,5,,81+1,81+1,81+1,80+0,81+0,81+0,81+0,80+0,79+3,79+3,79+3,78+3,72+3,72+3,72+3,78+3,61+3,56+3,56+3,56+3,61+3,58+3,51+3,51+3,51+3,58+3,16+3,https://cdn.sofifa.net/players/237/679/26_120.png
206516,/player/206516/will-hughes/260004/,26,4,2025-09-19,W. Hughes,William James Hughes,"CDM, CM",77,77,9000000,71000,30,1995-04-17,185,74,13,Premier League,1,1799,Crystal Palace,LCM,19,,2021-08-28,2027,14,England,,,,Left,3,3,1,,Lean (185+),Yes,17100000,,,51,62,76,75,73,67,74,62,58,79,63,75,77,66,75,77,54,48,67,78,70,64,61,69,60,60,84,78,66,78,66,77,69,77,75,7,15,12,9,12,,66+2,66+2,66+2,70+0,70+0,70+0,70+0,70+0,72+2,72+2,72+2,71+2,75+2,75+2,75+2,71+2,73+2,76+1,76+1,76+1,73+2,72+2,72+2,72+2,72+2,72+2,18+2,https://cdn.sofifa.net/players/206/516/26_120.png
277427,/player/277427/nico-oreilly/260004/,26,4,2025-09-19,N. O'Reilly,Nico O'Reilly,"LB, CM, CAM",73,83,6500000,48000,20,2005-03-21,193,77,13,Premier League,1,10,Manchester City,SUB,33,,2021-07-01,2028,14,England,,,,Left,2,3,1,,Lean (185+),No,13300000,,,73,66,72,73,69,70,71,65,69,75,57,74,70,59,70,73,71,74,72,70,69,70,75,72,68,66,70,71,70,71,59,72,68,70,68,7,13,8,7,12,,70+2,70+2,70+2,71+0,71+0,71+0,71+0,71+0,72+2,72+2,72+2,72+2,72+2,72+2,72+2,72+2,71+2,71+2,71+2,71+2,71+2,71+2,70+2,70+2,70+2,71+2,16+2,https://cdn.sofifa.net/players/277/427/26_120.png
269278,/player/269278/diego-gomez/260004/,26,4,2025-09-19,D. Gómez,Diego Alexander Gómez Amarilla,"CM, CDM",73,80,6000000,49000,22,2003-03-27,183,77,13,Premier League,1,1808,Brighton & Hove Albion,SUB,25,,2025-01-01,2030,58,Paraguay,,,,Right,3,2,1,,Lean (170-185),No,12600000,,,69,67,71,75,72,75,63,65,65,76,53,76,70,54,73,76,70,68,72,73,63,70,76,70,75,70,79,72,71,72,63,74,73,73,68,6,6,8,6,9,,70+2,70+2,70+2,72+0,72+0,72+0,72+0,72+0,73+2,73+2,73+2,72+2,73+2,73+2,73+2,72+2,71+2,73+2,73+2,73+2,71+2,71+2,72+2,72+2,72+2,71+2,14+2,https://cdn.sofifa.net/players/269/278/26_120.png
234824,/player/234824/yoane-wissa/260004/,26,4,2025-09-19,Y. Wissa,Yoane Wissa,ST,82,82,31000000,150000,28,1996-09-03,176,74,13,Premier League,1,13,Newcastle United,SUB,9,,2025-09-01,2029,110,Congo DR,,,,Right,3,3,3,,Lean (170-185),Yes,58900000,,"Acrobatic, Low Driven Shot, Gamechanger, Rapid",85,82,70,80,31,71,72,85,81,76,85,80,57,54,61,80,83,87,83,84,73,82,86,78,68,76,67,31,85,72,79,74,25,24,19,14,7,6,8,15,,82+0,82+0,82+0,80+0,81+0,81+0,81+0,80+0,79+3,79+3,79+3,79+3,71+3,71+3,71+3,79+3,58+3,55+3,55+3,55+3,58+3,55+3,49+3,49+3,49+3,55+3,19+3,https://cdn.sofifa.net/players/234/824/26_120.png
215700,/player/215700/luke-onien/260004/,26,4,2025-09-19,L. O'Nien,Luke Terry O'Nien,CB,72,72,1900000,37000,30,1994-11-21,179,74,13,Premier League,1,106,Sunderland,SUB,13,,2018-07-30,2027,14,England,,,,Right,4,2,1,,Lean (170-185),No,3600000,,"Long Ball Pass, Slide Tackle, Long Throw",72,58,65,68,70,82,60,57,68,69,60,65,60,58,68,67,75,70,77,70,81,58,87,92,75,60,85,70,61,65,59,69,73,69,69,9,14,8,14,10,,64+2,64+2,64+2,66+0,65+0,65+0,65+0,66+0,66+2,66+2,66+2,67+2,68+2,68+2,68+2,67+2,71+1,72+0,72+0,72+0,71+1,71+1,72+0,72+0,72+0,71+1,18+2,https://cdn.sofifa.net/players/215/700/26_120.png
138412,/player/138412/james-milner/260004/,26,4,2025-09-19,J. Milner,James Philip Milner,"CM, RB, CDM",73,73,950000,39000,39,1986-01-04,175,70,13,Premier League,1,1808,Brighton & Hove Albion,SUB,20,,2023-07-01,2026,14,England,,,,Right,4,3,1,,Stocky (170-185),Yes,1800000,,,46,69,75,72,73,63,75,62,65,76,73,72,76,73,75,76,45,46,57,76,63,79,63,47,66,70,77,75,71,73,86,74,72,75,72,12,9,10,8,6,,68+2,68+2,68+2,68+0,70+0,70+0,70+0,68+0,71+2,71+2,71+2,68+2,73+0,73+0,73+0,68+2,69+2,73+0,73+0,73+0,69+2,68+2,72+1,72+1,72+1,68+2,16+2,https://cdn.sofifa.net/players/138/412/26_120.png
270857,/player/270857/mateus-goncalo-espanha-fernandes/260004/,26,4,2025-09-19,Mateus Fernandes,Mateus Gonçalo Espanha Fernandes,"CAM, CM",76,85,16500000,42000,20,2004-07-10,178,72,13,Premier League,1,19,West Ham United,SUB,18,,2025-08-29,2030,38,Portugal,,,,Right,4,4,1,,Normal (170-185),Yes,34700000,,"Inventive, First Touch",70,69,74,79,59,66,62,69,56,79,63,79,74,70,77,78,73,67,84,77,81,70,69,78,62,67,60,62,75,76,64,74,55,64,53,6,5,12,8,5,,71+2,71+2,71+2,74+0,75+0,75+0,75+0,74+0,76+2,76+2,76+2,75+2,75+2,75+2,75+2,75+2,68+2,69+2,69+2,69+2,68+2,66+2,62+2,62+2,62+2,66+2,14+2,https://cdn.sofifa.net/players/270/857/26_120.png
241187,/player/241187/lutsharel-geertruida/260004/,26,4,2025-09-19,L. Geertruida,Lutsharel Geertruida,"CB, RB, LB",78,82,18000000,41000,24,2000-07-18,185,84,13,Premier League,1,106,Sunderland,SUB,6,RB Leipzig,,2026,34,Netherlands,,,,Right,3,2,2,,Normal (185+),Yes,,,"Pinged Pass, Jockey, Intercept",72,59,70,75,78,78,70,66,79,76,38,76,56,30,74,77,76,69,69,75,68,65,89,76,80,45,73,77,69,69,45,75,76,81,78,12,11,13,12,10,,71+2,71+2,71+2,72+0,71+0,71+0,71+0,72+0,72+2,72+2,72+2,73+2,73+2,73+2,73+2,73+2,76+2,76+2,76+2,76+2,76+2,76+2,78+2,78+2,78+2,76+2,18+2,https://cdn.sofifa.net/players/241/187/26_120.png
263620,/player/263620/romeo-lavia/260004/,26,4,2025-09-19,R. Lavia,Roméo Lavia,"CDM, CM",78,85,27000000,69000,21,2004-01-06,181,76,13,Premier League,1,5,Chelsea,SUB,45,,2023-08-18,2030,7,Belgium,,,,Right,3,3,1,,Normal (170-185),Yes,56700000,,Technical,69,52,72,77,77,75,62,43,70,79,43,77,70,50,76,78,71,68,76,77,77,63,80,65,77,60,79,78,60,75,50,78,78,78,77,7,7,5,11,13,,65+2,65+2,65+2,69+0,69+0,69+0,69+0,69+0,72+2,72+2,72+2,71+2,74+2,74+2,74+2,71+2,74+2,77+2,77+2,77+2,74+2,74+2,77+2,77+2,77+2,74+2,17+2,https://cdn.sofifa.net/players/263/620/26_120.png
74866,/player/74866/andre-trindade/260004/,26,4,2025-09-19,André,André Trindade da Costa Neto,"CDM, CM",78,83,19500000,53000,23,2001-07-16,177,77,13,Premier League,1,110,Wolverhampton Wanderers,RCM,7,,2024-08-30,2029,54,Brazil,,,,Right,3,2,1,,Normal (170-185),No,38500000,,Press Proven,58,58,74,77,75,72,66,53,58,78,53,77,74,52,80,77,62,55,74,76,79,69,67,76,67,61,82,79,65,74,54,78,73,78,79,5,5,9,14,7,,65+2,65+2,65+2,69+0,69+0,69+0,69+0,69+0,72+2,72+2,72+2,71+2,75+2,75+2,75+2,71+2,74+2,77+2,77+2,77+2,74+2,73+2,74+2,74+2,74+2,73+2,15+2,https://cdn.sofifa.net/players/074/866/26_120.png
261299,/player/261299/alex-scott/260004/,26,4,2025-09-19,A. Scott,Alex Jay Scott,"CAM, CDM, CM",74,83,9500000,40000,21,2003-08-21,178,68,13,Premier League,1,1943,AFC Bournemouth,RDM,8,,2023-08-10,2028,14,England,,,,Right,3,3,1,,Lean (170-185),Yes,20000000,,,71,62,73,79,65,68,68,63,52,76,53,79,67,72,73,77,73,69,84,73,85,63,67,71,64,62,76,68,68,74,52,73,65,68,62,9,10,15,12,8,,67+2,67+2,67+2,73+0,71+0,71+0,71+0,73+0,74+2,74+2,74+2,73+2,73+2,73+2,73+2,73+2,70+2,71+2,71+2,71+2,70+2,68+2,67+2,67+2,67+2,68+2,17+2,https://cdn.sofifa.net/players/261/299/26_120.png
241602,/player/241602/jhon-arias/260004/,26,4,2025-09-19,J. Arias,Jhon Adolfo Arias Andrade,"RW, CAM, LW, RM",78,78,15000000,68000,27,1997-09-21,172,66,13,Premier League,1,110,Wolverhampton Wanderers,LW,10,,2025-07-24,2029,56,Colombia,,,,Right,4,3,1,,Normal (170-185),No,28500000,#Acrobat,"Press Proven, Relentless",85,75,74,79,42,68,76,75,48,76,68,78,71,63,69,76,86,85,90,76,88,79,74,78,72,75,45,55,75,77,70,76,45,32,33,7,7,7,6,15,,74+2,74+2,74+2,78+0,77+0,77+0,77+0,78+0,77+1,77+1,77+1,77+1,72+2,72+2,72+2,77+1,64+2,61+2,61+2,61+2,64+2,60+2,52+2,52+2,52+2,60+2,16+2,https://cdn.sofifa.net/players/241/602/26_120.png
252042,/player/252042/joao-pedro-junqueira-de-jesus/260004/,26,4,2025-09-19,João Pedro,João Pedro Junqueira de Jesus,"ST, CAM",79,84,27000000,105000,23,2001-09-26,188,82,13,Premier League,1,5,Chelsea,ST,20,,2023-06-14,2032,54,Brazil,,,,Right,4,4,1,,Lean (185+),Yes,53300000,,Rapid,78,78,72,81,37,70,66,79,77,78,74,83,73,54,69,81,79,77,76,79,77,80,84,75,70,71,61,38,80,75,86,78,39,27,23,7,6,10,8,14,,79+2,79+2,79+2,78+0,79+0,79+0,79+0,78+0,78+2,78+2,78+2,77+2,72+2,72+2,72+2,77+2,59+2,58+2,58+2,58+2,59+2,56+2,51+2,51+2,51+2,56+2,17+2,https://cdn.sofifa.net/players/252/042/26_120.png
250961,/player/250961/joshua-zirkzee/260004/,26,4,2025-09-19,J. Zirkzee,Joshua Orobosa Zirkzee,"ST, CAM",77,83,17000000,68000,24,2001-05-22,193,89,13,Premier League,1,11,Manchester United,SUB,11,,2024-07-14,2029,34,Netherlands,,,,Right,3,4,1,,Stocky (185+),Yes,35700000,,"Technical, First Touch",71,76,72,82,41,76,58,77,71,78,75,85,68,66,72,85,74,68,76,74,61,76,86,69,84,75,60,40,78,79,77,79,40,36,35,6,11,12,8,14,,77+2,77+2,77+2,77+0,79+0,79+0,79+0,77+0,79+2,79+2,79+2,76+2,74+2,74+2,74+2,76+2,59+2,61+2,61+2,61+2,59+2,56+2,55+2,55+2,55+2,56+2,17+2,https://cdn.sofifa.net/players/250/961/26_120.png
225539,/player/225539/dominic-solanke/260004/,26,4,2025-09-19,D. Solanke,Dominic Ayodele Solanke-Mitchell,ST,80,80,23000000,110000,27,1997-09-14,187,80,13,Premier League,1,18,Tottenham Hotspur,ST,19,,2024-08-10,2030,14,England,1318,SUB,19,Right,2,3,3,,Lean (185+),Yes,43700000,,"Precision Header, Acrobatic",71,80,66,77,42,83,55,81,83,77,77,78,57,48,60,79,68,74,67,80,68,82,88,87,84,73,75,43,83,70,82,78,40,35,22,9,15,14,9,10,,80+0,80+0,80+0,75+0,78+0,78+0,78+0,75+0,76+3,76+3,76+3,74+3,72+3,72+3,72+3,74+3,59+3,60+3,60+3,60+3,59+3,56+3,56+3,56+3,56+3,56+3,19+3,https://cdn.sofifa.net/players/225/539/26_120.png
227503,/player/227503/jacob-bruun-larsen/260004/,26,4,2025-09-19,J. Larsen,Jacob Bruun Larsen,"LM, RM, ST, LW",74,74,4600000,45000,26,1998-09-19,183,77,13,Premier League,1,1796,Burnley,SUB,7,,2025-07-11,2029,13,Denmark,,,,Right,5,3,1,,Normal (170-185),Yes,8700000,,,78,72,70,74,55,67,69,72,58,72,69,75,73,70,67,74,85,72,76,73,75,82,76,62,68,66,68,59,73,70,62,66,56,54,44,14,6,11,11,11,,72+2,72+2,72+2,73+0,73+0,73+0,73+0,73+0,73+1,73+1,73+1,73+1,69+2,69+2,69+2,73+1,64+2,64+2,64+2,64+2,64+2,63+2,60+2,60+2,60+2,63+2,17+2,https://cdn.sofifa.net/players/227/503/26_120.png
244380,/player/244380/vitaliy-mykolenko/260004/,26,4,2025-09-19,V. Mykolenko,Vitalii MykolenkoМиколенко Віталій Сергійович,"LB, LM",78,79,15000000,41000,26,1999-05-29,180,71,13,Premier League,1,7,Everton,LB,16,,2022-01-01,2026,49,Ukraine,1366,LB,16,Left,2,2,1,,Normal (170-185),Yes,29600000,,Intercept,74,55,71,71,77,71,74,44,65,74,64,70,74,42,69,74,70,77,66,76,68,70,72,79,69,59,64,77,65,70,50,72,78,80,78,9,8,14,9,14,,65+2,65+2,65+2,69+0,68+0,68+0,68+0,69+0,69+2,69+2,69+2,71+2,72+2,72+2,72+2,71+2,76+2,75+2,75+2,75+2,76+2,76+2,74+2,74+2,74+2,76+2,17+2,https://cdn.sofifa.net/players/244/380/26_120.png
228092,/player/228092/sander-berge/260004/,26,4,2025-09-19,S. Berge,Sander Gard Bolin Berge,"CDM, CM, CB",79,80,18000000,80000,27,1998-02-18,195,96,13,Premier League,1,144,Fulham FC,RDM,16,,2024-08-22,2029,36,Norway,1352,CDM,8,Right,3,2,1,,Normal (185+),Yes,35600000,#Strength,"Pinged Pass, Aerial Fortress",55,65,74,71,75,84,66,63,74,80,51,75,72,51,78,78,54,55,47,77,33,78,81,81,89,62,76,76,70,75,54,78,76,76,72,14,9,10,8,10,,71+2,71+2,71+2,70+0,72+0,72+0,72+0,70+0,72+2,72+2,72+2,72+2,76+2,76+2,76+2,72+2,73+2,78+2,78+2,78+2,73+2,73+2,77+2,77+2,77+2,73+2,18+2,https://cdn.sofifa.net/players/228/092/26_120.png
225147,/player/225147/connor-roberts/260004/,26,4,2025-09-19,C. Roberts,Connor Richard John Roberts,RB,75,75,4900000,49000,29,1995-09-23,175,76,13,Premier League,1,1796,Burnley,SUB,14,,2021-08-31,2027,50,Wales,1367,RB,14,Right,4,3,1,,Normal (170-185),Yes,9300000,,"Long Ball Pass, Long Throw",76,61,71,72,71,75,74,60,65,75,54,71,71,47,70,74,77,75,71,70,72,67,78,84,71,61,71,69,67,69,41,74,71,73,70,6,12,8,12,13,,68+2,68+2,68+2,71+0,70+0,70+0,70+0,71+0,70+2,70+2,70+2,72+2,72+2,72+2,72+2,72+2,74+1,72+2,72+2,72+2,74+1,73+2,71+2,71+2,71+2,73+2,17+2,https://cdn.sofifa.net/players/225/147/26_120.png
270208,/player/270208/archie-gray/260004/,26,4,2025-09-19,A. Gray,Archie Gray,"CDM, CB, RB, RM",75,86,11500000,48000,19,2006-03-12,187,70,13,Premier League,1,18,Tottenham Hotspur,SUB,14,,2024-07-02,2030,14,England,,,,Right,4,2,1,,Lean (185+),No,24200000,,,71,60,71,73,73,73,67,59,68,75,55,74,60,55,74,74,70,72,66,75,67,62,75,77,72,60,71,74,68,71,57,75,73,74,73,15,12,13,6,5,,68+2,68+2,68+2,70+0,70+0,70+0,70+0,70+0,71+2,71+2,71+2,72+2,73+2,73+2,73+2,72+2,73+2,74+2,74+2,74+2,73+2,73+2,73+2,73+2,73+2,73+2,17+2,https://cdn.sofifa.net/players/270/208/26_120.png
229880,/player/229880/aaron-wan-bissaka/260004/,26,4,2025-09-19,A. Wan-Bissaka,Aaron Wan-Bissaka,"RB, RM",80,81,22000000,71000,27,1997-11-26,183,72,13,Premier League,1,19,West Ham United,RB,29,,2024-08-13,2031,110,Congo DR,,,,Right,2,3,3,,Unique,Yes,43500000,,"Slide Tackle +, Block, Intercept, Anticipate, Rapid",80,51,69,77,78,73,72,46,57,75,43,79,74,45,58,74,79,80,77,79,70,70,75,75,71,44,73,81,72,68,44,78,78,80,89,9,8,6,8,8,,66+3,66+3,66+3,71+0,70+0,70+0,70+0,71+0,71+3,71+3,71+3,73+3,71+3,71+3,71+3,73+3,78+3,75+3,75+3,75+3,78+3,78+3,76+3,76+3,76+3,78+3,16+3,https://cdn.sofifa.net/players/229/880/26_120.png
232104,/player/232104/daniel-james/260004/,26,4,2025-09-19,D. James,Daniel Owen James,"RM, RW",76,76,8000000,51000,27,1997-11-10,171,63,13,Premier League,1,8,Leeds United,RM,7,,2021-08-31,2029,50,Wales,1367,SUB,20,Right,4,3,1,,Lean (170-185),Yes,15200000,#Speedster,"Quick Step +, Gamechanger, Rapid",94,71,68,76,50,68,73,74,50,70,58,74,73,54,58,74,94,94,88,75,87,74,71,81,56,66,79,42,75,70,64,75,64,45,34,7,6,11,15,9,,72+2,72+2,72+2,76+0,75+0,75+0,75+0,76+0,74+2,74+2,74+2,75+1,68+2,68+2,68+2,75+1,65+2,61+2,61+2,61+2,65+2,62+2,56+2,56+2,56+2,62+2,17+2,https://cdn.sofifa.net/players/232/104/26_120.png
257289,/player/257289/hugo-ekitike/260004/,26,4,2025-09-19,H. Ekitiké,Hugo Ekitiké,"ST, CAM",83,88,55500000,120000,23,2002-06-20,189,70,13,Premier League,1,9,Liverpool,ST,22,,2025-07-23,2031,18,France,,,,Right,3,4,3,,Lean (185+),No,106800000,,"Finesse Shot, Chip Shot, Technical",86,78,69,85,33,73,51,79,77,82,77,87,69,51,57,86,85,87,80,83,74,82,85,86,69,75,65,23,86,79,62,78,28,35,19,8,8,7,10,12,,82+3,82+3,82+3,81+0,83+0,83+0,83+0,81+0,82+3,82+3,82+3,80+3,74+3,74+3,74+3,80+3,58+3,57+3,57+3,57+3,58+3,55+3,50+3,50+3,50+3,55+3,17+3,https://cdn.sofifa.net/players/257/289/26_120.png
205431,/player/205431/niclas-fullkrug/260004/,26,4,2025-09-19,N. Füllkrug,Niclas Füllkrug,ST,79,79,14000000,80000,32,1993-02-09,188,83,13,Premier League,1,19,West Ham United,LS,11,,2024-08-05,2028,21,Germany,1337,SUB,19,Right,4,3,3,,Stocky (185+),Yes,26600000,#Strength,Precision Header,57,82,71,73,43,77,65,81,87,77,80,74,72,68,59,77,53,60,51,80,61,86,86,55,86,78,82,24,82,76,88,79,41,46,30,15,9,10,13,9,,79+0,79+0,79+0,73+0,77+0,77+0,77+0,73+0,74+3,74+3,74+3,71+3,69+3,69+3,69+3,71+3,55+3,58+3,58+3,58+3,55+3,53+3,57+3,57+3,57+3,53+3,19+3,https://cdn.sofifa.net/players/205/431/26_120.png
269230,/player/269230/noah-sadiki/260004/,26,4,2025-09-19,N. Sadiki,Noah Junior Sadiki,"CM, CDM, CAM",74,83,9000000,33000,20,2004-12-17,173,77,13,Premier League,1,106,Sunderland,LCM,27,,2023-07-27,2027,110,Congo DR,,,,Right,3,2,1,,Normal (170-185),No,18900000,,,77,65,68,76,68,76,57,66,53,77,38,76,43,49,74,75,81,74,82,75,82,68,75,84,72,69,74,71,60,72,52,73,68,70,68,13,9,8,13,13,,68+2,68+2,68+2,72+0,71+0,71+0,71+0,72+0,73+2,73+2,73+2,72+2,74+2,74+2,74+2,72+2,72+2,73+2,73+2,73+2,72+2,71+2,69+2,69+2,69+2,71+2,19+2,https://cdn.sofifa.net/players/269/230/26_120.png
277432,/player/277432/patrick-dorgu/260004/,26,4,2025-09-19,P. Dorgu,Patrick Chinazaekpere Dorgu,"LB, LM",74,84,9000000,41000,20,2004-10-26,185,70,13,Premier League,1,11,Manchester United,LB,13,,2025-02-02,2030,13,Denmark,1331,SUB,7,Left,2,2,1,,Normal (185+),No,18900000,,,86,59,69,74,69,73,72,56,65,71,44,75,66,52,65,73,84,87,73,70,78,67,82,75,74,59,64,68,70,69,49,73,68,70,72,11,8,6,11,7,,68+2,68+2,68+2,72+0,70+0,70+0,70+0,72+0,71+2,71+2,71+2,73+2,70+2,70+2,70+2,73+2,73+2,70+2,70+2,70+2,73+2,72+2,70+2,70+2,70+2,72+2,16+2,https://cdn.sofifa.net/players/277/432/26_120.png
256769,/player/256769/adrien-truffert/260004/,26,4,2025-09-19,A. Truffert,Adrien Truffert,"LB, LM",77,81,14000000,53000,23,2001-11-20,176,72,13,Premier League,1,1943,AFC Bournemouth,LB,3,,2025-07-01,2030,18,France,,,,Left,3,3,2,,Normal (170-185),Yes,27700000,,Whipped Pass,76,57,71,75,73,70,78,52,59,72,58,76,66,53,72,76,75,76,70,71,75,69,71,84,65,51,67,74,71,66,54,68,71,78,77,6,6,6,6,8,,66+2,66+2,66+2,71+0,69+0,69+0,69+0,71+0,70+2,70+2,70+2,73+2,72+2,72+2,72+2,73+2,76+2,73+2,73+2,73+2,76+2,75+2,71+2,71+2,71+2,75+2,14+2,https://cdn.sofifa.net/players/256/769/26_120.png
201417,/player/201417/matt-doherty/260004/,26,4,2025-09-19,M. Doherty,Matthew James Doherty,"CB, RB, RM",74,74,2000000,49000,33,1992-01-16,185,80,13,Premier League,1,110,Wolverhampton Wanderers,RCB,2,,2023-07-20,2026,25,Republic of Ireland,1355,SUB,2,Right,4,3,1,,Stocky (185+),Yes,3800000,,,66,63,69,69,74,75,72,59,73,71,46,69,64,45,70,70,66,66,66,76,66,76,78,76,72,63,78,73,69,69,48,70,74,74,73,15,8,12,11,9,,68+2,68+2,68+2,68+0,69+0,69+0,69+0,68+0,69+2,69+2,69+2,70+2,71+2,71+2,71+2,70+2,72+2,73+1,73+1,73+1,72+2,72+2,74+0,74+0,74+0,72+2,18+2,https://cdn.sofifa.net/players/201/417/26_120.png
262937,/player/262937/jackson-tchatchoua/260004/,26,4,2025-09-19,J. Tchatchoua,Jackson Tchatchoua,"RB, RM",74,81,8000000,41000,24,2001-06-23,180,76,13,Premier League,1,110,Wolverhampton Wanderers,SUB,38,,2025-08-19,2030,103,Cameroon,,,,Right,3,3,1,,Stocky (170-185),No,16800000,,"Whipped Pass, Jockey, Anticipate, Rapid",89,59,63,74,66,78,75,56,65,67,51,76,61,42,57,73,87,91,74,65,74,67,83,88,73,59,75,64,70,54,55,64,64,70,69,8,13,10,12,6,,68+2,68+2,68+2,71+0,69+0,69+0,69+0,71+0,68+2,68+2,68+2,72+2,66+2,66+2,66+2,72+2,73+2,68+2,68+2,68+2,73+2,72+2,69+2,69+2,69+2,72+2,16+2,https://cdn.sofifa.net/players/262/937/26_120.png
256402,/player/256402/carlos-alcaraz/260004/,26,4,2025-09-19,C. Alcaraz,Carlos Jonás Alcaraz,"CAM, CM, ST",75,82,11500000,32000,22,2002-11-30,176,70,13,Premier League,1,7,Everton,SUB,24,,2025-07-01,2027,52,Argentina,,,,Right,3,4,1,,Normal (170-185),No,24200000,,"Technical, Quick Step",80,71,71,78,46,65,59,72,65,76,55,79,72,72,73,77,86,75,83,70,81,75,75,69,57,69,78,43,72,73,66,71,45,45,43,12,9,14,6,7,,72+2,72+2,72+2,74+0,75+0,75+0,75+0,74+0,75+2,75+2,75+2,74+2,71+2,71+2,71+2,74+2,61+2,61+2,61+2,61+2,61+2,59+2,56+2,56+2,56+2,59+2,16+2,https://cdn.sofifa.net/players/256/402/26_120.png
261530,/player/261530/dario-cassia-luis-essugo/260004/,26,4,2025-09-19,Dário Essugo,Dário Cassia Luís Essugo,"CDM, CM, CB",75,85,11500000,58000,20,2005-03-14,178,79,13,Premier League,1,5,Chelsea,RES,14,,2025-06-10,2033,38,Portugal,,,,Right,3,2,1,,Normal (170-185),No,24200000,,"Block, Bruiser",76,58,64,73,74,81,46,49,62,74,41,74,47,47,70,71,72,80,77,73,79,69,80,76,83,68,81,75,72,70,52,68,75,76,74,9,9,6,6,8,,67+2,67+2,67+2,68+0,70+0,70+0,70+0,68+0,71+2,71+2,71+2,69+2,72+2,72+2,72+2,69+2,71+2,74+2,74+2,74+2,71+2,72+2,75+2,75+2,75+2,72+2,15+2,https://cdn.sofifa.net/players/261/530/26_120.png
202652,/player/202652/raheem-sterling/260004/,26,4,2025-09-19,R. Sterling,Raheem Shaquille Sterling,"LW, LM, RM",78,78,13500000,110000,30,1994-12-08,172,69,13,Premier League,1,5,Chelsea,RES,15,,2022-07-13,2027,14,England,,,,Right,3,4,3,,Unique,Yes,25700000,#Acrobat,"Finesse Shot, Rapid, Quick Step",82,74,74,82,42,48,75,75,48,75,65,82,79,78,68,79,86,78,91,76,92,77,59,52,44,72,52,38,77,74,70,76,38,48,40,15,12,12,15,9,,72+3,72+3,72+3,78+0,77+0,77+0,77+0,78+0,77+1,77+1,77+1,76+2,71+3,71+3,71+3,76+2,61+3,57+3,57+3,57+3,61+3,58+3,49+3,49+3,49+3,58+3,20+3,https://cdn.sofifa.net/players/202/652/26_120.png
243057,/player/243057/neco-williams/260004/,26,4,2025-09-19,N. Williams,Neco Shay Williams,"LB, RB, LM",78,81,18000000,67000,24,2001-04-13,183,72,13,Premier League,1,14,Nottingham Forest,LB,3,,2022-07-10,2029,50,Wales,1367,LB,3,Right,3,2,1,,Lean (170-185),Yes,35600000,,,72,49,71,74,77,69,77,45,66,74,36,74,67,55,69,74,70,73,73,77,73,60,78,74,64,47,75,76,66,68,45,73,77,78,82,10,11,7,14,15,,64+2,64+2,64+2,69+0,67+0,67+0,67+0,69+0,69+2,69+2,69+2,71+2,71+2,71+2,71+2,71+2,76+2,75+2,75+2,75+2,76+2,76+2,75+2,75+2,75+2,76+2,19+2,https://cdn.sofifa.net/players/243/057/26_120.png
206594,/player/206594/solly-march/260004/,26,4,2025-09-19,S. March,Solomon Benjamin March,"RM, RW",75,75,5500000,70000,30,1994-07-20,180,77,13,Premier League,1,1808,Brighton & Hove Albion,RES,7,,2012-12-18,2026,14,England,,,,Left,2,3,1,,Lean (170-185),Yes,10500000,,,69,70,75,77,65,54,79,71,46,76,56,79,76,66,70,76,71,67,74,75,74,74,60,44,56,71,59,69,75,76,54,79,69,66,64,9,11,7,13,15,,70+2,70+2,70+2,75+0,74+0,74+0,74+0,75+0,75+0,75+0,75+0,74+1,72+2,72+2,72+2,74+1,69+2,68+2,68+2,68+2,69+2,67+2,64+2,64+2,64+2,67+2,19+2,https://cdn.sofifa.net/players/206/594/26_120.png
76687,/player/76687/estevao-willian-almeida/260004/,26,4,2025-09-19,Estêvão,Estêvão Willian Almeida,"RM, CAM, RW",78,89,29500000,65000,18,2007-04-24,176,70,13,Premier League,1,5,Chelsea,SUB,41,,2025-07-14,2033,54,Brazil,,,,Left,2,4,1,,Lean (170-185),Yes,62000000,"#Speedster, #Acrobat","Finesse Shot, Inventive, Technical, Quick Step",90,74,73,82,33,57,77,73,52,73,66,82,78,71,66,79,91,89,91,74,93,79,66,67,49,75,62,34,75,75,68,80,28,34,27,9,15,13,6,11,,73+2,73+2,73+2,79+0,77+0,77+0,77+0,79+0,77+2,77+2,77+2,77+2,70+2,70+2,70+2,77+2,59+2,55+2,55+2,55+2,59+2,56+2,46+2,46+2,46+2,56+2,17+2,https://cdn.sofifa.net/players/076/687/26_120.png
258483,/player/258483/dan-neil/260004/,26,4,2025-09-19,D. Neil,Daniel Neil,"CDM, CM",73,81,6500000,34000,23,2001-12-13,178,65,13,Premier League,1,106,Sunderland,SUB,4,,2019-07-01,2026,14,England,,,,Right,4,2,1,,Lean (170-185),No,13700000,,Press Proven,73,64,66,72,68,77,54,66,62,73,54,71,58,51,71,73,74,72,76,69,73,62,74,91,70,65,78,67,66,70,57,69,68,70,65,8,15,10,9,6,,67+2,67+2,67+2,69+0,69+0,69+0,69+0,69+0,71+2,71+2,71+2,70+2,72+2,72+2,72+2,70+2,70+2,72+2,72+2,72+2,70+2,69+2,69+2,69+2,69+2,69+2,16+2,https://cdn.sofifa.net/players/258/483/26_120.png
237161,/player/237161/sean-longstaff/260004/,26,4,2025-09-19,S. Longstaff,Sean David Longstaff,"CM, CDM",75,76,6500000,49000,27,1997-10-30,187,74,13,Premier League,1,8,Leeds United,SUB,8,,2025-07-18,2029,14,England,,,,Right,4,2,1,,Lean (185+),Yes,12800000,,,56,67,73,73,71,70,63,64,53,76,58,75,70,63,76,75,56,56,59,72,62,75,61,84,65,69,66,74,74,78,54,74,74,75,66,6,8,13,14,12,,68+2,68+2,68+2,70+0,71+0,71+0,71+0,70+0,72+2,72+2,72+2,71+2,75+1,75+1,75+1,71+2,71+2,74+2,74+2,74+2,71+2,70+2,69+2,69+2,69+2,70+2,17+2,https://cdn.sofifa.net/players/237/161/26_120.png
223197,/player/223197/enes-unal/260004/,26,4,2025-09-19,E. Ünal,Enes Ünal,ST,77,77,11000000,72000,28,1997-05-10,187,78,13,Premier League,1,1943,AFC Bournemouth,RES,26,,2024-06-14,2028,48,Türkiye,,,,Right,4,3,2,,Lean (185+),Yes,20900000,,"Power Shot, Dead Ball",66,79,68,75,40,73,58,79,79,73,77,77,73,80,60,77,65,66,63,76,64,81,83,61,77,77,77,29,77,70,79,75,34,43,34,8,14,8,13,13,,77+0,77+0,77+0,73+0,75+0,75+0,75+0,73+0,74+2,74+2,74+2,71+2,68+2,68+2,68+2,71+2,55+2,57+2,57+2,57+2,55+2,53+2,55+2,55+2,55+2,53+2,19+2,https://cdn.sofifa.net/players/223/197/26_120.png
241464,/player/241464/pau-francisco-torres/260004/,26,4,2025-09-19,Pau Torres,Pau Francisco Torres,CB,80,80,18000000,110000,28,1997-01-16,191,80,13,Premier League,1,2,Aston Villa,SUB,14,,2023-07-12,2028,45,Spain,,,,Left,2,2,3,,Lean (185+),Yes,34200000,,Pinged Pass,67,41,75,69,82,73,64,31,85,81,41,64,74,54,80,79,66,67,56,80,52,58,84,71,73,40,73,81,66,77,42,82,83,82,81,11,13,13,13,9,,63+3,63+3,63+3,66+0,66+0,66+0,66+0,66+0,69+3,69+3,69+3,70+3,75+3,75+3,75+3,70+3,76+3,79+1,79+1,79+1,76+3,77+3,80+0,80+0,80+0,77+3,19+3,https://cdn.sofifa.net/players/241/464/26_120.png
195202,/player/195202/tom-cairney/260004/,26,4,2025-09-19,T. Cairney,Thomas Cairney,"CM, CDM, CAM",74,74,1900000,61000,34,1991-01-20,185,84,13,Premier League,1,144,Fulham FC,SUB,10,,2015-06-26,2026,42,Scotland,,,,Left,2,3,1,,Normal (185+),Yes,3600000,,,52,71,76,73,66,62,76,69,58,77,72,73,76,72,76,77,53,51,64,76,67,73,63,53,68,72,58,67,74,76,65,78,67,69,55,14,12,7,6,7,,70+2,70+2,70+2,71+0,72+0,72+0,72+0,71+0,73+1,73+1,73+1,71+2,74+0,74+0,74+0,71+2,67+2,70+2,70+2,70+2,67+2,65+2,66+2,66+2,66+2,65+2,17+2,https://cdn.sofifa.net/players/195/202/26_120.png
240273,/player/240273/emile-smith-rowe/260004/,26,4,2025-09-19,E. Smith Rowe,Emile Smith Rowe,"CAM, CM, LM",77,81,15000000,63000,24,2000-07-28,182,73,13,Premier League,1,144,Fulham FC,SUB,32,,2024-08-02,2029,14,England,,,,Right,4,4,1,,Normal (170-185),Yes,29600000,,"Finesse Shot, Technical",72,72,75,80,52,61,75,74,58,79,60,82,74,58,72,79,76,69,79,75,73,72,71,68,61,71,52,47,77,77,64,78,52,57,40,11,8,14,8,10,,73+2,73+2,73+2,77+0,76+0,76+0,76+0,77+0,77+2,77+2,77+2,76+2,74+2,74+2,74+2,76+2,65+2,64+2,64+2,64+2,65+2,62+2,57+2,57+2,57+2,62+2,17+2,https://cdn.sofifa.net/players/240/273/26_120.png
268438,/player/268438/alejandro-garnacho/260004/,26,4,2025-09-19,A. Garnacho,Alejandro Garnacho Ferreyra,"CAM, LW, LM, CM",77,84,21500000,70000,21,2004-07-01,180,72,13,Premier League,1,5,Chelsea,RES,49,,2025-08-30,2032,52,Argentina,1369,RES,28,Right,4,3,1,,Lean (170-185),Yes,45200000,,"Finesse Shot, Acrobatic, Technical, Quick Step",86,77,72,80,37,58,75,77,44,74,79,80,75,61,66,79,88,84,87,77,88,78,59,77,45,79,66,40,78,73,56,71,36,37,29,6,15,14,13,7,,73+2,73+2,73+2,79+0,78+0,78+0,78+0,79+0,77+2,77+2,77+2,78+2,71+2,71+2,71+2,78+2,62+2,58+2,58+2,58+2,62+2,58+2,47+2,47+2,47+2,58+2,18+2,https://cdn.sofifa.net/players/268/438/26_120.png
261188,/player/261188/iliman-ndiaye/260004/,26,4,2025-09-19,I. Ndiaye,Iliman Cheikh Baroy Ndiaye,"LM, RM, LW",79,82,23000000,45000,25,2000-03-06,180,70,13,Premier League,1,7,Everton,RM,10,,2024-07-03,2029,136,Senegal,,,,Right,4,4,1,,Lean (170-185),Yes,45400000,#Dribbler,Technical,84,76,70,84,40,63,70,78,59,75,71,86,68,55,58,83,83,85,84,79,77,76,75,71,65,70,47,49,79,74,80,82,44,28,26,7,9,7,15,8,,77+2,77+2,77+2,80+0,79+0,79+0,79+0,80+0,78+2,78+2,78+2,78+2,71+2,71+2,71+2,78+2,62+2,58+2,58+2,58+2,62+2,58+2,51+2,51+2,51+2,58+2,17+2,https://cdn.sofifa.net/players/261/188/26_120.png
256197,/player/256197/piero-hincapie/260004/,26,4,2025-09-19,P. Hincapié,Piero Martín Hincapié Reyna,"CB, LB, LM",83,89,52000000,81000,23,2002-01-09,184,77,13,Premier League,1,1,Arsenal,SUB,5,Bayer 04 Leverkusen,,2026,57,Ecuador,,,,Left,2,3,3,,Normal (170-185),Yes,,,"Slide Tackle +, Jockey, Block",84,41,65,72,84,82,55,41,79,78,33,70,56,32,74,74,80,88,74,82,69,50,88,85,77,31,87,83,60,57,33,76,83,85,88,9,15,10,6,9,,64+3,64+3,64+3,67+0,66+0,66+0,66+0,67+0,67+3,67+3,67+3,70+3,71+3,71+3,71+3,70+3,79+3,80+3,80+3,80+3,79+3,81+3,83+3,83+3,83+3,81+3,18+3,https://cdn.sofifa.net/players/256/197/26_120.png
260145,/player/260145/omari-hutchinson/260004/,26,4,2025-09-19,O. Hutchinson,Omari Elijah Giraud-Hutchinson,"CAM, RM, CM",75,83,12500000,51000,21,2003-10-29,174,65,13,Premier League,1,14,Nottingham Forest,SUB,21,,2025-08-16,2030,14,England,,,,Left,3,3,1,,Lean (170-185),Yes,26300000,,"Low Driven Shot, Gamechanger",80,73,70,79,55,59,67,73,49,71,59,79,69,64,68,79,81,79,83,74,82,75,62,75,51,76,58,53,73,72,63,71,55,57,54,10,7,9,5,8,,71+2,71+2,71+2,75+0,75+0,75+0,75+0,75+0,75+2,75+2,75+2,75+2,72+2,72+2,72+2,75+2,67+2,64+2,64+2,64+2,67+2,65+2,58+2,58+2,58+2,65+2,15+2,https://cdn.sofifa.net/players/260/145/26_120.png
207948,/player/207948/bertrand-traore/260004/,26,4,2025-09-19,B. Traoré,Bertrand Isidore Traoré,"RW, RM",75,75,5500000,54000,29,1995-09-06,181,73,13,Premier League,1,106,Sunderland,SUB,25,,2025-09-01,2026,101,Burkina Faso,,,,Left,1,4,2,,Lean (170-185),Yes,10500000,,"Finesse Shot, Incisive Pass, Technical",73,72,72,80,47,64,71,73,66,75,71,80,79,72,66,85,75,72,86,67,61,73,74,66,64,68,58,56,70,72,68,73,43,42,37,11,7,7,13,12,,73+2,73+2,73+2,75+0,75+0,75+0,75+0,75+0,75+0,75+0,75+0,74+1,71+2,71+2,71+2,74+1,62+2,61+2,61+2,61+2,62+2,60+2,55+2,55+2,55+2,60+2,17+2,https://cdn.sofifa.net/players/207/948/26_120.png
224081,/player/224081/kalvin-phillips/260004/,26,4,2025-09-19,K. Phillips,Kalvin Mark Phillips,"CDM, CM",74,74,3600000,76000,29,1995-12-02,178,72,13,Premier League,1,10,Manchester City,RES,44,,2022-07-04,2028,14,England,,,,Right,3,3,1,,Normal (170-185),Yes,6700000,,Slide Tackle,54,65,73,70,72,70,70,61,62,76,54,69,61,70,77,72,58,50,62,72,73,74,70,54,74,67,78,72,65,71,58,72,71,75,73,8,8,8,12,14,,66+2,66+2,66+2,67+0,68+0,68+0,68+0,67+0,69+2,69+2,69+2,68+2,71+2,71+2,71+2,68+2,69+2,73+1,73+1,73+1,69+2,68+2,72+2,72+2,72+2,68+2,17+2,https://cdn.sofifa.net/players/224/081/26_120.png
226166,/player/226166/nordi-mukiele/260004/,26,4,2025-09-19,N. Mukiele,Nordi Mukiele Mulere,"RB, CB, RM",79,80,18500000,61000,27,1997-11-01,187,84,13,Premier League,1,106,Sunderland,RCB,20,,2025-08-17,2029,18,France,,,,Right,3,3,2,,Normal (185+),Yes,36500000,,Slide Tackle,72,49,67,71,80,77,71,40,73,71,39,70,68,33,69,74,76,69,65,76,65,67,78,68,79,52,83,81,60,64,45,71,80,81,85,10,7,14,11,15,,64+2,64+2,64+2,66+0,66+0,66+0,66+0,66+0,66+2,66+2,66+2,68+2,69+2,69+2,69+2,68+2,76+2,76+2,76+2,76+2,76+2,77+2,79+1,79+1,79+1,77+2,18+2,https://cdn.sofifa.net/players/226/166/26_120.png
256612,/player/256612/f-evanilson-de-lima-barbosa/260004/,26,4,2025-09-19,Evanilson,Francisco Evanilson de Lima Barbosa,ST,80,83,28500000,83000,25,1999-10-06,183,80,13,Premier League,1,1943,AFC Bournemouth,ST,9,,2024-08-16,2029,54,Brazil,,,,Right,4,3,1,,Normal (170-185),Yes,56300000,,,76,79,66,77,37,76,47,81,77,75,79,78,68,50,67,79,75,76,69,83,69,81,86,74,78,73,73,37,84,70,69,78,22,41,26,13,11,6,14,7,,80+2,80+2,80+2,75+0,78+0,78+0,78+0,75+0,77+2,77+2,77+2,74+2,72+2,72+2,72+2,74+2,56+2,58+2,58+2,58+2,56+2,54+2,53+2,53+2,53+2,54+2,19+2,https://cdn.sofifa.net/players/256/612/26_120.png
246174,/player/246174/harvey-elliott/260004/,26,4,2025-09-19,H. Elliott,Harvey Scott Elliott,"CAM, CM, RW",78,84,22500000,76000,22,2003-04-04,168,64,13,Premier League,1,2,Aston Villa,SUB,9,Liverpool,,2026,14,England,,,,Left,3,3,1,,Normal (170-),Yes,,#Acrobat,Finesse Shot,72,70,77,81,53,50,77,64,40,79,62,81,71,62,72,79,76,69,90,75,90,78,48,72,34,80,61,54,80,80,59,78,52,58,48,10,10,6,14,7,,69+2,69+2,69+2,77+0,76+0,76+0,76+0,77+0,78+2,78+2,78+2,77+2,75+2,75+2,75+2,77+2,67+2,65+2,65+2,65+2,67+2,64+2,54+2,54+2,54+2,64+2,17+2,https://cdn.sofifa.net/players/246/174/26_120.png
73895,/player/73895/justin-devenny/260004/,26,4,2025-09-19,J. Devenny,Justin Devenny,"CAM, LW, LM, CM",71,79,4200000,33000,21,2003-10-11,184,80,13,Premier League,1,1799,Crystal Palace,LW,55,,2023-08-21,2027,35,Northern Ireland,110081,LM,15,Left,3,3,1,,Normal (170-185),No,8800000,,,65,67,72,71,63,68,70,66,54,73,56,71,73,70,72,72,64,66,67,73,66,72,64,69,67,67,72,64,69,72,63,72,57,70,62,11,10,14,8,14,,67+2,67+2,67+2,70+0,70+0,70+0,70+0,70+0,71+2,71+2,71+2,70+2,71+2,71+2,71+2,70+2,68+2,69+2,69+2,69+2,68+2,66+2,65+2,65+2,65+2,66+2,18+2,https://cdn.sofifa.net/players/073/895/26_120.png
233049,/player/233049/jadon-sancho/260004/,26,4,2025-09-19,J. Sancho,Jadon Malik Sancho,"LM, RM, LW",80,82,26500000,84000,25,2000-03-25,180,76,13,Premier League,1,2,Aston Villa,SUB,19,Manchester United,,2026,14,England,,,,Right,3,5,3,,Unique,Yes,,"#Dribbler, #Acrobat","Finesse Shot, Trickster",79,73,77,87,35,58,73,74,40,80,70,87,81,67,70,87,82,77,90,78,90,75,62,64,58,70,47,33,78,80,73,83,38,35,25,7,11,10,11,13,,74+3,74+3,74+3,80+0,79+0,79+0,79+0,80+0,81+1,81+1,81+1,79+3,74+3,74+3,74+3,79+3,60+3,58+3,58+3,58+3,60+3,55+3,46+3,46+3,46+3,55+3,18+3,https://cdn.sofifa.net/players/233/049/26_120.png
275468,/player/275468/andres-garcia-robledo/260004/,26,4,2025-09-19,Andrés García,Andrés García Robledo,"RB, RM",73,82,6500000,54000,22,2003-02-07,183,82,13,Premier League,1,2,Aston Villa,RES,16,,2025-01-21,2029,45,Spain,,,,Right,4,3,1,,Normal (170-185),No,13700000,,,77,64,69,73,68,66,73,62,45,72,63,75,70,50,64,72,77,77,74,70,62,70,65,74,63,65,63,72,69,67,58,69,71,71,67,11,12,11,11,9,,67+2,67+2,67+2,71+0,70+0,70+0,70+0,71+0,70+2,70+2,70+2,72+2,70+2,70+2,70+2,72+2,72+2,70+2,70+2,70+2,72+2,71+2,67+2,67+2,67+2,71+2,17+2,https://cdn.sofifa.net/players/275/468/26_120.png
242271,/player/242271/andy-irving/260004/,26,4,2025-09-19,A. Irving,Andrew Irving,"CM, CAM",70,72,2000000,31000,25,2000-05-13,190,78,13,Premier League,1,19,West Ham United,SUB,39,,2023-09-04,2026,42,Scotland,,,,Left,2,3,1,,Lean (185+),No,4000000,,,54,71,71,71,63,71,68,71,62,73,64,72,66,71,70,73,53,55,67,62,62,72,71,63,77,70,67,64,68,74,73,67,63,63,61,10,15,12,10,13,,68+2,68+2,68+2,68+0,69+0,69+0,69+0,68+0,70+2,70+2,70+2,68+2,70+2,70+2,70+2,68+2,65+2,67+2,67+2,67+2,65+2,64+2,65+2,65+2,65+2,64+2,18+2,https://cdn.sofifa.net/players/242/271/26_120.png
235243,/player/235243/matthijs-de-ligt/260004/,26,4,2025-09-19,M. de Ligt,Matthijs de Ligt,CB,82,84,34000000,95000,25,1999-08-12,189,89,13,Premier League,1,11,Manchester United,CB,4,,2024-08-13,2029,34,Netherlands,105035,SUB,15,Right,3,2,3,,Unique,Yes,67200000,#Strength,"Power Shot, Block, Bruiser",62,61,62,67,82,83,52,50,85,77,45,65,48,55,73,72,54,68,52,81,62,84,86,64,91,75,85,83,44,45,40,80,82,81,80,12,11,11,12,10,,67+3,67+3,67+3,62+0,64+0,64+0,64+0,62+0,63+3,63+3,63+3,63+3,68+3,68+3,68+3,63+3,72+3,77+3,77+3,77+3,72+3,74+3,82+2,82+2,82+2,74+3,19+3,https://cdn.sofifa.net/players/235/243/26_120.png
260926,/player/260926/kevin-schade/260004/,26,4,2025-09-19,K. Schade,Kevin Schade,"LM, LW",78,83,21000000,59000,23,2001-11-27,185,74,13,Premier League,1,1925,Brentford,LM,7,,2023-07-01,2028,21,Germany,,,,Right,4,3,1,,Normal (185+),Yes,41500000,#Speedster,"Chip Shot, Precision Header, Aerial Fortress, Rapid, Quick Step, Long Throw",92,75,70,78,30,68,72,78,79,73,67,79,66,55,64,78,93,92,77,75,78,77,95,72,64,68,68,23,78,71,68,76,20,30,23,13,11,8,9,10,,78+2,78+2,78+2,78+0,78+0,78+0,78+0,78+0,76+2,76+2,76+2,77+2,68+2,68+2,68+2,77+2,57+2,53+2,53+2,53+2,57+2,54+2,47+2,47+2,47+2,54+2,18+2,https://cdn.sofifa.net/players/260/926/26_120.png
235353,/player/235353/ismaila-sarr/260004/,26,4,2025-09-19,I. Sarr,Ismaïla Sarr,"CAM, RW, CM",79,79,18500000,85000,27,1998-02-25,185,70,13,Premier League,1,1799,Crystal Palace,RW,7,,2024-08-01,2029,136,Senegal,,,,Right,2,3,1,,Lean (185+),Yes,35200000,#Speedster,"Rapid, Quick Step",91,78,76,78,28,69,75,79,44,78,74,77,78,60,71,79,89,93,77,78,74,83,72,72,72,75,57,24,80,80,68,82,25,29,21,14,13,7,6,9,,76+2,76+2,76+2,80+-1,79+0,79+0,79+0,80+-1,79+0,79+0,79+0,79+0,72+2,72+2,72+2,79+0,58+2,55+2,55+2,55+2,58+2,53+2,44+2,44+2,44+2,53+2,18+2,https://cdn.sofifa.net/players/235/353/26_120.png
192123,/player/192123/chris-wood/260004/,26,4,2025-09-19,C. Wood,Christopher Grant Wood,ST,82,82,19500000,125000,33,1991-12-07,191,92,13,Premier League,1,14,Nottingham Forest,ST,11,,2023-06-14,2027,198,New Zealand,,,,Right,3,2,3,,Normal (185+),Yes,37100000,#Strength,"Precision Header, Aerial Fortress, Enforcer",53,83,68,72,40,81,52,85,88,78,83,73,70,65,60,80,55,52,49,85,33,85,87,70,87,73,77,40,86,71,85,80,40,30,25,14,16,16,7,16,,81+1,81+1,81+1,72+0,77+0,77+0,77+0,72+0,75+3,75+3,75+3,72+3,71+3,71+3,71+3,72+3,55+3,59+3,59+3,59+3,55+3,53+3,56+3,56+3,56+3,53+3,21+3,https://cdn.sofifa.net/players/192/123/26_120.png
259714,/player/259714/merlin-rohl/260004/,26,4,2025-09-19,M. Röhl,Merlin Röhl,"CAM, CM, CDM, ST",74,82,9500000,21000,22,2002-07-05,192,79,13,Premier League,1,7,Everton,SUB,34,SC Freiburg,,2026,21,Germany,,,,Right,4,3,1,,Lean (185+),Yes,,,"Slide Tackle, Rapid",81,65,68,75,63,71,59,66,61,76,60,78,53,39,68,74,78,83,74,73,67,69,78,82,71,63,56,68,74,76,52,71,59,66,59,11,14,10,7,8,,71+2,71+2,71+2,73+0,74+0,74+0,74+0,73+0,74+2,74+2,74+2,74+2,73+2,73+2,73+2,74+2,70+2,69+2,69+2,69+2,70+2,69+2,66+2,66+2,66+2,69+2,17+2,https://cdn.sofifa.net/players/259/714/26_120.png
265552,/player/265552/dango-ouattara/260004/,26,4,2025-09-19,D. Ouattara,Dango Aboubacar Faissal Ouattara,"LM, RM, ST, LW",77,81,15000000,56000,23,2002-02-11,177,71,13,Premier League,1,1925,Brentford,SUB,19,,2025-08-16,2030,101,Burkina Faso,,,,Left,3,4,1,,Lean (170-185),Yes,29600000,,"Precision Header, Rapid, Quick Step",85,70,70,78,53,59,75,74,70,71,50,80,70,55,65,77,87,83,75,73,77,70,77,68,57,67,47,52,75,72,65,73,50,52,45,9,6,13,14,10,,73+2,73+2,73+2,76+0,75+0,75+0,75+0,76+0,75+2,75+2,75+2,76+2,70+2,70+2,70+2,76+2,65+2,61+2,61+2,61+2,65+2,64+2,57+2,57+2,57+2,64+2,17+2,https://cdn.sofifa.net/players/265/552/26_120.png
271574,/player/271574/rico-lewis/260004/,26,4,2025-09-19,R. Lewis,Rico Henry Mark Lewis,"RB, LB, CM",77,84,20000000,65000,20,2004-11-21,170,64,13,Premier League,1,10,Manchester City,SUB,82,,2022-07-01,2028,14,England,,,,Right,3,3,1,,Lean (170-),Yes,41000000,,Block,76,54,74,79,73,58,76,53,58,79,30,79,54,42,74,78,78,75,84,77,82,61,64,72,47,51,66,75,71,76,50,77,74,76,74,11,8,11,12,13,,65+2,65+2,65+2,74+0,72+0,72+0,72+0,74+0,74+2,74+2,74+2,75+2,75+2,75+2,75+2,75+2,76+2,74+2,74+2,74+2,76+2,75+2,70+2,70+2,70+2,75+2,18+2,https://cdn.sofifa.net/players/271/574/26_120.png
240359,/player/240359/omar-alderete/260004/,26,4,2025-09-19,O. Alderete,Omar Federico Alderete Fernández,CB,78,79,13500000,58000,28,1996-12-26,188,77,13,Premier League,1,106,Sunderland,LCB,15,,2025-08-12,2029,58,Paraguay,,,,Left,3,2,1,,Normal (185+),No,26700000,,"Precision Header, Long Ball Pass, Aerial Fortress",60,61,62,69,79,78,58,55,79,70,48,70,56,53,66,69,56,63,68,75,58,74,82,71,81,67,79,78,62,51,45,68,80,79,75,7,13,14,13,15,,67+2,67+2,67+2,64+0,65+0,65+0,65+0,64+0,65+2,65+2,65+2,65+2,67+2,67+2,67+2,65+2,71+2,73+2,73+2,73+2,71+2,72+2,78+1,78+1,78+1,72+2,19+2,https://cdn.sofifa.net/players/240/359/26_120.png
261224,/player/261224/hugo-bueno-lopez/260004/,26,4,2025-09-19,Hugo Bueno,Hugo Bueno López,"LB, LM",74,80,6500000,41000,22,2002-09-18,180,73,13,Premier League,1,110,Wolverhampton Wanderers,SUB,3,,2021-07-04,2028,45,Spain,,,,Left,2,3,1,,Lean (170-185),Yes,13700000,,Whipped Pass,74,52,73,78,68,67,79,52,47,72,46,79,78,68,68,80,75,73,77,74,71,57,65,73,66,47,62,71,65,73,52,74,69,70,69,9,12,13,6,11,,64+2,64+2,64+2,72+0,69+0,69+0,69+0,72+0,71+2,71+2,71+2,73+2,71+2,71+2,71+2,73+2,73+2,71+2,71+2,71+2,73+2,72+2,67+2,67+2,67+2,72+2,17+2,https://cdn.sofifa.net/players/261/224/26_120.png
243388,/player/243388/borna-sosa/260004/,26,4,2025-09-19,B. Sosa,Borna Sosa,"LB, LM",73,73,2900000,51000,27,1998-01-21,187,79,13,Premier League,1,1799,Crystal Palace,SUB,24,,2025-07-11,2028,10,Croatia,,,,Left,3,3,1,,Lean (185+),Yes,5500000,,Inventive,71,53,77,73,67,70,84,41,64,76,44,74,84,68,72,74,72,70,72,70,65,70,74,74,69,65,65,68,68,74,31,72,62,70,70,10,6,6,8,9,,64+2,64+2,64+2,70+0,68+0,68+0,68+0,70+0,70+2,70+2,70+2,72+1,72+1,72+1,72+1,72+1,72+1,71+2,71+2,71+2,72+1,71+2,68+2,68+2,68+2,71+2,15+2,https://cdn.sofifa.net/players/243/388/26_120.png
262859,/player/262859/levi-colwill/260004/,26,4,2025-09-19,L. Colwill,Levi Lemar Samuel Colwill,CB,80,84,27500000,95000,22,2003-02-26,187,83,13,Premier League,1,5,Chelsea,SUB,6,,2020-02-26,2029,14,England,1318,SUB,14,Left,3,2,3,,Lean (185+),Yes,54300000,,Block,70,43,71,72,81,80,65,38,79,79,36,70,67,36,72,77,66,73,60,78,62,60,84,77,79,40,84,81,50,73,40,79,81,81,80,15,14,8,10,14,,62+3,62+3,62+3,65+0,65+0,65+0,65+0,65+0,68+3,68+3,68+3,69+3,72+3,72+3,72+3,69+3,76+3,79+3,79+3,79+3,76+3,77+3,80+3,80+3,80+3,77+3,20+3,https://cdn.sofifa.net/players/262/859/26_120.png
238041,/player/238041/tyrell-malacia/260004/,26,4,2025-09-19,T. Malacia,Tyrell Johannes Chicco Malacia,"LB, LM",75,77,6500000,58000,25,1999-08-17,169,67,13,Premier League,1,11,Manchester United,RES,12,,2022-07-05,2026,34,Netherlands,,,,Left,3,3,1,,Normal (170-),No,12800000,,Slide Tackle,77,54,66,75,72,71,69,49,57,73,56,76,61,49,64,73,79,75,78,68,85,64,74,69,69,58,79,75,53,60,45,74,69,77,78,9,9,12,8,8,,63+2,63+2,63+2,68+0,66+0,66+0,66+0,68+0,67+2,67+2,67+2,69+2,68+2,68+2,68+2,69+2,73+2,72+2,72+2,72+2,73+2,73+2,72+2,72+2,72+2,73+2,15+2,https://cdn.sofifa.net/players/238/041/26_120.png
264453,/player/264453/micky-van-de-ven/260004/,26,4,2025-09-19,M. van de Ven,Micky van de Ven,"CB, LB, LM",82,85,37000000,95000,24,2001-04-19,193,86,13,Premier League,1,18,Tottenham Hotspur,LCB,37,,2023-08-08,2029,34,Netherlands,105035,LB,16,Left,3,3,3,,Normal (185+),Yes,73100000,,"Block, Slide Tackle",90,49,64,72,82,80,58,43,76,76,47,73,37,34,74,75,84,95,59,82,49,59,92,69,85,57,78,82,48,55,39,81,82,83,85,7,13,13,11,7,,65+3,65+3,65+3,68+0,67+0,67+0,67+0,68+0,67+3,67+3,67+3,70+3,70+3,70+3,70+3,70+3,78+3,78+3,78+3,78+3,78+3,79+3,82+3,82+3,82+3,79+3,18+3,https://cdn.sofifa.net/players/264/453/26_120.png
247361,/player/247361/brenden-aaronson/260004/,26,4,2025-09-19,B. Aaronson,Brenden Russell Aaronson,"CAM, CM",74,78,6000000,40000,24,2000-10-22,177,69,13,Premier League,1,8,Leeds United,SUB,11,,2022-07-01,2027,95,United States,1387,SUB,11,Right,3,3,1,,Lean (170-185),Yes,11900000,,Relentless,80,66,70,78,57,61,64,66,49,73,59,79,67,67,65,77,81,79,77,73,81,67,63,84,53,67,54,55,73,74,62,70,59,61,46,12,13,7,7,13,,69+2,69+2,69+2,74+0,73+0,73+0,73+0,74+0,74+2,74+2,74+2,74+2,72+2,72+2,72+2,74+2,67+2,65+2,65+2,65+2,67+2,65+2,58+2,58+2,58+2,65+2,18+2,https://cdn.sofifa.net/players/247/361/26_120.png
246763,/player/246763/ki-jana-hoever/260004/,26,4,2025-09-19,K. Hoever,Ki-Jana Delano Hoever,"RB, RM",74,78,5500000,41000,23,2002-01-18,182,73,13,Premier League,1,110,Wolverhampton Wanderers,RB,26,,2020-09-19,2026,34,Netherlands,,,,Right,3,2,1,,Lean (170-185),Yes,10900000,,,73,55,69,71,70,71,75,48,56,69,61,73,69,60,67,72,76,70,66,70,64,67,72,82,66,57,69,72,70,66,43,69,69,75,69,15,8,5,14,12,,64+2,64+2,64+2,68+0,67+0,67+0,67+0,68+0,68+2,68+2,68+2,70+2,70+2,70+2,70+2,70+2,73+2,71+2,71+2,71+2,73+2,72+2,69+2,69+2,69+2,72+2,18+2,https://cdn.sofifa.net/players/246/763/26_120.png
262642,/player/262642/zeki-amdouni/260004/,26,4,2025-09-19,Z. Amdouni,Mohamed Zeki Amdouni,"ST, CAM",75,81,9000000,46000,24,2000-12-04,185,79,13,Premier League,1,1796,Burnley,RES,25,,2023-07-19,2028,47,Switzerland,,,,Right,4,3,1,,Normal (185+),Yes,18900000,,"Incisive Pass, Technical",71,76,69,76,46,70,60,76,65,74,65,77,62,60,67,78,70,72,75,76,69,79,75,72,73,78,59,47,76,76,65,72,43,42,45,6,9,8,14,14,,75+2,75+2,75+2,74+0,76+0,76+0,76+0,74+0,75+2,75+2,75+2,73+2,72+2,72+2,72+2,73+2,61+2,61+2,61+2,61+2,61+2,59+2,56+2,56+2,56+2,59+2,18+2,https://cdn.sofifa.net/players/262/642/26_120.png
222501,/player/222501/timothy-castagne/260004/,26,4,2025-09-19,T. Castagne,Timothy Castagne,"RB, RM",76,76,6500000,66000,29,1995-12-05,185,80,13,Premier League,1,144,Fulham FC,SUB,21,,2023-08-29,2027,7,Belgium,,,,Right,3,2,1,,Lean (185+),Yes,12400000,,,68,57,70,72,74,71,76,56,72,74,40,71,58,33,70,75,67,68,68,75,65,65,75,78,66,52,75,74,71,70,47,68,74,75,73,14,9,15,10,15,,67+2,67+2,67+2,70+0,69+0,69+0,69+0,70+0,70+2,70+2,70+2,72+2,72+2,72+2,72+2,72+2,74+2,74+2,74+2,74+2,74+2,74+2,73+2,73+2,73+2,74+2,19+2,https://cdn.sofifa.net/players/222/501/26_120.png
258908,/player/258908/jan-paul-van-hecke/260004/,26,4,2025-09-19,J. van Hecke,Jan Paul van Hecke,CB,80,83,25000000,86000,25,2000-06-08,189,79,13,Premier League,1,1808,Brighton & Hove Albion,RCB,6,,2020-09-10,2027,34,Netherlands,105035,RCB,2,Right,3,2,1,,Lean (185+),Yes,49400000,,"Long Ball Pass, Aerial Fortress",67,46,72,70,80,78,50,35,77,80,30,70,70,65,80,73,66,68,55,79,60,70,90,70,79,50,83,79,35,74,55,78,80,80,83,11,9,8,7,5,,60+2,60+2,60+2,62+0,63+0,63+0,63+0,62+0,66+2,66+2,66+2,66+2,72+2,72+2,72+2,66+2,73+2,79+2,79+2,79+2,73+2,75+2,80+2,80+2,80+2,75+2,16+2,https://cdn.sofifa.net/players/258/908/26_120.png
256261,/player/256261/malick-thiaw/260004/,26,4,2025-09-19,M. Thiaw,Malick Laye Thiaw,CB,78,84,20000000,82000,23,2001-08-08,194,89,13,Premier League,1,13,Newcastle United,SUB,12,,2025-08-12,2029,21,Germany,,,,Right,4,2,1,,Lean (185+),Yes,42000000,#Aerial threat,Slide Tackle,72,47,69,72,78,80,55,43,78,81,44,70,58,44,78,76,72,72,67,78,54,56,88,76,82,46,76,76,42,65,64,78,78,78,77,10,6,15,11,9,,62+2,62+2,62+2,65+0,64+0,64+0,64+0,65+0,67+2,67+2,67+2,68+2,72+2,72+2,72+2,68+2,74+2,77+2,77+2,77+2,74+2,75+2,78+2,78+2,78+2,75+2,17+2,https://cdn.sofifa.net/players/256/261/26_120.png
246350,/player/246350/enzo-le-fee/260004/,26,4,2025-09-19,E. Le Fée,Enzo Jérémy Le Fée,"CM, LM, CAM, LW",76,80,10500000,49000,25,2000-02-03,173,66,13,Premier League,1,106,Sunderland,SUB,28,,2025-07-01,2029,18,France,,,,Right,3,4,2,,Lean (170-185),Yes,20700000,,"Incisive Pass, Pinged Pass, Long Ball Pass, Technical, First Touch",63,61,76,80,62,56,69,60,45,79,59,79,70,71,76,82,62,63,74,77,87,60,53,68,52,64,54,65,76,78,58,78,63,65,60,8,11,14,13,10,,66+2,66+2,66+2,73+0,73+0,73+0,73+0,73+0,75+2,75+2,75+2,74+2,76+2,76+2,76+2,74+2,69+2,70+2,70+2,70+2,69+2,67+2,62+2,62+2,62+2,67+2,18+2,https://cdn.sofifa.net/players/246/350/26_120.png
258444,/player/258444/evann-guessand/260004/,26,4,2025-09-19,E. Guessand,Evann Guessand,"RM, RW, ST",79,84,26500000,89000,24,2001-07-01,188,79,13,Premier League,1,2,Aston Villa,SUB,29,,2025-08-08,2030,108,Côte d'Ivoire,,,,Right,3,3,1,,Normal (185+),Yes,52300000,,"Precision Header, Low Driven Shot, Rapid",83,76,73,79,36,77,77,79,76,78,71,81,68,52,69,80,79,86,75,76,59,78,91,76,84,72,58,25,81,69,61,80,32,39,18,7,10,7,6,5,,79+2,79+2,79+2,79+0,78+0,78+0,78+0,79+0,77+2,77+2,77+2,78+2,71+2,71+2,71+2,78+2,59+2,57+2,57+2,57+2,59+2,56+2,52+2,52+2,52+2,56+2,15+2,https://cdn.sofifa.net/players/258/444/26_120.png
251421,/player/251421/brennan-johnson/260004/,26,4,2025-09-19,B. Johnson,Brennan Price Johnson,"RW, RM, LW",79,83,25000000,90000,24,2001-05-23,186,73,13,Premier League,1,18,Tottenham Hotspur,LW,22,,2023-09-01,2028,50,Wales,1367,RM,11,Right,4,3,1,,Lean (185+),Yes,49400000,,"Rapid, Quick Step",86,76,72,78,43,59,78,82,58,74,73,78,64,43,63,78,87,85,81,78,66,74,70,78,52,68,48,23,83,78,67,79,45,45,53,14,7,13,5,13,,76+2,76+2,76+2,79+0,79+0,79+0,79+0,79+0,78+2,78+2,78+2,79+2,71+2,71+2,71+2,79+2,64+2,58+2,58+2,58+2,64+2,61+2,51+2,51+2,51+2,61+2,17+2,https://cdn.sofifa.net/players/251/421/26_120.png
226380,/player/226380/hee-chan-hwang/260004/,26,4,2025-09-19,Hwang Hee Chan,Hee-chan Hwang황희찬 黄喜灿,"ST, LW, CAM",75,75,5500000,60000,29,1996-01-26,177,77,13,Premier League,1,110,Wolverhampton Wanderers,SUB,11,,2022-07-01,2028,167,Korea Republic,,,,Right,4,3,1,,Normal (170-185),Yes,10500000,,,81,75,70,75,39,68,68,76,68,72,76,76,63,52,67,74,86,76,77,75,71,77,81,66,68,72,68,37,77,75,72,79,39,36,25,11,7,10,11,15,,75+0,75+0,75+0,75+0,76+-1,76+-1,76+-1,75+0,75+0,75+0,75+0,74+1,69+2,69+2,69+2,74+1,58+2,57+2,57+2,57+2,58+2,55+2,52+2,52+2,52+2,55+2,18+2,https://cdn.sofifa.net/players/226/380/26_120.png
196978,/player/196978/callum-wilson/260004/,26,4,2025-09-19,C. Wilson,Callum Eddie Graham Wilson,ST,78,78,9000000,72000,33,1992-02-27,180,66,13,Premier League,1,19,West Ham United,SUB,9,,2025-08-02,2026,14,England,,,,Right,3,3,3,,Normal (170-185),Yes,17100000,,,73,79,67,76,42,65,61,80,79,73,78,76,63,52,62,78,73,73,69,78,70,80,83,45,70,74,75,40,81,69,87,80,39,40,27,10,15,8,10,6,,78+0,78+0,78+0,75+0,77+0,77+0,77+0,75+0,75+3,75+3,75+3,72+3,68+3,68+3,68+3,72+3,56+3,57+3,57+3,57+3,56+3,54+3,55+3,55+3,55+3,54+3,18+3,https://cdn.sofifa.net/players/196/978/26_120.png
242530,/player/242530/noah-okafor/260004/,26,4,2025-09-19,N. Okafor,Noah Arinzechukwu Okafor,"ST, LM, LW, CAM",76,79,10000000,53000,25,2000-05-24,185,85,13,Premier League,1,8,Leeds United,SUB,19,,2025-08-21,2029,47,Switzerland,,,,Right,4,4,1,,Normal (185+),Yes,19800000,,"First Touch, Quick Step",86,76,71,80,31,69,74,78,63,72,76,82,78,63,64,80,87,85,85,73,66,75,85,57,79,73,53,20,76,74,70,76,38,25,20,14,14,11,6,5,,76+2,76+2,76+2,78+0,77+0,77+0,77+0,78+0,77+2,77+2,77+2,76+2,68+2,68+2,68+2,76+2,55+2,52+2,52+2,52+2,55+2,52+2,47+2,47+2,47+2,52+2,17+2,https://cdn.sofifa.net/players/242/530/26_120.png
263640,/player/263640/antoni-milambo/260004/,26,4,2025-09-19,A. Milambo,Antoni-Djibu Milambo,"CM, CAM",73,85,7500000,35000,20,2005-04-03,179,68,13,Premier League,1,1925,Brentford,SUB,17,,2020-10-15,2030,34,Netherlands,,,,Right,3,4,1,,Normal (170-185),Yes,15800000,,First Touch,74,67,70,76,60,63,61,68,57,75,59,75,65,56,72,75,74,74,83,73,72,71,69,81,60,65,48,60,70,75,60,74,57,65,58,15,5,11,7,5,,69+2,69+2,69+2,72+0,72+0,72+0,72+0,72+0,73+2,73+2,73+2,73+2,73+2,73+2,73+2,73+2,68+2,67+2,67+2,67+2,68+2,67+2,62+2,62+2,62+2,67+2,15+2,https://cdn.sofifa.net/players/263/640/26_120.png
235642,/player/235642/ryan-yates/260004/,26,4,2025-09-19,R. Yates,Ryan James Yates,"CDM, CM",77,78,11000000,72000,27,1997-11-21,190,87,13,Premier League,1,14,Nottingham Forest,SUB,22,,2016-07-01,2028,14,England,,,,Right,3,2,1,,Normal (185+),Yes,21700000,,Aerial Fortress,50,62,68,67,76,82,60,60,74,75,50,67,66,49,70,72,50,50,55,77,54,70,76,83,79,60,88,76,67,67,55,71,75,76,78,10,8,6,6,11,,67+2,67+2,67+2,65+0,67+0,67+0,67+0,65+0,67+2,67+2,67+2,67+2,72+2,72+2,72+2,67+2,72+2,76+2,76+2,76+2,72+2,72+2,76+2,76+2,76+2,72+2,16+2,https://cdn.sofifa.net/players/235/642/26_120.png
243702,/player/243702/djed-spence/260004/,26,4,2025-09-19,D. Spence,Diop Tehuti Djed-Hotep Spence,"RB, LB, RM",78,82,18500000,72000,24,2000-08-09,184,71,13,Premier League,1,18,Tottenham Hotspur,LB,24,,2022-07-19,2029,14,England,,,,Right,3,3,1,,Lean (170-185),No,36500000,,Rapid,88,44,71,79,74,72,76,38,69,77,27,82,65,28,65,78,87,88,78,75,67,54,83,76,72,45,65,72,75,72,37,78,75,75,73,13,8,7,11,6,,66+2,66+2,66+2,73+0,71+0,71+0,71+0,73+0,73+2,73+2,73+2,76+2,73+2,73+2,73+2,76+2,77+2,73+2,73+2,73+2,77+2,76+2,74+2,74+2,74+2,76+2,17+2,https://cdn.sofifa.net/players/243/702/26_120.png
270608,/player/270608/yehor-yarmoliuk/260004/,26,4,2025-09-19,Y. Yarmoliuk,Yehor YarmoliukЯрмолюк Єгор Романович,"CM, CDM",71,78,3800000,29000,21,2004-03-01,180,72,13,Premier League,1,1925,Brentford,LDM,18,,2022-07-14,2031,49,Ukraine,1366,SUB,6,Right,3,3,1,,Normal (170-185),Yes,8000000,,,66,65,70,72,67,68,64,64,58,74,52,75,68,63,72,73,68,65,62,70,69,69,68,68,68,65,70,70,67,72,60,71,66,70,68,9,9,5,9,8,,67+2,67+2,67+2,69+0,70+0,70+0,70+0,69+0,71+2,71+2,71+2,70+2,71+2,71+2,71+2,70+2,69+2,70+2,70+2,70+2,69+2,68+2,68+2,68+2,68+2,68+2,15+2,https://cdn.sofifa.net/players/270/608/26_120.png
277068,/player/277068/lucas-pires-silva/260004/,26,4,2025-09-19,Lucas Pires,Lucas Pires Silva,"LB, LM",74,78,5500000,37000,24,2001-03-24,182,77,13,Premier League,1,1796,Burnley,SUB,23,,2024-07-16,2028,54,Brazil,,,,Left,3,3,1,,Lean (170-185),No,10900000,,,79,49,69,72,70,73,71,41,63,71,35,72,72,65,63,73,81,78,76,71,71,68,80,76,73,51,69,70,53,67,44,68,69,72,70,6,11,12,9,15,,62+2,62+2,62+2,67+0,65+0,65+0,65+0,67+0,67+2,67+2,67+2,69+2,68+2,68+2,68+2,69+2,72+2,70+2,70+2,70+2,72+2,72+2,70+2,70+2,70+2,72+2,17+2,https://cdn.sofifa.net/players/277/068/26_120.png
246420,/player/246420/jeremy-doku/260004/,26,4,2025-09-19,J. Doku,Jérémy Doku,"LW, RW, LM",80,85,32000000,110000,23,2002-05-27,173,66,13,Premier League,1,10,Manchester City,SUB,11,,2023-08-24,2028,7,Belgium,,,,Right,3,4,3,,Normal (170-185),Yes,61600000,"#Speedster, #Dribbler, #Acrobat","Rapid +, Inventive, Trickster, Quick Step, Enforcer",91,71,72,87,32,68,70,72,40,76,60,91,72,55,69,81,95,88,93,75,92,77,73,63,73,70,62,20,76,74,55,75,40,30,25,11,10,8,9,12,,74+3,74+3,74+3,80+0,79+0,79+0,79+0,80+0,79+3,79+3,79+3,79+3,70+3,70+3,70+3,79+3,58+3,55+3,55+3,55+3,58+3,53+3,46+3,46+3,46+3,53+3,17+3,https://cdn.sofifa.net/players/246/420/26_120.png
243715,/player/243715/william-saliba/260004/,26,4,2025-09-19,W. Saliba,William Alain André Gabriel Saliba,CB,87,89,92000000,180000,24,2001-03-24,193,85,13,Premier League,1,1,Arsenal,RCB,2,,2019-07-25,2027,18,France,1335,LCB,17,Right,3,2,4,,Normal (185+),Yes,177100000,"#Tackling , #Tactician , #Strength, #Complete defender","Anticipate +, Long Ball Pass, Jockey",77,39,68,72,87,83,58,35,80,80,34,74,55,35,77,77,76,78,53,86,46,60,89,72,88,23,83,86,54,62,47,82,88,90,86,7,10,6,8,11,,64+3,64+3,64+3,66+0,66+0,66+0,66+0,66+0,67+3,67+3,67+3,70+3,72+3,72+3,72+3,70+3,79+3,82+3,82+3,82+3,79+3,81+3,86+3,86+3,86+3,81+3,17+3,https://cdn.sofifa.net/players/243/715/26_120.png
277909,/player/277909/eli-junior-kroupi/260004/,26,4,2025-09-19,E. Kroupi,Eli Junior Eric Anat Kroupi,ST,74,85,9000000,41000,19,2006-06-23,179,70,13,Premier League,1,1943,AFC Bournemouth,SUB,22,,2025-02-03,2030,18,France,,,,Right,3,3,1,,Normal (170-185),No,18900000,,"Finesse Shot, Incisive Pass",80,74,68,78,47,57,57,76,63,76,71,80,69,55,70,81,81,80,75,67,72,74,80,63,55,71,48,38,75,68,73,72,42,54,46,14,6,7,13,13,,74+2,74+2,74+2,75+0,76+0,76+0,76+0,75+0,75+2,75+2,75+2,74+2,70+2,70+2,70+2,74+2,61+2,59+2,59+2,59+2,61+2,59+2,54+2,54+2,54+2,59+2,17+2,https://cdn.sofifa.net/players/277/909/26_120.png
242619,/player/242619/cheick-doucoure/260004/,26,4,2025-09-19,C. Doucouré,Cheick Oumar Doucouré,"CDM, CM",77,80,12500000,65000,25,2000-01-08,180,73,13,Premier League,1,1799,Crystal Palace,RES,28,,2022-07-11,2026,126,Mali,,,,Right,3,3,1,,Normal (170-185),Yes,24700000,,"Anticipate, Slide Tackle, Press Proven",61,55,69,74,74,74,54,53,58,78,44,75,59,47,76,77,58,63,66,73,70,59,68,69,74,56,80,78,63,72,52,75,72,77,79,10,14,12,12,15,,64+2,64+2,64+2,67+0,68+0,68+0,68+0,67+0,70+2,70+2,70+2,69+2,73+2,73+2,73+2,69+2,72+2,76+2,76+2,76+2,72+2,71+2,74+2,74+2,74+2,71+2,19+2,https://cdn.sofifa.net/players/242/619/26_120.png
230084,/player/230084/lukas-nmecha/260004/,26,4,2025-09-19,L. Nmecha,Lukas Okechukwu Nmecha,ST,76,77,9000000,55000,26,1998-12-14,185,80,13,Premier League,1,8,Leeds United,SUB,14,,2021-07-16,2027,21,Germany,,,,Right,4,3,2,,Stocky (185+),Yes,17800000,,,74,76,66,75,40,76,58,77,74,76,71,75,61,48,59,78,75,73,73,75,71,79,85,74,79,71,71,37,76,68,81,71,43,33,27,9,11,11,8,6,,76+1,76+1,76+1,74+0,75+0,75+0,75+0,74+0,74+2,74+2,74+2,73+2,68+2,68+2,68+2,73+2,58+2,58+2,58+2,58+2,58+2,55+2,54+2,54+2,54+2,55+2,16+2,https://cdn.sofifa.net/players/230/084/26_120.png
230918,/player/230918/trevoh-chalobah/260004/,26,4,2025-09-19,T. Chalobah,Trevoh Thomas Chalobah,"CB, RB, RM",79,82,20500000,100000,25,1999-07-05,192,75,13,Premier League,1,5,Chelsea,RCB,23,,2016-06-29,2028,14,England,,,,Right,3,3,1,,Lean (185+),Yes,40500000,,"Intercept, Slide Tackle",66,53,69,70,80,78,62,46,77,77,47,70,65,44,75,74,64,68,52,78,60,65,84,67,83,62,76,81,50,67,45,78,80,80,78,5,5,9,9,7,,64+2,64+2,64+2,65+0,66+0,66+0,66+0,65+0,67+2,67+2,67+2,67+2,72+2,72+2,72+2,67+2,74+2,77+2,77+2,77+2,74+2,75+2,79+2,79+2,79+2,75+2,14+2,https://cdn.sofifa.net/players/230/918/26_120.png
268421,/player/268421/mathys-tel/260004/,26,4,2025-09-19,M. Tel,Mathys Henri Tel,"ST, LW, CAM",77,86,23500000,68000,20,2005-04-27,183,77,13,Premier League,1,18,Tottenham Hotspur,SUB,11,,2025-07-01,2031,18,France,,,,Right,4,4,1,,Normal (170-185),Yes,49400000,,Finesse Shot,86,80,67,78,29,64,67,79,70,68,76,81,68,56,64,77,85,87,79,69,77,88,80,67,67,77,48,18,77,71,81,74,22,27,32,12,9,15,7,11,,77+2,77+2,77+2,76+0,77+0,77+0,77+0,76+0,75+2,75+2,75+2,75+2,67+2,67+2,67+2,75+2,54+2,50+2,50+2,50+2,54+2,52+2,44+2,44+2,44+2,52+2,17+2,https://cdn.sofifa.net/players/268/421/26_120.png
190885,/player/190885/adam-smith/260004/,26,4,2025-09-19,A. Smith,Adam James Smith,"RB, RM",73,73,1100000,48000,34,1991-04-29,180,78,13,Premier League,1,1943,AFC Bournemouth,RB,15,,2014-01-28,2026,14,England,,,,Right,3,3,1,,Lean (170-185),Yes,2100000,,,60,59,70,70,73,68,70,50,69,75,43,68,67,65,63,74,54,65,65,75,68,72,68,64,68,68,73,71,65,68,55,70,74,75,73,8,9,15,9,6,,65+2,65+2,65+2,67+0,67+0,67+0,67+0,67+0,68+2,68+2,68+2,67+2,70+2,70+2,70+2,67+2,71+2,72+1,72+1,72+1,71+2,71+2,72+1,72+1,72+1,71+2,16+2,https://cdn.sofifa.net/players/190/885/26_120.png
225659,/player/225659/guido-rodriguez/260004/,26,4,2025-09-19,G. Rodríguez,Guido Rodríguez,"CDM, CM",77,77,7500000,60000,31,1994-04-12,185,80,13,Premier League,1,19,West Ham United,SUB,24,,2024-08-06,2026,52,Argentina,1369,SUB,18,Right,4,2,3,,Normal (185+),Yes,14300000,,"Anticipate, Slide Tackle, Bruiser",45,58,70,69,77,75,59,43,74,77,47,72,55,62,75,75,47,43,47,77,45,80,74,67,76,69,84,76,68,73,53,71,77,79,78,12,11,14,16,6,,65+3,65+3,65+3,64+0,67+0,67+0,67+0,64+0,69+3,69+3,69+3,66+3,74+3,74+3,74+3,66+3,70+3,76+1,76+1,76+1,70+3,71+3,77+0,77+0,77+0,71+3,19+3,https://cdn.sofifa.net/players/225/659/26_120.png
244591,/player/244591/jayden-bogle/260004/,26,4,2025-09-19,J. Bogle,Jayden Ian Bogle,"RB, RM",75,79,7500000,40000,24,2000-07-27,178,69,13,Premier League,1,8,Leeds United,RB,2,,2024-07-20,2028,14,England,,,,Right,3,3,1,,Lean (170-185),No,14800000,,Technical,81,55,70,75,70,70,73,55,55,73,34,75,60,38,68,75,80,82,79,70,74,61,72,80,65,51,67,70,72,72,44,73,71,73,71,15,10,11,7,6,,66+2,66+2,66+2,72+0,70+0,70+0,70+0,72+0,71+2,71+2,71+2,73+2,71+2,71+2,71+2,73+2,74+2,72+2,72+2,72+2,74+2,73+2,69+2,69+2,69+2,73+2,16+2,https://cdn.sofifa.net/players/244/591/26_120.png
216266,/player/216266/kenny-tete/260004/,26,4,2025-09-19,K. Tete,Kenny Joelle Tete,"RB, RM",77,77,9500000,71000,29,1995-10-09,180,71,13,Premier League,1,144,Fulham FC,RB,2,,2020-09-10,2028,34,Netherlands,,,,Right,2,2,1,,Normal (170-185),Yes,18100000,,Long Throw,73,47,67,69,76,76,76,42,73,72,36,68,61,41,68,70,74,72,72,76,70,64,82,74,75,41,79,78,61,58,46,66,75,77,77,9,15,11,6,10,,63+2,63+2,63+2,66+0,64+0,64+0,64+0,66+0,65+2,65+2,65+2,68+2,68+2,68+2,68+2,68+2,75+2,74+2,74+2,74+2,75+2,75+2,76+1,76+1,76+1,75+2,17+2,https://cdn.sofifa.net/players/216/266/26_120.png
241436,/player/241436/calvin-bassey/260004/,26,4,2025-09-19,C. Bassey,Calvin Bassey Ughelumba,CB,78,81,16500000,69000,25,1999-12-31,185,88,13,Premier League,1,144,Fulham FC,LCB,3,,2023-07-28,2027,133,Nigeria,,,,Left,3,2,1,,Stocky (185+),Yes,32600000,#Strength,,81,44,63,68,77,87,68,36,75,71,49,69,63,37,60,66,75,86,67,77,66,65,82,86,88,36,85,76,57,55,44,70,79,78,76,9,7,5,8,7,,63+2,63+2,63+2,64+0,63+0,63+0,63+0,64+0,63+2,63+2,63+2,67+2,66+2,66+2,66+2,67+2,75+2,74+2,74+2,74+2,75+2,76+2,78+2,78+2,78+2,76+2,15+2,https://cdn.sofifa.net/players/241/436/26_120.png
253444,/player/253444/arnaud-kalimuendo/260004/,26,4,2025-09-19,A. Kalimuendo,Arnaud Kalimuendo Muinga,ST,78,82,20500000,77000,23,2002-01-20,178,79,13,Premier League,1,14,Nottingham Forest,SUB,15,,2025-08-18,2030,18,France,,,,Right,3,3,2,,Stocky (170-185),Yes,40500000,,Low Driven Shot,80,80,63,78,29,71,57,81,72,69,75,78,67,56,54,78,82,78,75,77,86,79,85,73,72,78,64,23,80,68,78,79,32,21,17,9,12,9,14,8,,78+2,78+2,78+2,75+0,77+0,77+0,77+0,75+0,75+2,75+2,75+2,73+2,66+2,66+2,66+2,73+2,53+2,51+2,51+2,51+2,53+2,50+2,46+2,46+2,46+2,50+2,18+2,https://cdn.sofifa.net/players/253/444/26_120.png
246565,/player/246565/bafode-diakite/260004/,26,4,2025-09-19,B. Diakité,Bafodé Diakité,CB,79,84,24000000,62000,24,2001-01-06,184,82,13,Premier League,1,1943,AFC Bournemouth,RCB,18,,2025-08-13,2030,18,France,,,,Right,4,2,1,,Normal (170-185),Yes,47400000,,"Precision Header, Jockey, Aerial Fortress",72,46,65,71,79,80,67,41,84,73,39,68,52,36,65,74,66,77,69,78,65,62,86,78,79,36,81,77,64,59,48,76,77,81,80,7,10,8,13,5,,65+2,65+2,65+2,65+0,65+0,65+0,65+0,65+0,65+2,65+2,65+2,68+2,69+2,69+2,69+2,68+2,75+2,75+2,75+2,75+2,75+2,76+2,79+2,79+2,79+2,76+2,16+2,https://cdn.sofifa.net/players/246/565/26_120.png
213956,/player/213956/adama-traore-diarra/260004/,26,4,2025-09-19,Adama Traoré,Adama Traoré Diarra,"RM, RW",76,76,7500000,69000,29,1996-01-25,179,86,13,Premier League,1,144,Fulham FC,SUB,11,,2023-08-12,2026,45,Spain,,,,Right,3,4,1,,Unique,Yes,14300000,"#Speedster, #Dribbler, #Strength","Rapid, Quick Step, Enforcer",94,65,67,81,37,82,75,61,40,70,60,86,73,42,52,77,95,94,78,73,87,84,80,70,90,62,76,38,67,69,47,66,33,40,34,13,9,11,12,7,,71+2,71+2,71+2,76+0,74+0,74+0,74+0,76+0,73+2,73+2,73+2,75+1,66+2,66+2,66+2,75+1,62+2,57+2,57+2,57+2,62+2,58+2,53+2,53+2,53+2,58+2,17+2,https://cdn.sofifa.net/players/213/956/26_120.png
271807,/player/271807/ethan-nwaneri/260004/,26,4,2025-09-19,E. Nwaneri,Ethan Chidiebere Nwaneri,"RW, CM, RM",76,87,16000000,67000,18,2007-03-21,176,70,13,Premier League,1,1,Arsenal,SUB,22,,2022-09-18,2030,14,England,,,,Left,3,3,1,,Normal (170-185),Yes,32799999,,"Finesse Shot, Technical",82,70,74,78,50,54,78,71,42,74,59,79,76,60,70,77,80,83,80,74,83,72,58,66,51,70,44,52,73,75,58,76,47,55,43,14,11,8,12,9,,70+2,70+2,70+2,76+0,75+0,75+0,75+0,76+0,75+2,75+2,75+2,76+2,72+2,72+2,72+2,76+2,65+2,62+2,62+2,62+2,65+2,62+2,53+2,53+2,53+2,62+2,18+2,https://cdn.sofifa.net/players/271/807/26_120.png
205923,/player/205923/ben-davies/260004/,26,4,2025-09-19,B. Davies,Benjamin Thomas Davies,CB,75,75,3600000,73000,32,1993-04-24,181,76,13,Premier League,1,18,Tottenham Hotspur,SUB,33,,2014-07-23,2026,50,Wales,1367,SUB,4,Left,3,3,2,,Normal (170-185),Yes,6800000,,Block,53,58,71,71,77,68,71,58,73,76,48,70,72,48,75,74,54,53,61,78,66,65,72,54,70,52,79,77,60,64,54,76,77,78,77,11,7,6,7,14,,65+2,65+2,65+2,66+0,66+0,66+0,66+0,66+0,67+2,67+2,67+2,67+2,70+2,70+2,70+2,67+2,71+2,74+1,74+1,74+1,71+2,72+2,75+0,75+0,75+0,72+2,17+2,https://cdn.sofifa.net/players/205/923/26_120.png
231554,/player/231554/james-justin/260004/,26,4,2025-09-19,J. Justin,James Michael Justin,"RB, LB, LM",74,75,4400000,43000,27,1998-02-23,183,80,13,Premier League,1,8,Leeds United,SUB,24,,2025-08-25,2029,14,England,,,,Right,4,3,1,,Normal (170-185),Yes,8700000,,Block,79,52,69,70,71,70,73,53,68,72,53,70,60,60,67,70,73,83,67,71,70,54,75,74,69,47,66,71,65,67,43,66,71,72,71,13,7,6,5,14,,64+2,64+2,64+2,68+0,67+0,67+0,67+0,68+0,67+2,67+2,67+2,70+2,68+2,68+2,68+2,70+2,72+2,70+2,70+2,70+2,72+2,72+2,71+2,71+2,71+2,72+2,16+2,https://cdn.sofifa.net/players/231/554/26_120.png
246172,/player/246172/samuel-chukwueze/260004/,26,4,2025-09-19,S. Chukwueze,Samuel Chimerenka Chukwueze,"RM, RW",80,80,23000000,53000,26,1999-05-22,172,70,13,Premier League,1,144,Fulham FC,SUB,19,AC Milan,,2026,133,Nigeria,,,,Left,2,4,1,,Normal (170-185),Yes,,#Dribbler,"Finesse Shot, Rapid, Quick Step",88,74,74,83,36,57,76,75,44,77,70,86,73,58,66,82,91,86,85,77,82,78,66,62,58,72,47,33,78,76,55,72,40,32,33,13,7,9,7,6,,74+2,74+2,74+2,80+0,79+0,79+0,79+0,80+0,79+1,79+1,79+1,79+1,71+2,71+2,71+2,79+1,61+2,56+2,56+2,56+2,61+2,57+2,47+2,47+2,47+2,57+2,16+2,https://cdn.sofifa.net/players/246/172/26_120.png
248808,/player/248808/aaron-hickey/260004/,26,4,2025-09-19,A. Hickey,Aaron Buchanan Hickey,"RB, RM",74,79,6000000,44000,23,2002-06-10,185,72,13,Premier League,1,1925,Brentford,SUB,2,,2022-07-09,2026,42,Scotland,1359,RB,2,Right,5,2,1,,Lean (185+),No,11900000,,,71,54,70,73,74,64,74,48,67,75,56,74,61,40,68,74,70,72,71,73,64,63,69,60,59,60,78,72,59,67,47,72,75,76,75,13,14,8,13,5,,64+2,64+2,64+2,69+0,67+0,67+0,67+0,69+0,69+2,69+2,69+2,69+2,70+2,70+2,70+2,69+2,72+2,72+2,72+2,72+2,72+2,72+2,72+2,72+2,72+2,72+2,18+2,https://cdn.sofifa.net/players/248/808/26_120.png
220196,/player/220196/david-brooks/260004/,26,4,2025-09-19,D. Brooks,David Robert Brooks,"RM, RW",75,75,6000000,57000,27,1997-07-08,178,62,13,Premier League,1,1943,AFC Bournemouth,RM,7,,2018-07-01,2026,50,Wales,1367,SUB,10,Left,3,4,1,,Lean (170-185),Yes,11400000,,Technical,70,69,74,77,48,58,76,70,59,75,61,78,73,66,68,77,69,71,73,75,80,68,65,57,57,72,60,43,73,76,65,75,47,49,44,8,14,9,13,7,,70+2,70+2,70+2,74+0,74+0,74+0,74+0,74+0,74+1,74+1,74+1,74+1,70+2,70+2,70+2,74+1,62+2,60+2,60+2,60+2,62+2,59+2,55+2,55+2,55+2,59+2,18+2,https://cdn.sofifa.net/players/220/196/26_120.png
272978,/player/272978/jorrel-hato/260004/,26,4,2025-09-19,J. Hato,Jorrel Hato,"LB, CB",78,89,29000000,65000,19,2006-03-07,182,76,13,Premier League,1,5,Chelsea,SUB,21,,2025-08-03,2032,34,Netherlands,,,,Left,3,2,1,,Normal (170-185),Yes,60900000,,"Pinged Pass, Jockey, Intercept, Quick Step",85,41,70,74,75,73,66,39,69,79,36,70,59,31,74,78,87,84,76,79,78,55,91,69,73,30,72,77,61,67,34,78,74,77,73,8,5,5,13,9,,63+2,63+2,63+2,69+0,67+0,67+0,67+0,69+0,69+2,69+2,69+2,72+2,71+2,71+2,71+2,72+2,75+2,75+2,75+2,75+2,75+2,76+2,75+2,75+2,75+2,76+2,16+2,https://cdn.sofifa.net/players/272/978/26_120.png
264579,/player/264579/freddie-potts/260004/,26,4,2025-09-19,F. Potts,Freddie Potts,"CDM, CM",70,80,3400000,23000,21,2003-09-12,183,79,13,Premier League,1,19,West Ham United,SUB,32,,2021-06-29,2029,14,England,,,,Right,3,2,1,,Normal (170-185),No,7100000,,"Slide Tackle, Aerial Fortress",66,55,69,70,66,71,65,54,60,72,55,67,67,63,69,71,67,65,75,69,74,60,69,78,67,55,73,67,54,69,54,69,65,68,66,10,12,14,14,10,,62+2,62+2,62+2,65+0,64+0,64+0,64+0,65+0,66+2,66+2,66+2,67+2,68+2,68+2,68+2,67+2,69+2,69+2,69+2,69+2,69+2,68+2,67+2,67+2,67+2,68+2,18+2,https://cdn.sofifa.net/players/264/579/26_120.png
244238,/player/244238/jaka-bijol/260004/,26,4,2025-09-19,J. Bijol,Jaka Bijol,CB,77,79,11500000,52000,26,1999-02-05,190,85,13,Premier League,1,8,Leeds United,SUB,15,,2025-06-23,2030,44,Slovenia,,,,Right,3,2,1,,Normal (185+),Yes,22700000,,"Long Ball Pass, Intercept, Aerial Fortress",64,59,65,62,77,79,50,57,80,75,55,60,47,47,74,67,63,64,53,74,52,71,85,79,81,53,74,78,53,66,53,70,79,75,74,13,7,12,10,13,,65+2,65+2,65+2,62+0,64+0,64+0,64+0,62+0,65+2,65+2,65+2,64+2,69+2,69+2,69+2,64+2,70+2,75+2,75+2,75+2,70+2,72+2,77+2,77+2,77+2,72+2,18+2,https://cdn.sofifa.net/players/244/238/26_120.png
266609,/player/266609/tim-iroegbunam/260004/,26,4,2025-09-19,T. Iroegbunam,Timothy Emeka Iroegbunam,"CDM, CM",74,80,6000000,27000,22,2003-06-30,183,70,13,Premier League,1,7,Everton,SUB,42,,2024-06-22,2027,14,England,,,,Right,4,3,1,,Lean (170-185),Yes,12600000,,,65,58,67,73,72,72,56,57,68,75,49,76,58,41,72,73,66,65,64,72,64,68,74,71,72,53,72,75,65,70,56,70,69,74,70,13,12,6,12,6,,67+2,67+2,67+2,68+0,69+0,69+0,69+0,68+0,70+2,70+2,70+2,69+2,71+2,71+2,71+2,69+2,70+2,73+2,73+2,73+2,70+2,70+2,72+2,72+2,72+2,70+2,17+2,https://cdn.sofifa.net/players/266/609/26_120.png
232080,/player/232080/jack-harrison/260004/,26,4,2025-09-19,J. Harrison,Jack David Harrison,"RM, RW",74,74,4200000,47000,28,1996-11-20,175,70,13,Premier League,1,8,Leeds United,SUB,20,,2021-07-02,2028,14,England,,,,Left,3,3,1,,Normal (170-185),Yes,8000000,,Pinged Pass,76,69,71,75,47,66,77,66,45,72,62,74,77,56,57,75,74,77,79,73,80,76,63,76,62,69,65,44,72,75,64,72,60,39,39,11,8,10,6,11,,69+2,69+2,69+2,73+0,72+0,72+0,72+0,73+0,72+2,72+2,72+2,73+1,68+2,68+2,68+2,73+1,63+2,60+2,60+2,60+2,63+2,60+2,54+2,54+2,54+2,60+2,16+2,https://cdn.sofifa.net/players/232/080/26_120.png
259031,/player/259031/liam-delap/260004/,26,4,2025-09-19,L. Delap,Liam Rory Delap,ST,78,85,29000000,95000,22,2003-02-08,186,90,13,Premier League,1,5,Chelsea,SUB,9,,2025-06-04,2031,14,England,,,,Right,5,3,1,,Normal (185+),Yes,60900000,,"Power Shot, Enforcer",79,80,60,76,30,81,55,80,73,69,78,78,68,52,50,78,76,81,70,77,63,85,88,70,84,74,83,22,79,59,77,77,29,25,23,8,9,10,11,10,,78+2,78+2,78+2,74+0,76+0,76+0,76+0,74+0,73+2,73+2,73+2,72+2,64+2,64+2,64+2,72+2,53+2,52+2,52+2,52+2,53+2,50+2,50+2,50+2,50+2,50+2,17+2,https://cdn.sofifa.net/players/259/031/26_120.png
248384,/player/248384/ilia-gruev/260004/,26,4,2025-09-19,I. Gruev,Ilia Iliev GruevИлия Илиев Груев,"CDM, CM",74,77,5000000,41000,25,2000-05-06,185,77,13,Premier League,1,8,Leeds United,CDM,44,,2023-08-31,2027,9,Bulgaria,,,,Left,3,3,1,,Lean (185+),Yes,9900000,,,67,55,71,71,70,69,63,52,59,77,52,70,63,64,73,74,61,71,63,73,66,57,66,78,66,58,66,71,58,70,60,74,71,71,73,9,13,9,5,11,,63+2,63+2,63+2,67+0,66+0,66+0,66+0,67+0,69+2,69+2,69+2,69+2,71+2,71+2,71+2,69+2,72+2,73+2,73+2,73+2,72+2,71+2,70+2,70+2,70+2,71+2,16+2,https://cdn.sofifa.net/players/248/384/26_120.png
270409,/player/270409/savio-moreira-de-oliveira/260004/,26,4,2025-09-19,Savinho,Sávio Moreira de Oliveira,"RW, LW, RM",82,87,47000000,110000,21,2004-04-10,176,71,13,Premier League,1,10,Manchester City,SUB,26,,2024-07-18,2029,54,Brazil,,,,Left,2,4,3,,Lean (170-185),Yes,90500000,"#Dribbler, #Acrobat","Whipped Pass, Inventive, Technical, First Touch",87,71,78,86,30,53,83,74,45,81,63,87,80,55,70,85,89,85,90,79,76,70,62,73,45,67,45,25,79,81,62,85,26,30,36,9,12,8,9,12,,73+3,73+3,73+3,82+0,80+0,80+0,80+0,82+0,81+3,81+3,81+3,82+3,74+3,74+3,74+3,82+3,62+3,55+3,55+3,55+3,62+3,57+3,43+3,43+3,43+3,57+3,18+3,https://cdn.sofifa.net/players/270/409/26_120.png
259377,/player/259377/yeremy-jesus-pino-santos/260004/,26,4,2025-09-19,Yeremy Pino,Yéremy Jesús Pino Santos,"RM, LM, LW, RW",80,88,47500000,77000,22,2002-10-20,172,65,13,Premier League,1,1799,Crystal Palace,SUB,10,,2025-08-29,2030,45,Spain,,,,Right,4,3,2,,Lean (170-185),Yes,99800000,,Rapid,77,73,78,81,38,53,79,76,46,81,67,82,76,60,76,81,78,77,80,78,80,73,58,69,45,69,53,29,81,78,54,68,31,48,41,9,7,14,6,9,,73+2,73+2,73+2,79+0,78+0,78+0,78+0,79+0,79+2,79+2,79+2,79+2,74+2,74+2,74+2,79+2,62+2,59+2,59+2,59+2,62+2,58+2,48+2,48+2,48+2,58+2,16+2,https://cdn.sofifa.net/players/259/377/26_120.png
271800,/player/271800/yankuba-minteh/260004/,26,4,2025-09-19,Y. Minteh,Yankuba Minteh,"RM, RW",77,85,23000000,56000,20,2004-07-22,180,65,13,Premier League,1,1808,Brighton & Hove Albion,RM,11,,2024-06-30,2029,116,Gambia,,,,Left,3,4,1,,Normal (170-185),Yes,48300000,"#Speedster, #Acrobat","Quick Step +, Rapid",94,67,66,81,55,57,73,75,40,69,53,81,66,38,57,79,94,94,92,73,80,67,60,70,47,54,63,54,76,69,57,70,58,60,49,9,8,7,11,8,,70+2,70+2,70+2,78+0,75+0,75+0,75+0,78+0,75+2,75+2,75+2,76+2,69+2,69+2,69+2,76+2,68+2,63+2,63+2,63+2,68+2,66+2,57+2,57+2,57+2,66+2,16+2,https://cdn.sofifa.net/players/271/800/26_120.png
234569,/player/234569/florentino-morris-luis/260004/,26,4,2025-09-19,Florentino,Florentino Ibrain Morris Luís,"CDM, CM, CB",80,83,25000000,22000,25,1999-08-19,184,76,13,Premier League,1,1796,Burnley,SUB,16,SL Benfica,,2026,38,Portugal,,,,Right,2,2,1,,Lean (170-185),Yes,,,"Precision Header, Pinged Pass, Intercept, Anticipate, Slide Tackle, Press Proven, Bruiser",55,47,65,73,81,80,41,35,67,77,36,72,44,44,76,74,55,55,73,76,68,65,73,85,78,58,78,84,67,69,38,75,81,82,81,6,14,14,10,14,,62+2,62+2,62+2,63+0,65+0,65+0,65+0,63+0,68+2,68+2,68+2,66+2,74+2,74+2,74+2,66+2,73+2,79+2,79+2,79+2,73+2,73+2,78+2,78+2,78+2,73+2,18+2,https://cdn.sofifa.net/players/234/569/26_120.png
251570,/player/251570/rayan-cherki/260004/,26,4,2025-09-19,R. Cherki,Mathis Rayan Cherki,"RW, RM, CAM",81,88,52500000,100000,21,2003-08-17,177,71,13,Premier League,1,10,Manchester City,RES,10,,2019-07-07,2030,18,France,1335,CAM,25,Left,5,5,3,,Normal (170-185),Yes,107600000,#Dribbler,"Trickster +, Chip Shot, Low Driven Shot, Incisive Pass, Inventive, Technical, First Touch",75,75,80,88,21,65,76,75,28,82,71,91,80,73,76,88,75,75,81,78,86,80,59,68,67,75,59,22,73,86,66,86,19,23,15,7,14,6,8,8,,73+3,73+3,73+3,81+0,80+0,80+0,80+0,81+0,82+3,82+3,82+3,80+3,75+3,75+3,75+3,80+3,56+3,55+3,55+3,55+3,56+3,49+3,39+3,39+3,39+3,49+3,17+3,https://cdn.sofifa.net/players/251/570/26_120.png
180216,/player/180216/seamus-coleman/260004/,26,4,2025-09-19,S. Coleman,Séamus Coleman,"RB, RM",70,70,350000,16000,36,1988-10-11,177,77,13,Premier League,1,7,Everton,SUB,23,,2009-02-02,2026,25,Republic of Ireland,,,,Right,3,3,1,,Normal (170-185),Yes,665000,,,51,65,70,70,74,61,73,61,65,73,64,70,65,53,68,71,49,52,62,73,65,74,65,35,67,66,78,73,69,69,55,75,74,76,75,5,15,10,13,7,,67+2,67+2,67+2,67+0,67+0,67+0,67+0,67+0,68+2,68+2,68+2,66+2,68+2,68+2,68+2,66+2,67+2,70+0,70+0,70+0,67+2,68+2,72+-2,72+-2,72+-2,68+2,17+2,https://cdn.sofifa.net/players/180/216/26_120.png
240947,/player/240947/tyrick-mitchell/260004/,26,4,2025-09-19,T. Mitchell,Tyrick Kwon Mitchell,"LB, LM",78,80,16000000,69000,25,1999-09-01,175,66,13,Premier League,1,1799,Crystal Palace,LB,3,,2017-07-01,2027,14,England,,,,Left,3,2,1,,Lean (170-185),Yes,31600000,,"Whipped Pass, Jockey, Block, Anticipate",75,41,68,73,76,70,78,41,56,67,30,72,76,37,62,75,74,75,76,76,74,42,69,85,61,34,73,78,70,71,45,69,78,80,77,9,12,14,8,14,,60+2,60+2,60+2,68+0,66+0,66+0,66+0,68+0,67+2,67+2,67+2,71+2,70+2,70+2,70+2,71+2,77+2,74+2,74+2,74+2,77+2,76+2,73+2,73+2,73+2,76+2,18+2,https://cdn.sofifa.net/players/240/947/26_120.png
231936,/player/231936/benjamin-white/260004/,26,4,2025-09-19,B. White,Benjamin William White,RB,83,83,35000000,150000,27,1997-10-08,185,77,13,Premier League,1,1,Arsenal,SUB,4,,2021-07-30,2028,14,England,,,,Right,4,2,3,,Lean (185+),Yes,64800000,,Block,70,35,75,75,83,78,77,30,78,80,23,74,64,20,79,79,68,71,68,84,61,53,82,78,77,27,81,84,59,76,24,81,83,84,82,8,11,12,5,6,,61+3,61+3,61+3,68+0,66+0,66+0,66+0,68+0,70+3,70+3,70+3,72+3,75+3,75+3,75+3,72+3,80+3,81+2,81+2,81+2,80+3,80+3,81+2,81+2,81+2,80+3,16+3,https://cdn.sofifa.net/players/231/936/26_120.png
203263,/player/203263/harry-maguire/260004/,26,4,2025-09-19,H. Maguire,Jacob Harry Maguire,CB,80,80,13500000,88000,32,1993-03-05,193,100,13,Premier League,1,11,Manchester United,SUB,5,,2019-08-05,2026,14,England,,,,Right,3,2,3,,Stocky (185+),Yes,25700000,#Strength,Aerial Fortress,35,57,70,65,80,82,51,48,84,79,49,68,67,46,82,71,37,34,33,78,33,82,80,66,89,50,84,82,61,69,68,79,80,80,75,14,16,9,14,9,,65+3,65+3,65+3,60+0,64+0,64+0,64+0,60+0,65+3,65+3,65+3,63+3,73+3,73+3,73+3,63+3,69+3,78+2,78+2,78+2,69+3,70+3,80+0,80+0,80+0,70+3,20+3,https://cdn.sofifa.net/players/203/263/26_120.png
250789,/player/250789/dilane-bakwa/260004/,26,4,2025-09-19,D. Bakwa,Dilane Bakwa,"RM, RW",78,84,22500000,70000,22,2002-08-26,180,75,13,Premier League,1,14,Nottingham Forest,SUB,29,,2025-09-02,2030,18,France,,,,Left,2,4,1,,Normal (170-185),Yes,47300000,,"Dead Ball, Gamechanger, Technical",88,72,73,81,30,66,74,72,44,75,63,82,81,63,64,80,90,86,84,75,76,74,70,74,69,74,48,35,73,76,59,79,27,26,28,7,12,15,6,5,,73+2,73+2,73+2,78+0,77+0,77+0,77+0,78+0,77+2,77+2,77+2,77+2,70+2,70+2,70+2,77+2,59+2,55+2,55+2,55+2,59+2,55+2,45+2,45+2,45+2,55+2,15+2,https://cdn.sofifa.net/players/250/789/26_120.png
239818,/player/239818/ruben-santos-gato-alves-dias/260004/,26,4,2025-09-19,Rúben Dias,Rúben dos Santos Gato Alves Dias,CB,86,87,64500000,190000,28,1997-05-14,187,82,13,Premier League,1,10,Manchester City,RCB,3,,2020-09-29,2029,38,Portugal,1354,RCB,3,Right,4,2,4,,Normal (185+),Yes,124200000,"#Tackling , #Tactician ","Bruiser +, Long Ball Pass",59,39,69,69,86,84,54,29,85,81,32,64,46,48,79,75,55,62,62,86,56,74,85,71,89,26,88,86,39,64,45,85,87,87,85,7,8,13,7,12,,60+3,60+3,60+3,60+0,61+0,61+0,61+0,60+0,63+3,63+3,63+3,64+3,71+3,71+3,71+3,64+3,76+3,82+3,82+3,82+3,76+3,78+3,85+2,85+2,85+2,78+3,17+3,https://cdn.sofifa.net/players/239/818/26_120.png
232580,/player/232580/gabriel-dos-s-magalhaes/260004/,26,4,2025-09-19,Gabriel,Gabriel dos Santos Magalhães,CB,88,88,84000000,230000,27,1997-12-19,190,87,13,Premier League,1,1,Arsenal,LCB,6,,2020-09-01,2029,54,Brazil,,,,Left,2,2,4,,Normal (185+),Yes,155400000,"#Aerial threat, #Tackling , #Tactician , #Strength, #Complete defender","Bruiser +, Precision Header",64,44,64,65,88,84,42,37,90,79,33,64,57,31,76,71,61,67,51,88,37,62,88,71,89,39,86,87,52,63,51,79,89,88,87,12,8,13,10,7,,63+3,63+3,63+3,61+0,63+0,63+0,63+0,61+0,65+3,65+3,65+3,64+3,71+3,71+3,71+3,64+3,75+3,82+3,82+3,82+3,75+3,78+3,87+1,87+1,87+1,78+3,18+3,https://cdn.sofifa.net/players/232/580/26_120.png
224221,/player/224221/joachim-andersen/260004/,26,4,2025-09-19,J. Andersen,Joachim Christian Andersen,CB,78,78,12000000,76000,29,1996-05-31,192,90,13,Premier League,1,144,Fulham FC,RCB,5,,2024-08-23,2029,13,Denmark,1331,RCB,2,Right,4,2,2,,Normal (185+),Yes,22800000,#Strength,"Long Ball Pass, Intercept, Aerial Fortress, Bruiser",39,57,71,65,78,82,54,51,77,77,55,66,67,56,86,68,36,42,47,78,50,75,70,70,87,58,86,79,45,69,44,78,79,78,78,13,7,9,15,14,,62+2,62+2,62+2,59+0,62+0,62+0,62+0,59+0,64+2,64+2,64+2,62+2,72+2,72+2,72+2,62+2,69+2,78+0,78+0,78+0,69+2,70+2,78+0,78+0,78+0,70+2,19+2,https://cdn.sofifa.net/players/224/221/26_120.png
232488,/player/232488/cristian-romero/260004/,26,4,2025-09-19,C. Romero,Cristian Gabriel Romero,CB,82,84,32500000,115000,27,1998-04-27,185,79,13,Premier League,1,18,Tottenham Hotspur,RCB,17,,2022-08-30,2029,52,Argentina,1369,RCB,13,Right,2,3,3,,Normal (185+),Yes,64200000,,"Precision Header, Slide Tackle, Aerial Fortress, Bruiser",66,48,62,65,83,81,42,48,82,76,52,60,54,38,70,67,63,68,65,81,64,64,86,69,83,36,89,84,43,60,40,79,83,83,86,5,7,11,10,14,,62+3,62+3,62+3,59+0,61+0,61+0,61+0,59+0,62+3,62+3,62+3,62+3,67+3,67+3,67+3,62+3,72+3,78+3,78+3,78+3,72+3,75+3,82+2,82+2,82+2,75+3,17+3,https://cdn.sofifa.net/players/232/488/26_120.png
207650,/player/207650/emil-krafth/260004/,26,4,2025-09-19,E. Krafth,Emil Henry ­Kristoffer Krafth,"CB, RB, RM",73,73,2500000,69000,30,1994-08-02,184,83,13,Premier League,1,13,Newcastle United,SUB,17,,2019-08-08,2026,46,Sweden,,,,Right,3,2,1,,Normal (170-185),Yes,4800000,,Long Throw,53,59,69,70,74,67,70,56,69,72,46,69,72,54,73,73,53,53,62,74,64,70,70,55,72,58,69,74,56,62,54,72,75,76,74,8,13,15,14,7,,64+2,64+2,64+2,65+0,65+0,65+0,65+0,65+0,66+2,66+2,66+2,65+2,68+2,68+2,68+2,65+2,69+2,72+1,72+1,72+1,69+2,69+2,73+0,73+0,73+0,69+2,18+2,https://cdn.sofifa.net/players/207/650/26_120.png
257084,/player/257084/lesley-ugochukwu/260004/,26,4,2025-09-19,L. Ugochukwu,Lesley Chimuanya Ugochukwu,"CDM, CM",73,82,6500000,28000,21,2004-03-26,191,88,13,Premier League,1,1796,Burnley,SUB,8,,2025-08-06,2030,18,France,,,,Right,3,3,1,,Normal (185+),Yes,13700000,,Press Proven,64,58,68,68,71,74,60,55,70,75,55,67,58,45,72,72,64,64,62,68,54,68,77,70,77,57,73,72,57,68,50,69,70,72,72,10,13,15,11,8,,65+2,65+2,65+2,65+0,65+0,65+0,65+0,65+0,67+2,67+2,67+2,66+2,69+2,69+2,69+2,66+2,69+2,72+2,72+2,72+2,69+2,69+2,72+2,72+2,72+2,69+2,17+2,https://cdn.sofifa.net/players/257/084/26_120.png
208004,/player/208004/joel-veltman/260004/,26,4,2025-09-19,J. Veltman,Joël Ivo Veltman,"RB, RM",78,78,7500000,81000,33,1992-01-15,184,75,13,Premier League,1,1808,Brighton & Hove Albion,RB,34,,2020-07-29,2026,34,Netherlands,,,,Right,4,2,2,,Normal (170-185),Yes,14300000,,,63,49,68,70,80,77,73,50,74,77,38,68,51,34,73,74,64,62,65,78,66,60,80,73,77,41,83,80,55,55,42,79,81,83,77,7,10,6,9,11,,63+2,63+2,63+2,65+0,64+0,64+0,64+0,65+0,65+2,65+2,65+2,68+2,70+2,70+2,70+2,68+2,75+2,77+1,77+1,77+1,75+2,76+2,79+-1,79+-1,79+-1,76+2,17+2,https://cdn.sofifa.net/players/208/004/26_120.png
241159,/player/241159/marc-guehi/260004/,26,4,2025-09-19,M. Guéhi,Addji Keaninkin Marc-Israel Guéhi,CB,82,84,35000000,85000,24,2000-07-13,182,82,13,Premier League,1,1799,Crystal Palace,LCB,6,,2021-07-18,2026,14,England,1318,LCB,6,Right,5,2,3,,Normal (170-185),Yes,69100000,,"Long Ball Pass, Jockey, Block, Anticipate",69,39,69,73,83,78,58,42,79,79,32,72,67,32,78,76,68,69,61,83,65,49,84,73,80,26,77,82,35,66,38,76,84,84,85,8,9,11,12,12,,60+3,60+3,60+3,63+0,62+0,62+0,62+0,63+0,66+3,66+3,66+3,67+3,71+3,71+3,71+3,67+3,76+3,80+3,80+3,80+3,76+3,78+3,82+2,82+2,82+2,78+3,18+3,https://cdn.sofifa.net/players/241/159/26_120.png
262135,/player/262135/david-moller-wolfe/260004/,26,4,2025-09-19,D. Wolfe,David Møller Wolfe,"LB, LM",73,78,4300000,37000,23,2002-04-23,185,78,13,Premier League,1,110,Wolverhampton Wanderers,LB,6,,2025-08-02,2030,36,Norway,1352,LB,5,Left,2,2,1,,Lean (185+),No,8500000,,"Rapid, Relentless",78,53,65,69,67,77,71,52,60,70,47,68,55,43,59,70,77,79,69,71,66,59,80,82,76,50,72,68,64,63,48,66,67,68,69,8,9,14,10,11,,64+2,64+2,64+2,67+0,66+0,66+0,66+0,67+0,66+2,66+2,66+2,69+2,67+2,67+2,67+2,69+2,71+2,69+2,69+2,69+2,71+2,71+2,69+2,69+2,69+2,71+2,16+2,https://cdn.sofifa.net/players/262/135/26_120.png
274246,/player/274246/lewis-miley/260004/,26,4,2025-09-19,L. Miley,Lewis Miley,CM,72,86,5500000,44000,19,2006-05-01,189,75,13,Premier League,1,13,Newcastle United,SUB,67,,2023-02-11,2028,14,England,,,,Right,4,3,1,,Lean (185+),No,13900000,,,65,61,72,73,64,66,64,61,57,77,56,75,65,59,71,73,67,63,71,68,68,67,68,71,69,60,50,66,66,77,49,78,63,68,58,9,7,10,12,7,,66+2,66+2,66+2,69+0,69+0,69+0,69+0,69+0,71+2,71+2,71+2,70+2,72+2,72+2,72+2,70+2,67+2,69+2,69+2,69+2,67+2,66+2,64+2,64+2,64+2,66+2,15+2,https://cdn.sofifa.net/players/274/246/26_120.png
254022,/player/254022/nick-woltemade/260004/,26,4,2025-09-19,N. Woltemade,Nick Woltemade,"ST, CAM",79,84,27000000,105000,23,2002-02-14,199,90,13,Premier League,1,13,Newcastle United,ST,27,,2025-08-30,2031,21,Germany,1337,ST,11,Right,3,4,1,,Lean (185+),Yes,53300000,#Aerial threat,"Gamechanger, Technical",67,78,65,79,41,74,46,82,77,77,73,83,51,42,63,80,64,69,69,79,57,81,84,71,81,66,60,35,82,74,70,77,32,44,30,11,8,13,9,8,,79+2,79+2,79+2,74+0,78+0,78+0,78+0,74+0,77+2,77+2,77+2,73+2,72+2,72+2,72+2,73+2,56+2,59+2,59+2,59+2,56+2,54+2,54+2,54+2,54+2,54+2,17+2,https://cdn.sofifa.net/players/254/022/26_120.png
208892,/player/208892/sam-byram/260004/,26,4,2025-09-19,S. Byram,Samuel Mark Byram,"LB, RB, LM",72,72,1700000,37000,31,1993-09-16,183,72,13,Premier League,1,8,Leeds United,SUB,25,,2023-08-05,2026,14,England,,,,Right,4,3,1,,Lean (170-185),Yes,3200000,,Block,72,57,65,70,71,71,67,59,69,70,43,71,55,33,64,70,71,72,68,70,68,66,77,70,71,52,69,70,62,65,41,71,70,74,71,10,9,15,16,13,,66+2,66+2,66+2,67+0,67+0,67+0,67+0,67+0,67+2,67+2,67+2,68+2,67+2,67+2,67+2,68+2,70+2,70+2,70+2,70+2,70+2,70+2,71+1,71+1,71+1,70+2,19+2,https://cdn.sofifa.net/players/208/892/26_120.png
258575,/player/258575/emmanuel-agbadou/260004/,26,4,2025-09-19,E. Agbadou,Emmanuel Elysee Djedje Agbadou Badobre,CB,79,81,17500000,71000,28,1997-06-17,192,86,13,Premier League,1,110,Wolverhampton Wanderers,CB,12,,2025-01-09,2029,108,Côte d'Ivoire,,,,Right,3,2,1,,Stocky (185+),Yes,34600000,#Strength,"Precision Header, Jockey, Block, Bruiser",80,50,64,66,78,83,48,51,78,73,28,69,49,45,77,66,69,89,51,79,40,61,89,68,90,40,84,77,55,63,46,78,79,79,76,9,7,12,9,14,,65+2,65+2,65+2,64+0,65+0,65+0,65+0,64+0,65+2,65+2,65+2,67+2,69+2,69+2,69+2,67+2,72+2,76+2,76+2,76+2,72+2,74+2,79+2,79+2,79+2,74+2,17+2,https://cdn.sofifa.net/players/258/575/26_120.png
79402,/player/79402/igor-jesus-maciel-da-cruz/260004/,26,4,2025-09-19,Igor Jesus,Igor Jesus Maciel da Cruz,ST,77,81,15500000,72000,24,2001-02-25,180,73,13,Premier League,1,14,Nottingham Forest,SUB,19,,2025-07-05,2029,54,Brazil,,,,Right,3,3,1,,Normal (170-185),No,30600000,,"Precision Header, Enforcer",70,77,63,72,36,77,53,77,79,73,77,72,63,49,49,77,68,71,61,78,57,80,85,72,80,72,74,29,79,70,76,75,31,35,24,11,6,14,14,14,,77+2,77+2,77+2,72+0,75+0,75+0,75+0,72+0,73+2,73+2,73+2,71+2,67+2,67+2,67+2,71+2,54+2,55+2,55+2,55+2,54+2,52+2,52+2,52+2,52+2,52+2,19+2,https://cdn.sofifa.net/players/079/402/26_120.png
264337,/player/264337/rodrigo-muniz-carvalho/260004/,26,4,2025-09-19,Rodrigo Muniz,Rodrigo Muniz Carvalho,ST,75,81,9000000,60000,24,2001-05-04,185,80,13,Premier League,1,144,Fulham FC,ST,9,,2021-08-20,2026,54,Brazil,,,,Right,3,3,1,,Normal (185+),Yes,18900000,,Acrobatic +,68,74,59,71,42,76,47,76,77,68,86,70,60,41,53,72,68,68,70,76,69,79,85,69,78,64,79,38,77,65,65,71,36,42,31,12,13,13,11,12,,75+2,75+2,75+2,69+0,72+0,72+0,72+0,69+0,70+2,70+2,70+2,68+2,65+2,65+2,65+2,68+2,55+2,56+2,56+2,56+2,55+2,53+2,55+2,55+2,55+2,53+2,19+2,https://cdn.sofifa.net/players/264/337/26_120.png
238756,/player/238756/jorgen-strand-larsen/260004/,26,4,2025-09-19,J. Larsen,Jørgen Strand Larsen,ST,78,83,21000000,67000,25,2000-02-06,194,79,13,Premier League,1,110,Wolverhampton Wanderers,ST,9,,2025-07-01,2029,36,Norway,1352,SUB,11,Right,3,3,1,,Lean (185+),Yes,41500000,#Aerial threat,,75,79,62,70,32,83,45,82,75,73,74,69,57,55,54,78,72,78,55,79,58,76,87,84,86,79,72,26,82,70,69,73,29,27,23,7,14,14,8,9,,78+2,78+2,78+2,72+0,76+0,76+0,76+0,72+0,74+2,74+2,74+2,72+2,68+2,68+2,68+2,72+2,54+2,54+2,54+2,54+2,54+2,51+2,50+2,50+2,50+2,51+2,17+2,https://cdn.sofifa.net/players/238/756/26_120.png
224494,/player/224494/rico-henry/260004/,26,4,2025-09-19,R. Henry,Rico Antonio Henry,"LB, LM",76,76,7000000,57000,27,1997-07-08,170,66,13,Premier League,1,1925,Brentford,SUB,3,,2016-08-31,2026,14,England,,,,Left,2,3,1,,Normal (170-),Yes,13300000,,"Rapid, Quick Step",86,41,62,75,74,67,68,40,54,69,33,71,49,39,57,74,87,86,89,76,91,44,73,64,64,36,78,74,67,55,43,72,77,78,75,13,12,12,6,12,,60+2,60+2,60+2,68+0,65+0,65+0,65+0,68+0,66+2,66+2,66+2,69+2,65+2,65+2,65+2,69+2,74+2,71+2,71+2,71+2,74+2,74+2,73+2,73+2,73+2,74+2,18+2,https://cdn.sofifa.net/players/224/494/26_120.png
235735,/player/235735/ethan-ampadu/260004/,26,4,2025-09-19,E. Ampadu,Ethan Kwame Colm Raymond Ampadu,"CB, CDM",76,79,9000000,42000,24,2000-09-14,183,78,13,Premier League,1,8,Leeds United,SUB,4,,2023-07-19,2027,50,Wales,1367,RDM,8,Right,4,2,2,,Unique,Yes,17800000,,"Long Ball Pass, Jockey, Press Proven, Bruiser",67,51,64,70,76,78,46,51,70,76,35,68,47,36,72,72,68,66,67,76,68,55,78,81,77,52,78,76,59,65,39,75,76,77,76,13,12,9,8,12,,63+2,63+2,63+2,64+0,65+0,65+0,65+0,64+0,67+2,67+2,67+2,67+2,71+2,71+2,71+2,67+2,71+2,75+2,75+2,75+2,71+2,72+2,76+2,76+2,76+2,72+2,18+2,https://cdn.sofifa.net/players/235/735/26_120.png
258607,/player/258607/tote-antonio-gomes/260004/,26,4,2025-09-19,Toti,Tote António Gomes,CB,75,79,7000000,51000,26,1999-01-16,187,72,13,Premier League,1,110,Wolverhampton Wanderers,LCB,24,,2020-09-04,2029,38,Portugal,,,,Left,3,2,1,,Normal (185+),Yes,13800000,,,77,47,65,66,75,76,64,42,70,69,42,64,48,48,68,67,75,79,64,75,61,55,83,67,81,49,74,76,58,65,45,72,75,77,75,11,6,12,5,10,,62+2,62+2,62+2,64+0,63+0,63+0,63+0,64+0,64+2,64+2,64+2,66+2,67+2,67+2,67+2,66+2,72+2,72+2,72+2,72+2,72+2,73+2,75+2,75+2,75+2,73+2,16+2,https://cdn.sofifa.net/players/258/607/26_120.png
221660,/player/221660/victor-lindelof/260004/,26,4,2025-09-19,V. Lindelöf,Victor Jörgen Nilsson Lindelöf,CB,75,75,4600000,78000,30,1994-07-17,187,80,13,Premier League,1,2,Aston Villa,SUB,3,,2025-09-01,2027,46,Sweden,1363,RCB,3,Right,4,3,2,,Normal (185+),Yes,8700000,,,50,51,71,67,76,69,62,42,75,77,38,66,67,53,78,70,51,50,56,76,60,72,76,47,76,52,76,77,51,72,60,78,77,76,75,12,16,8,7,9,,61+2,61+2,61+2,62+0,63+0,63+0,63+0,62+0,65+2,65+2,65+2,63+2,70+2,70+2,70+2,63+2,68+2,74+1,74+1,74+1,68+2,69+2,75+0,75+0,75+0,69+2,18+2,https://cdn.sofifa.net/players/221/660/26_120.png
224258,/player/224258/kristoffer-ajer/260004/,26,4,2025-09-19,K. Ajer,Kristoffer Vassbakk Köpp Ajer,"RB, CB, RM",75,76,6000000,54000,27,1998-04-17,196,84,13,Premier League,1,1925,Brentford,SUB,20,,2021-07-21,2028,36,Norway,1352,RCB,3,Right,3,3,1,,Normal (185+),Yes,11900000,#Strength,Slide Tackle,67,56,65,68,74,81,69,58,74,71,41,71,58,42,64,74,63,70,44,75,46,64,77,69,89,47,79,72,61,57,49,77,73,76,77,9,9,14,7,10,,67+2,67+2,67+2,66+0,66+0,66+0,66+0,66+0,65+2,65+2,65+2,68+2,67+2,67+2,67+2,68+2,72+2,73+2,73+2,73+2,72+2,73+2,76+0,76+0,76+0,73+2,16+2,https://cdn.sofifa.net/players/224/258/26_120.png
271975,/player/271975/stefan-bajcetic-maquieira/260004/,26,4,2025-09-19,Stefan Bajcetic,Stefan Bajčetić Maquieira,"CDM, CM, CB",73,83,6500000,42000,20,2004-10-22,185,77,13,Premier League,1,9,Liverpool,RES,43,,2021-02-01,2027,45,Spain,,,,Right,3,3,1,,Lean (185+),No,13300000,,,74,52,67,73,71,71,55,50,54,74,50,74,59,49,71,74,67,79,69,69,62,57,68,68,72,53,72,74,52,70,48,73,72,73,73,6,12,11,13,8,,61+2,61+2,61+2,66+0,66+0,66+0,66+0,66+0,68+2,68+2,68+2,68+2,70+2,70+2,70+2,68+2,70+2,72+2,72+2,72+2,70+2,70+2,71+2,71+2,71+2,70+2,16+2,https://cdn.sofifa.net/players/271/975/26_120.png
205990,/player/205990/harrison-reed/260004/,26,4,2025-09-19,H. Reed,Harrison James Reed,"CDM, CM",72,72,2000000,48000,30,1995-01-27,176,74,13,Premier League,1,144,Fulham FC,SUB,6,,2020-08-31,2027,14,England,,,,Right,3,2,1,,Normal (170-185),Yes,3800000,,Slide Tackle,53,60,71,68,71,63,72,59,53,73,40,67,65,61,71,71,55,52,62,73,70,67,61,43,66,63,82,74,65,69,49,70,72,74,72,7,12,14,10,11,,63+2,63+2,63+2,66+0,66+0,66+0,66+0,66+0,67+2,67+2,67+2,66+2,69+2,69+2,69+2,66+2,68+2,71+1,71+1,71+1,68+2,67+2,70+2,70+2,70+2,67+2,17+2,https://cdn.sofifa.net/players/205/990/26_120.png
253510,/player/253510/jake-obrien/260004/,26,4,2025-09-19,J. O'Brien,Jake O'Brien,"CB, RB, RM",76,81,10000000,31000,24,2001-05-15,197,84,13,Premier League,1,7,Everton,RB,15,,2024-07-30,2028,25,Republic of Ireland,1355,RCB,5,Right,3,2,1,,Normal (185+),Yes,19800000,#Aerial threat,,77,49,64,61,75,79,64,38,80,71,39,62,58,50,63,68,68,85,44,74,36,72,88,67,85,52,77,74,59,59,44,64,73,76,73,12,11,11,9,12,,64+2,64+2,64+2,63+0,63+0,63+0,63+0,63+0,63+2,63+2,63+2,65+2,66+2,66+2,66+2,65+2,71+2,72+2,72+2,72+2,71+2,73+2,76+2,76+2,76+2,73+2,18+2,https://cdn.sofifa.net/players/253/510/26_120.png
186905,/player/186905/ashley-barnes/260004/,26,4,2025-09-19,A. Barnes,Ashley Luke Barnes,"ST, CAM, CM",70,70,675000,26000,35,1989-10-30,185,84,13,Premier League,1,1796,Burnley,RES,35,,2025-01-02,2026,14,England,,,,Right,4,3,1,,Stocky (185+),Yes,1300000,,,41,71,68,69,46,78,66,72,73,70,71,67,64,56,66,71,43,39,64,74,66,74,75,65,81,66,88,41,74,73,76,75,44,46,39,6,10,11,10,10,,70+0,70+0,70+0,66+0,68+0,68+0,68+0,66+0,68+2,68+2,68+2,66+2,67+2,67+2,67+2,66+2,56+2,60+2,60+2,60+2,56+2,54+2,58+2,58+2,58+2,54+2,16+2,https://cdn.sofifa.net/players/186/905/26_120.png
272777,/player/272777/bashir-humphreys/260004/,26,4,2025-09-19,B. Humphreys,Bashir Humphreys,"LB, CB, RB",73,82,6500000,34000,22,2003-03-15,187,79,13,Premier League,1,1796,Burnley,SUB,12,,2025-07-01,2029,14,England,,,,Left,5,2,1,,Normal (185+),Yes,13700000,,,73,43,66,69,72,75,68,39,70,71,35,68,69,40,65,70,75,71,68,71,74,57,81,74,76,42,74,72,40,61,45,69,71,73,71,13,7,12,13,14,,58+2,58+2,58+2,63+0,60+0,60+0,60+0,63+0,62+2,62+2,62+2,65+2,65+2,65+2,65+2,65+2,71+2,71+2,71+2,71+2,71+2,71+2,72+2,72+2,72+2,71+2,18+2,https://cdn.sofifa.net/players/272/777/26_120.png
70571,/player/70571/kevin-santos/260004/,26,4,2025-09-19,Kevin,Kevin Santos Lopes de Macedo,"LM, LW, RW",76,81,11500000,58000,22,2003-01-04,176,68,13,Premier League,1,144,Fulham FC,SUB,22,,2025-09-01,2030,54,Brazil,,,,Right,3,4,1,,Lean (170-185),No,22700000,,Technical,81,70,70,80,33,61,74,69,46,70,60,82,71,64,69,80,82,81,81,71,76,75,65,69,56,69,62,32,71,70,67,69,30,34,32,7,7,6,14,7,,70+2,70+2,70+2,76+0,74+0,74+0,74+0,76+0,74+2,74+2,74+2,75+2,68+2,68+2,68+2,75+2,58+2,55+2,55+2,55+2,58+2,54+2,46+2,46+2,46+2,54+2,15+2,https://cdn.sofifa.net/players/070/571/26_120.png
253150,/player/253150/mike-tresor/260004/,26,4,2025-09-19,M. Trésor,Mike Trésor Ndayishimiye,"LM, CAM, LW",73,74,3600000,41000,26,1999-05-28,172,66,13,Premier League,1,1796,Burnley,RES,31,,2023-09-01,2028,7,Belgium,,,,Right,3,4,1,,Lean (170-185),No,7100000,,Whipped Pass,81,67,72,75,38,56,72,66,29,72,67,75,80,76,68,73,80,81,82,70,76,68,54,63,52,69,58,45,69,72,66,72,41,35,32,14,9,12,11,12,,66+2,66+2,66+2,73+0,71+0,71+0,71+0,73+0,72+2,72+2,72+2,72+2,68+2,68+2,68+2,72+2,59+2,57+2,57+2,57+2,59+2,55+2,46+2,46+2,46+2,55+2,18+2,https://cdn.sofifa.net/players/253/150/26_120.png
272612,/player/272612/brajan-gruda/260004/,26,4,2025-09-19,B. Gruda,Brajan Gruda,"CAM, RM, CM",74,84,9500000,47000,21,2004-05-31,178,70,13,Premier League,1,1808,Brighton & Hove Albion,SUB,8,,2024-08-14,2028,21,Germany,,,,Left,3,4,1,,Normal (170-185),Yes,20000000,,"Pinged Pass, Technical, First Touch, Long Throw",74,71,69,79,30,63,69,65,51,71,72,82,75,59,61,77,78,70,85,72,81,82,68,66,62,72,62,31,73,72,65,62,26,30,21,12,10,12,6,10,,71+2,71+2,71+2,74+0,74+0,74+0,74+0,74+0,74+2,74+2,74+2,73+2,67+2,67+2,67+2,73+2,55+2,53+2,53+2,53+2,55+2,50+2,44+2,44+2,44+2,50+2,17+2,https://cdn.sofifa.net/players/272/612/26_120.png
256831,/player/256831/dennis-cirkin/260004/,26,4,2025-09-19,D. Cirkin,Dennis Cirkin,"LB, LM",72,78,3500000,31000,23,2002-04-06,182,72,13,Premier League,1,106,Sunderland,RES,3,,2021-08-11,2026,14,England,,,,Left,3,3,1,,Lean (170-185),No,7400000,,,78,55,64,68,67,63,68,54,64,68,52,68,57,61,58,68,77,78,68,70,65,59,72,75,57,57,63,67,59,60,47,66,67,68,68,7,8,11,11,15,,63+2,63+2,63+2,66+0,65+0,65+0,65+0,66+0,65+2,65+2,65+2,67+2,65+2,65+2,65+2,67+2,70+2,66+2,66+2,66+2,70+2,70+2,66+2,66+2,66+2,70+2,17+2,https://cdn.sofifa.net/players/256/831/26_120.png
73885,/player/73885/charalampos-kostoulas/260004/,26,4,2025-09-19,C. Kostoulas,Charalampos KostoulasΧαράλαμπος Κωστούλας,"ST, CAM, RM",72,85,5500000,38000,18,2007-05-07,185,75,13,Premier League,1,1808,Brighton & Hove Albion,SUB,19,,2024-07-01,2030,22,Greece,,,,Right,3,3,1,,Normal (185+),No,13900000,,,86,68,61,71,41,77,45,73,69,71,58,73,61,40,63,69,84,87,72,66,73,70,86,74,79,58,71,34,70,63,72,64,39,41,34,10,13,14,7,7,,72+2,72+2,72+2,69+0,71+0,71+0,71+0,69+0,70+2,70+2,70+2,69+2,65+2,65+2,65+2,69+2,56+2,56+2,56+2,56+2,56+2,55+2,54+2,54+2,54+2,55+2,16+2,https://cdn.sofifa.net/players/073/885/26_120.png
248695,/player/248695/wesley-fofana/260004/,26,4,2025-09-19,W. Fofana,Wesley Fofana,CB,79,82,21500000,90000,24,2000-12-17,185,84,13,Premier League,1,5,Chelsea,SUB,29,,2022-08-31,2029,18,France,,,,Right,3,2,3,,Normal (185+),Yes,42500000,,Jockey,74,41,62,71,80,78,42,38,77,75,40,71,50,44,69,72,69,78,65,77,60,48,78,67,81,38,83,81,40,60,46,76,79,81,80,14,12,9,14,6,,59+3,59+3,59+3,61+0,61+0,61+0,61+0,61+0,64+3,64+3,64+3,64+3,68+3,68+3,68+3,64+3,72+3,76+3,76+3,76+3,72+3,74+3,79+3,79+3,79+3,74+3,19+3,https://cdn.sofifa.net/players/248/695/26_120.png
243669,/player/243669/jaidon-anthony/260004/,26,4,2025-09-19,J. Anthony,Jaidon Kya Denley Anthony,"LM, RM, LW",74,76,5500000,43000,25,1999-12-01,183,72,13,Premier League,1,1796,Burnley,LM,11,,2025-06-01,2029,14,England,,,,Right,3,3,1,,Lean (170-185),Yes,10900000,,"Finesse Shot, Dead Ball, Technical",79,67,70,75,39,67,73,69,52,71,61,75,74,61,60,77,78,80,71,69,77,66,69,84,64,64,51,29,69,73,65,73,38,48,24,8,9,7,13,15,,69+2,69+2,69+2,73+0,72+0,72+0,72+0,73+0,72+2,72+2,72+2,73+2,68+2,68+2,68+2,73+2,59+2,56+2,56+2,56+2,59+2,56+2,49+2,49+2,49+2,56+2,17+2,https://cdn.sofifa.net/players/243/669/26_120.png
236506,/player/236506/marcos-senesi/260004/,26,4,2025-09-19,M. Senesi,Marcos Nicolás Senesi Barón,CB,78,78,12000000,68000,28,1997-05-10,185,80,13,Premier League,1,1943,AFC Bournemouth,LCB,5,,2022-08-08,2026,52,Argentina,,,,Left,4,3,2,,Normal (185+),Yes,22800000,,Long Ball Pass,56,42,70,72,79,75,63,32,76,76,58,73,42,32,81,75,62,51,65,76,60,55,82,63,78,52,80,79,32,75,40,76,79,79,79,10,13,11,7,8,,57+2,57+2,57+2,62+0,61+0,61+0,61+0,62+0,66+2,66+2,66+2,65+2,71+2,71+2,71+2,65+2,72+2,77+1,77+1,77+1,72+2,73+2,78+0,78+0,78+0,73+2,17+2,https://cdn.sofifa.net/players/236/506/26_120.png
227927,/player/227927/kyle-walker-peters/260004/,26,4,2025-09-19,K. Walker-Peters,Kyle Leonardus Walker-Peters,"RB, RM, LB",75,75,5000000,53000,28,1997-04-13,173,62,13,Premier League,1,19,West Ham United,SUB,2,,2025-07-20,2028,14,England,,,,Right,4,3,1,,Unique,Yes,9500000,,,76,47,68,76,71,64,74,44,64,74,30,76,60,31,64,75,73,78,79,72,79,52,67,82,53,50,70,70,65,67,32,72,71,73,69,9,8,7,11,12,,62+2,62+2,62+2,69+0,67+0,67+0,67+0,69+0,69+2,69+2,69+2,71+2,70+2,70+2,70+2,71+2,74+1,71+2,71+2,71+2,74+1,73+2,69+2,69+2,69+2,73+2,17+2,https://cdn.sofifa.net/players/227/927/26_120.png
237678,/player/237678/ibrahima-konate/260004/,26,4,2025-09-19,I. Konaté,Ibrahima Konaté,CB,86,87,70000000,155000,26,1999-05-25,194,95,13,Premier League,1,9,Liverpool,RCB,5,,2021-07-01,2026,18,France,1335,RCB,15,Right,3,3,4,,Normal (185+),Yes,134800000,"#Aerial threat, #Tackling , #Strength","Aerial Fortress, Bruiser",77,34,63,69,86,85,38,29,84,79,28,68,50,27,76,76,69,83,55,85,44,45,83,75,91,31,84,83,44,64,41,80,87,87,86,9,7,9,9,15,,60+3,60+3,60+3,61+0,62+0,62+0,62+0,61+0,65+3,65+3,65+3,66+3,71+3,71+3,71+3,66+3,76+3,81+3,81+3,81+3,76+3,78+3,85+2,85+2,85+2,78+3,18+3,https://cdn.sofifa.net/players/237/678/26_120.png
247678,/player/247678/julian-araujo/260004/,26,4,2025-09-19,J. Araujo,Julián Vicente Araujo Zúñiga,"RB, RM",74,81,8000000,44000,23,2001-08-13,176,70,13,Premier League,1,1943,AFC Bournemouth,SUB,2,,2024-08-13,2029,83,Mexico,,,,Right,2,2,1,,Lean (170-185),No,16800000,,"Slide Tackle, Relentless",83,35,64,70,71,73,70,25,66,67,30,68,55,37,62,69,86,80,79,70,71,50,80,73,69,36,80,71,65,64,44,68,72,73,71,14,8,7,14,13,,58+2,58+2,58+2,65+0,62+0,62+0,62+0,65+0,64+2,64+2,64+2,67+2,65+2,65+2,65+2,67+2,72+2,70+2,70+2,70+2,72+2,72+2,72+2,72+2,72+2,72+2,18+2,https://cdn.sofifa.net/players/247/678/26_120.png
279497,/player/279497/tyler-dibling/260004/,26,4,2025-09-19,T. Dibling,Tyler-Jay Robert Dibling,"RM, RW, CAM",74,85,9000000,23000,19,2006-02-17,186,79,13,Premier League,1,7,Everton,SUB,20,,2025-08-25,2029,14,England,,,,Left,3,3,1,,Lean (185+),Yes,18900000,,"Incisive Pass, Technical",77,67,70,77,38,66,75,69,41,72,57,78,73,53,58,76,78,76,78,72,75,68,65,67,70,64,55,44,71,74,61,75,36,38,26,15,14,12,13,14,,68+2,68+2,68+2,74+0,73+0,73+0,73+0,74+0,73+2,73+2,73+2,73+2,68+2,68+2,68+2,73+2,59+2,56+2,56+2,56+2,59+2,55+2,48+2,48+2,48+2,55+2,20+2,https://cdn.sofifa.net/players/279/497/26_120.png
221479,/player/221479/dominic-calvert-lewin/260004/,26,4,2025-09-19,D. Calvert-Lewin,Dominic Nathaniel Calvert-Lewin,ST,74,74,4300000,51000,28,1997-03-16,189,80,13,Premier League,1,8,Leeds United,SUB,9,,2025-08-15,2028,14,England,,,,Right,2,3,1,,Unique,Yes,8199999,,Aerial Fortress,72,72,63,70,38,75,62,74,80,70,65,69,64,54,47,74,66,76,61,73,62,79,86,62,80,60,76,35,76,64,80,74,38,31,23,12,12,8,7,11,,74+0,74+0,74+0,70+0,72+0,72+0,72+0,70+0,69+2,69+2,69+2,69+2,63+2,63+2,63+2,69+2,54+2,53+2,53+2,53+2,54+2,52+2,53+2,53+2,53+2,52+2,17+2,https://cdn.sofifa.net/players/221/479/26_120.png
245388,/player/245388/jean-clair-todibo/260004/,26,4,2025-09-19,J. Todibo,Jean-Clair Dimitri Roger Todibo,CB,78,81,16500000,58000,25,1999-12-30,190,88,13,Premier League,1,19,West Ham United,RCB,25,,2025-07-01,2029,18,France,,,,Right,2,3,2,,Normal (185+),Yes,32600000,,"Jockey, Anticipate",75,47,63,69,79,73,49,44,78,76,35,69,52,41,72,72,70,79,54,77,55,60,79,54,81,45,73,80,45,58,52,78,78,80,77,7,13,11,8,13,,62+2,62+2,62+2,63+0,63+0,63+0,63+0,63+0,64+2,64+2,64+2,65+2,68+2,68+2,68+2,65+2,71+2,75+2,75+2,75+2,71+2,73+2,78+2,78+2,78+2,73+2,18+2,https://cdn.sofifa.net/players/245/388/26_120.png
71651,/player/71651/josh-acheampong/260004/,26,4,2025-09-19,J. Acheampong,Joshua Kofi Acheampong,"RB, CB, CDM, RM",70,85,3600000,33000,19,2006-05-05,190,85,13,Premier League,1,5,Chelsea,SUB,34,,2024-01-03,2029,14,England,,,,Right,3,2,1,,Lean (185+),No,9100000,,,76,50,65,69,66,73,65,44,65,69,44,70,60,46,64,70,75,76,66,67,63,60,80,67,76,55,70,65,60,64,46,69,66,67,65,5,15,13,9,10,,62+2,62+2,62+2,65+0,64+0,64+0,64+0,65+0,65+2,65+2,65+2,67+2,66+2,66+2,66+2,67+2,68+2,67+2,67+2,67+2,68+2,68+2,68+2,68+2,68+2,68+2,16+2,https://cdn.sofifa.net/players/071/651/26_120.png
258906,/player/258906/wilfried-gnonto/260004/,26,4,2025-09-19,W. Gnonto,Degnand Wilfried Gnonto,"RM, LM, RW",74,83,9500000,33000,21,2003-11-05,169,72,13,Premier League,1,8,Leeds United,LM,29,,2022-09-01,2028,27,Italy,,,,Right,4,3,1,,Stocky (170-),No,20000000,,"Rapid, Quick Step",88,72,65,79,31,67,63,72,54,72,59,79,52,46,64,77,87,88,86,69,85,80,74,69,67,67,61,29,72,64,65,73,37,21,19,11,9,10,10,13,,72+2,72+2,72+2,75+0,74+0,74+0,74+0,75+0,73+2,73+2,73+2,73+2,66+2,66+2,66+2,73+2,55+2,52+2,52+2,52+2,55+2,51+2,45+2,45+2,45+2,51+2,17+2,https://cdn.sofifa.net/players/258/906/26_120.png
244067,/player/244067/maxence-lacroix/260004/,26,4,2025-09-19,M. Lacroix,Guy Maxence Lacroix,CB,79,82,20500000,76000,25,2000-04-06,190,88,13,Premier League,1,1799,Crystal Palace,CB,5,,2024-08-30,2029,18,France,,,,Right,2,2,2,,Normal (185+),Yes,40500000,,"Long Ball Pass, Jockey",88,40,57,67,80,82,35,29,75,71,28,66,45,26,72,69,82,93,64,80,56,75,83,77,84,37,81,82,32,55,38,75,80,80,78,14,7,12,12,11,,60+2,60+2,60+2,59+0,60+0,60+0,60+0,59+0,61+2,61+2,61+2,63+2,66+2,66+2,66+2,63+2,73+2,76+2,76+2,76+2,73+2,75+2,79+2,79+2,79+2,75+2,19+2,https://cdn.sofifa.net/players/244/067/26_120.png
190456,/player/190456/nathaniel-clyne/260004/,26,4,2025-09-19,N. Clyne,Nathaniel Edwin Clyne,"RB, CB, RM",70,70,575000,39000,34,1991-04-05,175,67,13,Premier League,1,1799,Crystal Palace,SUB,17,,2020-10-14,2026,14,England,,,,Right,2,3,1,,Normal (170-185),Yes,1100000,,,60,60,65,69,72,56,73,54,68,69,45,67,64,49,63,73,54,64,65,72,60,73,71,38,58,67,69,74,62,57,46,72,71,73,74,10,11,13,15,7,,64+2,64+2,64+2,65+0,65+0,65+0,65+0,65+0,65+2,65+2,65+2,64+2,65+2,65+2,65+2,64+2,68+2,68+2,68+2,68+2,68+2,68+2,70+0,70+0,70+0,68+2,18+2,https://cdn.sofifa.net/players/190/456/26_120.png
251954,/player/251954/crysencio-summerville/260004/,26,4,2025-09-19,C. Summerville,Crysencio Jilbert Sylverio Summerville,"LM, LW",76,84,16500000,49000,23,2001-10-30,169,64,13,Premier League,1,19,West Ham United,SUB,7,,2024-08-03,2029,34,Netherlands,,,,Right,3,3,1,,Lean (170-),No,34700000,,"Rapid, First Touch, Quick Step",89,71,67,80,35,54,69,76,41,72,54,80,68,65,47,78,91,88,88,71,83,71,59,74,46,66,47,18,74,71,69,72,44,38,26,9,9,15,11,10,,71+2,71+2,71+2,77+0,75+0,75+0,75+0,77+0,75+2,75+2,75+2,75+2,66+2,66+2,66+2,75+2,58+2,51+2,51+2,51+2,58+2,54+2,43+2,43+2,43+2,54+2,17+2,https://cdn.sofifa.net/players/251/954/26_120.png
273459,/player/273459/chris-rigg/260004/,26,4,2025-09-19,C. Rigg,Christopher John Rigg,"CAM, CM",70,84,3700000,20000,18,2007-06-18,177,67,13,Premier League,1,106,Sunderland,SUB,11,,2023-01-07,2030,14,England,,,,Left,3,3,1,,Lean (170-185),No,9300000,,,68,61,68,72,60,61,66,62,47,73,56,71,58,54,67,72,67,69,77,70,76,61,57,73,57,61,55,61,69,69,55,70,62,62,58,7,8,8,6,14,,64+2,64+2,64+2,69+0,68+0,68+0,68+0,69+0,70+2,70+2,70+2,69+2,69+2,69+2,69+2,69+2,67+2,66+2,66+2,66+2,67+2,65+2,60+2,60+2,60+2,65+2,15+2,https://cdn.sofifa.net/players/273/459/26_120.png
251810,/player/251810/brian-brobbey/260004/,26,4,2025-09-19,B. Brobbey,Brian Ebenezer Adjei Brobbey,ST,77,83,17000000,52000,23,2002-02-01,180,78,13,Premier League,1,106,Sunderland,SUB,9,,2025-09-01,2030,34,Netherlands,,,,Right,4,3,1,,Stocky (170-185),Yes,35700000,#Strength,Enforcer,84,73,56,72,30,80,36,75,71,73,66,68,49,44,53,77,82,85,65,78,87,79,93,61,93,66,70,26,82,55,62,78,28,23,24,10,11,15,8,13,,77+2,77+2,77+2,71+0,74+0,74+0,74+0,71+0,71+2,71+2,71+2,69+2,63+2,63+2,63+2,69+2,51+2,52+2,52+2,52+2,51+2,49+2,50+2,50+2,50+2,49+2,18+2,https://cdn.sofifa.net/players/251/810/26_120.png
256442,/player/256442/jay-matete/260004/,26,4,2025-09-19,J. Matete,Jay Matete,"CM, CDM",64,69,875000,12000,24,2001-02-11,176,65,13,Premier League,1,106,Sunderland,RES,48,,2022-01-31,2026,14,England,,,,Right,2,4,1,,Lean (170-185),No,1700000,,Relentless,73,55,61,70,62,67,58,56,52,65,45,70,48,47,61,65,74,73,85,65,83,59,63,75,57,51,83,64,63,63,51,64,59,67,65,13,13,14,9,12,,61+2,61+2,61+2,65+0,64+0,64+0,64+0,65+0,65+2,65+2,65+2,66+2,64+2,64+2,64+2,66+2,66+2,65+2,65+2,65+2,66+2,65+2,64+2,64+2,64+2,65+2,18+2,https://cdn.sofifa.net/players/256/442/26_120.png
276295,/player/276295/thierno-barry/260004/,26,4,2025-09-19,T. Barry,Thierno Barry,ST,77,85,24000000,38000,22,2002-10-21,195,82,13,Premier League,1,7,Everton,SUB,11,,2025-07-09,2029,18,France,,,,Right,4,3,1,,Lean (185+),Yes,50400000,,Enforcer,80,75,65,75,25,73,55,78,74,76,72,75,68,46,51,76,77,82,78,75,61,78,86,66,79,68,61,14,77,69,70,74,25,18,19,10,12,6,14,11,,77+2,77+2,77+2,74+0,76+0,76+0,76+0,74+0,74+2,74+2,74+2,72+2,65+2,65+2,65+2,72+2,51+2,49+2,49+2,49+2,51+2,48+2,45+2,45+2,45+2,48+2,18+2,https://cdn.sofifa.net/players/276/295/26_120.png
202695,/player/202695/james-tarkowski/260004/,26,4,2025-09-19,J. Tarkowski,James Alan Tarkowski,CB,80,80,13500000,50000,32,1992-11-19,188,81,13,Premier League,1,7,Everton,RCB,6,,2022-07-02,2026,14,England,,,,Right,4,2,1,,Stocky (185+),Yes,25700000,,"Long Ball Pass, Block, Intercept, Aerial Fortress",45,47,64,59,81,82,59,40,82,66,50,55,54,53,73,64,41,49,52,79,47,69,80,68,86,38,89,78,43,62,52,75,81,83,84,14,8,12,9,7,,58+2,58+2,58+2,55+0,56+0,56+0,56+0,55+0,58+2,58+2,58+2,58+2,65+2,65+2,65+2,58+2,70+2,75+2,75+2,75+2,70+2,72+2,80+0,80+0,80+0,72+2,17+2,https://cdn.sofifa.net/players/202/695/26_120.png
266032,/player/266032/jamie-gittens/260004/,26,4,2025-09-19,J. Gittens,Jamie Jermaine Bynoe-Gittens,"LM, LW",78,85,28000000,73000,20,2004-08-08,179,77,13,Premier League,1,5,Chelsea,LM,11,,2022-04-08,2032,14,England,,,,Right,4,4,1,,Lean (170-185),Yes,58800000,"#Speedster, #Dribbler, #Acrobat","Rapid, Quick Step",92,73,66,84,27,59,69,75,42,71,65,87,72,44,57,80,94,90,90,77,87,79,64,79,54,68,43,29,77,64,53,73,26,22,30,6,5,12,7,8,,74+2,74+2,74+2,79+0,78+0,78+0,78+0,79+0,76+2,76+2,76+2,77+2,67+2,67+2,67+2,77+2,59+2,51+2,51+2,51+2,59+2,54+2,41+2,41+2,41+2,54+2,15+2,https://cdn.sofifa.net/players/266/032/26_120.png
263582,/player/263582/myles-peart-harris/260004/,26,4,2025-09-19,M. Peart-Harris,Myles Spencer Peart-Harris,"RM, LM, RW",67,75,2300000,21000,22,2002-09-18,187,70,13,Premier League,1,1925,Brentford,SUB,25,,2021-07-23,2026,14,England,,,,Right,3,3,1,,Normal (185+),Yes,4800000,,Press Proven,69,61,64,66,57,71,60,62,63,67,55,66,60,55,64,66,69,69,70,66,68,61,74,81,73,60,52,57,64,65,62,62,54,58,54,6,7,12,13,13,,64+2,64+2,64+2,65+0,65+0,65+0,65+0,65+0,66+2,66+2,66+2,66+2,65+2,65+2,65+2,66+2,63+2,62+2,62+2,62+2,63+2,62+2,60+2,60+2,60+2,62+2,16+2,https://cdn.sofifa.net/players/263/582/26_120.png
238095,/player/238095/nikola-milenkovic/260004/,26,4,2025-09-19,N. Milenković,Nikola Milenković,CB,83,84,36500000,115000,27,1997-10-12,195,90,13,Premier League,1,14,Nottingham Forest,RCB,31,,2024-07-18,2029,51,Serbia,,,,Right,3,2,3,,Normal (185+),Yes,72100000,"#Aerial threat, #Strength","Long Ball Pass, Anticipate, Aerial Fortress",57,46,63,62,84,86,66,38,85,73,62,60,43,29,67,70,62,53,40,83,33,60,88,77,90,54,86,82,33,55,34,78,85,86,81,8,7,13,7,14,,60+3,60+3,60+3,59+0,58+0,58+0,58+0,59+0,60+3,60+3,60+3,62+3,67+3,67+3,67+3,62+3,75+3,78+3,78+3,78+3,75+3,76+3,83+1,83+1,83+1,76+3,17+3,https://cdn.sofifa.net/players/238/095/26_120.png
70786,/player/70786/josh-king/260004/,26,4,2025-09-19,J. King,Joshua David Steven King,"CM, CDM, CAM",68,83,2800000,20000,18,2007-01-03,173,66,13,Premier League,1,144,Fulham FC,CAM,24,,2024-01-16,2029,14,England,,,,Right,4,3,1,,Lean (170-185),No,7100000,,,67,63,67,71,61,58,63,61,43,70,51,72,66,55,69,70,67,67,72,66,74,68,51,67,54,67,60,64,65,68,57,68,59,66,62,7,9,11,12,8,,63+2,63+2,63+2,67+0,67+0,67+0,67+0,67+0,68+2,68+2,68+2,68+2,68+2,68+2,68+2,68+2,66+2,66+2,66+2,66+2,66+2,64+2,60+2,60+2,60+2,64+2,15+2,https://cdn.sofifa.net/players/070/786/26_120.png
225100,/player/225100/joe-gomez/260004/,26,4,2025-09-19,J. Gomez,Joseph Dave Gomez,"CB, RB, LB, RM",79,80,16500000,95000,28,1997-05-23,188,77,13,Premier League,1,9,Liverpool,SUB,2,,2015-06-20,2027,14,England,,,,Right,3,3,2,,Unique,Yes,31800000,,Long Throw,74,29,70,71,79,73,73,20,76,77,34,71,55,29,75,75,72,76,61,78,64,51,85,57,78,22,77,79,56,65,26,75,79,81,78,8,13,14,7,7,,58+2,58+2,58+2,64+0,62+0,62+0,62+0,64+0,65+2,65+2,65+2,68+2,69+2,69+2,69+2,68+2,75+2,76+2,76+2,76+2,75+2,76+2,79+1,79+1,79+1,76+2,17+2,https://cdn.sofifa.net/players/225/100/26_120.png
277869,/player/277869/michael-kayode/260004/,26,4,2025-09-19,M. Kayode,Michael Olabode Kayode,"RB, RM",73,81,6500000,33000,20,2004-07-10,179,70,13,Premier League,1,1925,Brentford,RB,33,,2025-06-01,2030,27,Italy,,,,Right,3,3,1,,Normal (170-185),No,13700000,,Long Throw,74,41,63,72,72,70,71,32,65,67,50,74,59,34,50,74,71,76,58,72,68,52,74,64,70,39,75,74,71,64,40,67,73,73,72,9,8,8,14,14,,61+2,61+2,61+2,66+0,65+0,65+0,65+0,66+0,65+2,65+2,65+2,68+2,65+2,65+2,65+2,68+2,71+2,69+2,69+2,69+2,71+2,71+2,72+2,72+2,72+2,71+2,18+2,https://cdn.sofifa.net/players/277/869/26_120.png
259205,/player/259205/naouirou-ahamada/260004/,26,4,2025-09-19,N. Ahamada,Naouirou Mohamed Ahamada,"CM, CAM, RM",68,75,2400000,27000,23,2002-03-29,183,73,13,Premier League,1,1799,Crystal Palace,SUB,29,,2023-01-31,2026,18,France,,,,Right,3,2,1,,Lean (170-185),Yes,5000000,,,67,62,65,71,61,62,57,62,56,71,48,72,48,46,64,70,74,61,75,70,77,70,67,64,58,61,70,64,65,72,49,62,55,67,59,13,9,7,5,9,,65+2,65+2,65+2,68+0,68+0,68+0,68+0,68+0,69+2,69+2,69+2,68+2,68+2,68+2,68+2,68+2,64+2,66+2,66+2,66+2,64+2,64+2,63+2,63+2,63+2,64+2,16+2,https://cdn.sofifa.net/players/259/205/26_120.png
231448,/player/231448/reiss-nelson/260004/,26,4,2025-09-19,R. Nelson,Reiss Luke Nelson,"RM, LM, RW",75,78,7500000,84000,25,1999-12-10,175,70,13,Premier League,1,1925,Brentford,SUB,11,Arsenal,,2026,14,England,,,,Right,3,4,1,,Lean (170-185),Yes,,,Technical,76,67,71,78,36,54,72,70,39,73,59,79,66,67,66,78,78,75,82,73,80,69,57,64,53,59,42,42,70,72,61,60,31,37,37,12,12,11,11,15,,68+2,68+2,68+2,74+0,73+0,73+0,73+0,74+0,73+2,73+2,73+2,74+2,68+2,68+2,68+2,74+2,59+2,56+2,56+2,56+2,59+2,55+2,46+2,46+2,46+2,55+2,19+2,https://cdn.sofifa.net/players/231/448/26_120.png
266400,/player/266400/trai-hume/260004/,26,4,2025-09-19,T. Hume,Trai Hume,"RB, CB",74,79,6000000,37000,23,2002-03-18,180,75,13,Premier League,1,106,Sunderland,RB,32,,2022-01-04,2030,35,Northern Ireland,110081,RCB,5,Right,3,2,1,,Lean (170-185),No,11900000,,"Long Ball Pass, Block, Slide Tackle",80,37,61,68,71,79,70,38,70,66,36,68,52,34,57,69,77,83,69,70,67,35,82,83,76,32,83,68,61,57,40,63,70,72,74,9,11,7,13,12,,59+2,59+2,59+2,64+0,61+0,61+0,61+0,64+0,62+2,62+2,62+2,67+2,64+2,64+2,64+2,67+2,72+2,69+2,69+2,69+2,72+2,72+2,72+2,72+2,72+2,72+2,18+2,https://cdn.sofifa.net/players/266/400/26_120.png
247335,/player/247335/wilson-isidor/260004/,26,4,2025-09-19,W. Isidor,Wilson Isidor,ST,72,77,3600000,35000,24,2000-08-27,186,74,13,Premier League,1,106,Sunderland,ST,18,,2025-02-01,2028,18,France,,,,Right,3,3,1,,Lean (185+),No,7100000,,,81,71,60,70,31,72,55,73,68,64,68,71,66,55,53,70,77,84,70,70,64,72,80,68,73,67,72,29,72,65,65,71,26,28,25,12,11,11,13,12,,72+2,72+2,72+2,70+0,71+0,71+0,71+0,70+0,69+2,69+2,69+2,68+2,62+2,62+2,62+2,68+2,52+2,50+2,50+2,50+2,52+2,50+2,47+2,47+2,47+2,50+2,18+2,https://cdn.sofifa.net/players/247/335/26_120.png
231485,/player/231485/axel-tuanzebe/260004/,26,4,2025-09-19,A. Tuanzebe,Axel Tuanzebe,"RB, CB",73,74,3200000,39000,27,1997-11-14,185,75,13,Premier League,1,1796,Burnley,RES,6,,2023-09-08,2027,110,Congo DR,,,,Right,3,3,1,,Normal (185+),Yes,6300000,,,76,36,64,68,73,75,61,26,71,71,41,66,45,37,69,68,74,77,65,74,68,53,84,68,76,34,77,73,55,63,50,77,73,74,72,5,8,5,13,12,,58+2,58+2,58+2,62+0,61+0,61+0,61+0,62+0,63+2,63+2,63+2,65+2,66+2,66+2,66+2,65+2,71+2,72+2,72+2,72+2,71+2,71+2,74+0,74+0,74+0,71+2,16+2,https://cdn.sofifa.net/players/231/485/26_120.png
235619,/player/235619/marcus-edwards/260004/,26,4,2025-09-19,M. Edwards,Marcus Edwards,"RM, RW",76,77,9000000,51000,26,1998-12-03,167,71,13,Premier League,1,1796,Burnley,RM,10,,2025-07-01,2029,14,England,,,,Left,3,4,1,,Normal (170-),Yes,17800000,#Acrobat,"Technical, First Touch, Quick Step",84,69,70,81,30,48,70,70,37,73,69,80,73,60,60,79,86,83,91,73,90,70,52,72,39,69,40,30,72,73,58,72,32,28,24,7,12,15,15,6,,69+2,69+2,69+2,76+0,75+0,75+0,75+0,76+0,75+2,75+2,75+2,75+2,68+2,68+2,68+2,75+2,57+2,52+2,52+2,52+2,57+2,53+2,40+2,40+2,40+2,53+2,17+2,https://cdn.sofifa.net/players/235/619/26_120.png
243849,/player/243849/paris-maghoma/260004/,26,4,2025-09-19,P. Maghoma,Edmond-Paris Maghoma,"CM, CDM",66,72,1300000,18000,24,2001-05-08,178,74,13,Premier League,1,1925,Brentford,RES,32,,2020-01-16,2027,14,England,,,,Right,3,3,1,,Lean (170-185),No,2700000,,Jockey,64,61,65,70,60,66,60,62,46,68,44,69,65,53,67,69,67,62,72,67,76,63,60,63,66,61,70,59,63,67,51,68,61,64,62,11,7,12,11,10,,63+2,63+2,63+2,66+0,65+0,65+0,65+0,66+0,67+2,67+2,67+2,66+2,66+2,66+2,66+2,66+2,64+2,65+2,65+2,65+2,64+2,63+2,62+2,62+2,62+2,63+2,16+2,https://cdn.sofifa.net/players/243/849/26_120.png
257896,/player/257896/nathan-patterson/260004/,26,4,2025-09-19,N. Patterson,Nathan Kenneth Patterson,"RB, RM",71,76,2600000,20000,23,2001-10-16,183,80,13,Premier League,1,7,Everton,SUB,2,,2022-01-04,2027,42,Scotland,,,,Right,2,2,1,,Lean (170-185),Yes,5100000,,Slide Tackle,71,46,63,70,70,69,69,41,62,66,41,70,58,54,63,69,68,73,73,68,75,62,71,66,68,41,74,69,55,54,35,58,70,74,72,7,13,9,7,8,,59+2,59+2,59+2,63+0,61+0,61+0,61+0,63+0,62+2,62+2,62+2,65+2,63+2,63+2,63+2,65+2,69+2,68+2,68+2,68+2,69+2,69+2,70+2,70+2,70+2,69+2,15+2,https://cdn.sofifa.net/players/257/896/26_120.png
278928,/player/278928/alejandro-jimenez-sanchez/260004/,26,4,2025-09-19,Álex Jiménez,Alejandro Jiménez Sánchez,"RB, LB, RM",71,80,3900000,18000,20,2005-05-08,171,66,13,Premier League,1,1943,AFC Bournemouth,SUB,20,AC Milan,,2026,45,Spain,,,,Right,4,2,1,,Lean (170-185),No,,,Quick Step,84,52,61,71,67,55,61,55,61,68,50,70,54,48,61,71,87,81,77,68,81,45,69,66,46,50,61,67,65,55,46,58,69,68,65,9,8,6,10,7,,62+2,62+2,62+2,67+0,65+0,65+0,65+0,67+0,66+2,66+2,66+2,68+2,65+2,65+2,65+2,68+2,68+2,66+2,66+2,66+2,68+2,69+2,65+2,65+2,65+2,69+2,15+2,https://cdn.sofifa.net/players/278/928/26_120.png
260779,/player/260779/simon-adingra/260004/,26,4,2025-09-19,S. Adingra,Simon Adingra,"RM, LM, RW",76,83,15000000,44000,23,2002-01-01,175,68,13,Premier League,1,106,Sunderland,LM,24,,2025-07-10,2030,108,Côte d'Ivoire,,,,Right,3,3,1,,Lean (170-185),Yes,31500000,,Technical,87,70,70,80,30,52,70,71,32,73,68,80,65,53,65,77,88,87,88,72,85,73,55,70,45,67,47,27,70,73,60,79,30,32,30,8,13,6,14,10,,69+2,69+2,69+2,76+0,74+0,74+0,74+0,76+0,75+2,75+2,75+2,75+2,68+2,68+2,68+2,75+2,58+2,53+2,53+2,53+2,58+2,53+2,41+2,41+2,41+2,53+2,18+2,https://cdn.sofifa.net/players/260/779/26_120.png
271248,/player/271248/eliezer-mayenda/260004/,26,4,2025-09-19,E. Mayenda,Eliezer Mayenda Dossou,"ST, RM, LM, RW",71,82,4099999,28000,20,2005-05-08,180,75,13,Premier League,1,106,Sunderland,SUB,12,,2023-07-28,2030,45,Spain,,,,Left,2,2,1,,Stocky (170-185),No,8600000,,,85,70,61,69,32,70,59,71,65,65,68,69,57,55,55,69,85,85,71,68,68,72,80,75,70,66,59,30,71,61,65,65,26,30,30,10,15,10,8,13,,71+2,71+2,71+2,70+0,70+0,70+0,70+0,70+0,68+2,68+2,68+2,69+2,62+2,62+2,62+2,69+2,54+2,51+2,51+2,51+2,54+2,52+2,47+2,47+2,47+2,52+2,18+2,https://cdn.sofifa.net/players/271/248/26_120.png
259170,/player/259170/rodrigo-martins-gomes/260004/,26,4,2025-09-19,Rodrigo Gomes,Rodrigo Martins Gomes,"RW, LW, RM",72,82,5500000,33000,21,2003-07-07,175,67,13,Premier League,1,110,Wolverhampton Wanderers,SUB,21,,2024-06-14,2029,38,Portugal,,,,Right,3,3,1,,Lean (170-185),No,11600000,,,79,67,64,75,52,50,60,73,52,70,45,75,56,41,64,73,79,79,82,74,76,69,57,63,42,61,52,54,70,65,56,66,54,49,51,10,13,10,14,10,,68+2,68+2,68+2,72+0,72+0,72+0,72+0,72+0,71+2,71+2,71+2,71+2,67+2,67+2,67+2,71+2,63+2,60+2,60+2,60+2,63+2,61+2,54+2,54+2,54+2,61+2,19+2,https://cdn.sofifa.net/players/259/170/26_120.png
273616,/player/273616/romain-esse/260004/,26,4,2025-09-19,R. Esse,Romain Joy Kouakou Esse,"RW, CAM, LW, RM",70,82,3800000,31000,20,2005-05-13,178,65,13,Premier League,1,1799,Crystal Palace,SUB,21,,2025-01-18,2030,14,England,,,,Left,2,3,1,,Lean (170-185),No,8000000,,"Inventive, Technical",77,65,66,73,43,58,68,68,48,69,57,72,66,57,57,71,79,76,85,67,81,64,63,66,55,62,55,53,68,66,52,69,25,52,44,10,14,5,13,9,,66+2,66+2,66+2,70+0,69+0,69+0,69+0,70+0,69+2,69+2,69+2,69+2,65+2,65+2,65+2,69+2,60+2,57+2,57+2,57+2,60+2,58+2,51+2,51+2,51+2,58+2,17+2,https://cdn.sofifa.net/players/273/616/26_120.png
239360,/player/239360/pascal-struijk/260004/,26,4,2025-09-19,P. Struijk,Pascal Augustus Struijk,CB,76,79,9000000,47000,25,1999-08-11,190,79,13,Premier League,1,8,Leeds United,LCB,5,,2018-01-30,2027,34,Netherlands,,,,Left,4,2,1,,Normal (185+),Yes,17800000,,Jockey,59,46,60,65,76,80,42,42,77,75,34,62,42,32,70,70,60,59,58,75,59,67,84,77,82,32,77,75,44,56,64,75,76,76,75,14,8,8,10,14,,60+2,60+2,60+2,58+0,60+0,60+0,60+0,58+0,61+2,61+2,61+2,61+2,66+2,66+2,66+2,61+2,69+2,74+2,74+2,74+2,69+2,70+2,76+2,76+2,76+2,70+2,18+2,https://cdn.sofifa.net/players/239/360/26_120.png
274102,/player/274102/oliver-scarles/260004/,26,4,2025-09-19,O. Scarles,Oliver Scarles,"LB, LM",70,80,3300000,21000,19,2005-12-12,180,75,13,Premier League,1,19,West Ham United,SUB,30,,2023-07-01,2028,14,England,,,,Left,3,2,1,,Lean (170-185),Yes,6900000,,,72,48,64,67,67,64,69,42,62,67,36,67,63,61,57,66,74,71,72,68,74,60,73,67,66,48,53,67,58,59,48,64,67,69,66,14,6,7,13,6,,59+2,59+2,59+2,63+0,62+0,62+0,62+0,63+0,62+2,62+2,62+2,65+2,63+2,63+2,63+2,65+2,68+2,65+2,65+2,65+2,68+2,68+2,66+2,66+2,66+2,68+2,16+2,https://cdn.sofifa.net/players/274/102/26_120.png
247249,/player/247249/joel-piroe/260004/,26,4,2025-09-19,J. Piroe,Joël Mohammed Ramzan Piroe,ST,75,78,7500000,51000,25,1999-08-02,185,74,13,Premier League,1,8,Leeds United,ST,10,,2023-08-24,2027,34,Netherlands,,,,Left,4,3,1,,Normal (185+),No,14800000,,Finesse Shot,64,78,65,72,29,71,53,79,71,73,70,72,55,54,61,74,62,66,65,74,63,80,79,76,78,75,45,21,78,72,73,77,20,29,27,10,13,9,7,11,,75+2,75+2,75+2,71+0,74+0,74+0,74+0,71+0,73+2,73+2,73+2,70+2,67+2,67+2,67+2,70+2,52+2,51+2,51+2,51+2,52+2,49+2,45+2,45+2,45+2,49+2,17+2,https://cdn.sofifa.net/players/247/249/26_120.png
241173,/player/241173/lyle-foster/260004/,26,4,2025-09-19,L. Foster,Lyle Brent Foster,"ST, LM, CAM",72,77,3600000,35000,24,2000-09-03,185,70,13,Premier League,1,1796,Burnley,ST,9,,2023-01-25,2028,140,South Africa,,,,Right,3,3,1,,Normal (185+),Yes,7100000,,,81,72,61,69,36,73,62,74,70,65,66,69,55,47,51,71,79,82,65,68,66,76,83,71,76,65,66,24,73,63,65,68,36,33,31,5,6,10,9,12,,72+2,72+2,72+2,70+0,71+0,71+0,71+0,70+0,68+2,68+2,68+2,69+2,62+2,62+2,62+2,69+2,54+2,51+2,51+2,51+2,54+2,52+2,50+2,50+2,50+2,52+2,15+2,https://cdn.sofifa.net/players/241/173/26_120.png
264209,/player/264209/lamare-bogarde/260004/,26,4,2025-09-19,L. Bogarde,Lamare Trenton Chansey Bogarde,"CDM, CM, RB, RM",71,78,3600000,37000,21,2004-01-05,183,70,13,Premier League,1,2,Aston Villa,SUB,26,,2021-01-12,2028,34,Netherlands,,,,Right,4,2,1,,Lean (170-185),Yes,7600000,,,67,48,65,67,69,69,53,44,60,73,41,67,58,43,71,71,65,68,58,70,65,67,70,65,70,38,71,70,50,68,55,68,68,72,67,9,10,11,13,10,,60+2,60+2,60+2,62+0,62+0,62+0,62+0,62+0,64+2,64+2,64+2,64+2,67+2,67+2,67+2,64+2,67+2,70+2,70+2,70+2,67+2,67+2,69+2,69+2,69+2,67+2,17+2,https://cdn.sofifa.net/players/264/209/26_120.png
264349,/player/264349/james-mcatee/260004/,26,4,2025-09-19,J. McAtee,James John McAtee,"RM, CM, RW",73,81,7000000,49000,22,2002-10-18,180,72,13,Premier League,1,14,Nottingham Forest,SUB,24,,2025-08-16,2030,14,England,,,,Left,3,3,1,,Lean (170-185),Yes,14700000,,"Technical, First Touch",72,69,70,75,41,59,70,71,42,72,53,75,67,56,67,77,72,72,77,72,72,69,60,65,62,69,43,33,72,71,58,72,44,42,43,12,6,6,10,11,,68+2,68+2,68+2,73+0,72+0,72+0,72+0,73+0,73+2,73+2,73+2,72+2,68+2,68+2,68+2,72+2,59+2,57+2,57+2,57+2,59+2,56+2,49+2,49+2,49+2,56+2,16+2,https://cdn.sofifa.net/players/264/349/26_120.png
199915,/player/199915/lewis-dunk/260004/,26,4,2025-09-19,L. Dunk,Lewis Carl Dunk,CB,77,77,5000000,76000,33,1991-11-21,192,88,13,Premier League,1,1808,Brighton & Hove Albion,LCB,5,,2010-04-30,2026,14,England,,,,Right,2,2,2,,Normal (185+),Yes,9500000,,"Precision Header, Pinged Pass, Long Ball Pass",37,52,66,64,78,78,41,42,79,76,42,65,60,69,76,71,33,41,34,75,38,72,76,62,84,67,83,77,30,67,40,79,78,78,77,15,16,9,12,6,,58+2,58+2,58+2,56+0,59+0,59+0,59+0,56+0,61+2,61+2,61+2,58+2,69+2,69+2,69+2,58+2,66+2,76+1,76+1,76+1,66+2,67+2,77+0,77+0,77+0,67+2,19+2,https://cdn.sofifa.net/players/199/915/26_120.png
257270,/player/257270/timothee-pembele/260004/,26,4,2025-09-19,T. Pembélé,Timothée Joseph Pembélé,"RB, CB, RM",70,78,3400000,25000,22,2002-09-09,182,76,13,Premier League,1,106,Sunderland,RES,40,,2023-09-01,2028,18,France,,,,Right,3,2,1,,Lean (170-185),No,7100000,,,79,49,63,71,66,62,66,48,64,68,31,69,53,41,59,73,78,79,78,67,67,58,74,66,60,43,59,66,65,63,45,68,64,68,67,11,14,9,10,8,,62+2,62+2,62+2,67+0,65+0,65+0,65+0,67+0,66+2,66+2,66+2,68+2,65+2,65+2,65+2,68+2,68+2,66+2,66+2,66+2,68+2,68+2,66+2,66+2,66+2,68+2,17+2,https://cdn.sofifa.net/players/257/270/26_120.png
275102,/player/275102/soungoutou-magassa/260004/,26,4,2025-09-19,S. Magassa,Soungoutou Magassa,"CDM, CM, CB",73,80,6000000,31000,21,2003-10-08,190,75,13,Premier League,1,19,West Ham United,SUB,27,,2025-08-29,2031,18,France,,,,Right,3,2,1,,Lean (185+),Yes,12600000,,,54,49,66,64,72,74,55,48,71,74,45,62,55,51,70,70,51,57,52,71,53,59,75,68,77,42,72,72,55,67,47,68,71,74,72,7,10,8,15,10,,60+2,60+2,60+2,60+0,61+0,61+0,61+0,60+0,63+2,63+2,63+2,63+2,68+2,68+2,68+2,63+2,67+2,72+2,72+2,72+2,67+2,68+2,72+2,72+2,72+2,68+2,17+2,https://cdn.sofifa.net/players/275/102/26_120.png
277031,/player/277031/abdukodir-khusanov/260004/,26,4,2025-09-19,A. Khusanov,Abdukodir Khusanov,CB,77,85,22000000,65000,21,2004-02-29,186,84,13,Premier League,1,10,Manchester City,SUB,45,,2025-01-20,2029,191,Uzbekistan,,,,Right,3,2,1,,Normal (185+),Yes,45100000,,"Jockey, Bruiser",85,39,59,64,77,76,47,34,73,69,37,61,48,40,64,69,78,90,59,75,51,49,86,64,79,36,79,77,44,58,46,69,76,78,76,12,7,9,8,5,,58+2,58+2,58+2,60+0,60+0,60+0,60+0,60+0,61+2,61+2,61+2,63+2,64+2,64+2,64+2,63+2,71+2,72+2,72+2,72+2,71+2,73+2,77+2,77+2,77+2,73+2,15+2,https://cdn.sofifa.net/players/277/031/26_120.png
212419,/player/212419/tyrone-mings/260004/,26,4,2025-09-19,T. Mings,Tyrone Deon Mings,CB,78,78,9000000,95000,32,1993-03-13,196,77,13,Premier League,1,2,Aston Villa,LCB,5,,2019-07-08,2027,14,England,,,,Left,2,2,2,,Normal (185+),Yes,17100000,#Aerial threat,"Long Ball Pass, Bruiser",58,44,67,64,78,76,70,37,77,75,34,68,53,37,75,67,49,66,34,75,42,61,80,51,85,42,86,76,53,57,45,71,78,78,80,7,10,13,7,15,,60+2,60+2,60+2,61+0,61+0,61+0,61+0,61+0,62+2,62+2,62+2,64+2,66+2,66+2,66+2,64+2,71+2,74+2,74+2,74+2,71+2,72+2,78+0,78+0,78+0,72+2,17+2,https://cdn.sofifa.net/players/212/419/26_120.png
256725,/player/256725/fabio-leandro-carvalho/260004/,26,4,2025-09-19,Fábio Carvalho,Fábio Leandro Freitas Gouveia Carvalho,"CAM, CM, RM",74,82,9500000,47000,22,2002-08-30,170,62,13,Premier League,1,1925,Brentford,RM,14,,2024-08-12,2029,38,Portugal,,,,Right,4,4,1,,Lean (170-),No,20000000,,Technical,75,68,68,77,46,46,60,73,43,73,61,76,65,53,69,78,77,74,82,71,86,66,50,62,39,65,42,39,75,71,49,73,49,54,32,14,5,8,10,10,,68+2,68+2,68+2,73+0,73+0,73+0,73+0,73+0,74+2,74+2,74+2,72+2,69+2,69+2,69+2,72+2,59+2,58+2,58+2,58+2,59+2,56+2,49+2,49+2,49+2,56+2,16+2,https://cdn.sofifa.net/players/256/725/26_120.png
222104,/player/222104/tosin-adarabioyo/260004/,26,4,2025-09-19,T. Adarabioyo,Abdul-Nasir Oluwatosin Oluwadoyinsolami Adarabioyo,CB,78,80,15000000,95000,27,1997-09-24,197,80,13,Premier League,1,5,Chelsea,LCB,4,,2024-07-01,2028,14,England,,,,Right,3,2,1,,Lean (185+),Yes,29600000,#Aerial threat,,70,46,63,64,78,79,43,40,76,77,30,62,53,33,73,75,63,76,42,76,35,60,84,68,84,54,78,77,35,60,37,77,78,80,77,14,11,11,8,9,,60+2,60+2,60+2,60+0,61+0,61+0,61+0,60+0,63+2,63+2,63+2,63+2,68+2,68+2,68+2,63+2,71+2,76+2,76+2,76+2,71+2,73+2,78+2,78+2,78+2,73+2,18+2,https://cdn.sofifa.net/players/222/104/26_120.png
242453,/player/242453/sepp-van-den-berg/260004/,26,4,2025-09-19,S. van den Berg,Sepp van den Berg,"CB, RB",77,83,15000000,53000,23,2001-12-20,192,87,13,Premier League,1,1925,Brentford,LCB,4,,2024-08-22,2029,34,Netherlands,,,,Right,3,2,1,,Lean (185+),Yes,31500000,,Block,72,36,63,66,78,76,61,29,83,72,31,64,38,26,67,69,66,77,64,76,52,51,87,69,79,31,73,76,52,62,40,74,78,80,72,11,14,5,9,14,,58+2,58+2,58+2,61+0,60+0,60+0,60+0,61+0,62+2,62+2,62+2,64+2,66+2,66+2,66+2,64+2,72+2,73+2,73+2,73+2,72+2,73+2,77+2,77+2,77+2,73+2,19+2,https://cdn.sofifa.net/players/242/453/26_120.png
251892,/player/251892/norberto-gomes-betuncal/260004/,26,4,2025-09-19,Beto,Norberto Bercique Gomes Betuncal,ST,76,76,8000000,41000,27,1998-01-31,194,88,13,Premier League,1,7,Everton,ST,9,,2023-08-29,2027,119,Guinea-Bissau,,,,Right,3,3,1,,Normal (185+),Yes,15200000,"#Aerial threat, #Strength",,74,77,58,68,25,82,40,78,77,68,74,73,62,51,58,70,73,75,52,73,40,84,92,70,91,69,72,18,76,59,71,72,17,20,21,15,11,9,6,13,,76+0,76+0,76+0,68+0,72+0,72+0,72+0,68+0,69+2,69+2,69+2,68+2,63+2,63+2,63+2,68+2,48+2,49+2,49+2,49+2,48+2,45+2,46+2,46+2,46+2,45+2,18+2,https://cdn.sofifa.net/players/251/892/26_120.png
230978,/player/230978/taiwo-awoniyi/260004/,26,4,2025-09-19,T. Awoniyi,Taiwo Michael Awoniyi,ST,75,75,6000000,73000,27,1997-08-12,183,84,13,Premier League,1,14,Nottingham Forest,SUB,9,,2022-07-01,2027,133,Nigeria,,,,Right,2,3,1,,Stocky (170-185),Yes,11400000,#Strength,,71,75,60,69,32,77,57,76,75,69,68,72,55,44,56,70,65,75,55,75,62,82,85,54,88,66,77,33,76,53,70,63,25,27,23,10,7,9,8,10,,75+0,75+0,75+0,69+0,71+0,71+0,71+0,69+0,68+2,68+2,68+2,67+2,62+2,62+2,62+2,67+2,51+2,52+2,52+2,52+2,51+2,49+2,50+2,50+2,50+2,49+2,16+2,https://cdn.sofifa.net/players/230/978/26_120.png
275048,/player/275048/chemsdine-talbi/260004/,26,4,2025-09-19,C. Talbi,Chemsdine Talbi,"RM, LM, RW",73,86,7500000,30000,20,2005-05-09,175,64,13,Premier League,1,106,Sunderland,RM,7,,2025-07-09,2030,129,Morocco,,,,Right,4,3,1,,Lean (170-185),No,18900000,#Speedster,Technical,90,59,64,79,47,57,72,62,36,65,60,80,74,34,50,77,92,88,87,60,84,63,63,74,55,50,40,57,65,68,50,70,60,37,33,5,6,12,8,10,,64+2,64+2,64+2,73+0,70+0,70+0,70+0,73+0,70+2,70+2,70+2,72+2,64+2,64+2,64+2,72+2,63+2,57+2,57+2,57+2,63+2,60+2,50+2,50+2,50+2,60+2,13+2,https://cdn.sofifa.net/players/275/048/26_120.png
269495,/player/269495/facundo-buonanotte/260004/,26,4,2025-09-19,F. Buonanotte,Facundo Valentín Buonanotte,"RM, CAM, RW",75,82,11000000,50000,20,2004-12-23,174,66,13,Premier League,1,5,Chelsea,RES,40,Brighton & Hove Albion,,2026,52,Argentina,,,,Left,3,3,1,,Lean (170-185),Yes,,,Technical,75,70,73,76,30,53,70,74,50,76,52,74,72,62,71,77,77,74,78,75,81,72,63,69,52,64,35,25,74,75,55,77,28,30,25,8,9,7,14,9,,70+2,70+2,70+2,74+0,74+0,74+0,74+0,74+0,75+2,75+2,75+2,74+2,69+2,69+2,69+2,74+2,56+2,53+2,53+2,53+2,56+2,52+2,41+2,41+2,41+2,52+2,17+2,https://cdn.sofifa.net/players/269/495/26_120.png
270579,/player/270579/wilson-odobert/260004/,26,4,2025-09-19,W. Odobert,Wilson Serge Eric Odobert,"LW, RW, LM",75,83,12500000,59000,20,2004-11-28,182,75,13,Premier League,1,18,Tottenham Hotspur,SUB,28,,2024-08-16,2029,18,France,,,,Right,4,3,1,,Lean (170-185),Yes,26300000,,Technical,86,70,68,78,30,49,71,67,44,69,66,79,69,57,61,77,87,85,82,71,74,74,56,67,43,72,38,23,73,72,68,72,29,30,28,5,10,12,11,7,,69+2,69+2,69+2,75+0,74+0,74+0,74+0,75+0,74+2,74+2,74+2,74+2,66+2,66+2,66+2,74+2,56+2,50+2,50+2,50+2,56+2,52+2,40+2,40+2,40+2,52+2,15+2,https://cdn.sofifa.net/players/270/579/26_120.png
258911,/player/258911/toluwalase-arokodare/260004/,26,4,2025-09-19,T. Arokodare,Toluwalase Emmanuel Arokodare,ST,79,85,28000000,68000,24,2000-11-23,197,97,13,Premier League,1,110,Wolverhampton Wanderers,SUB,14,,2025-09-01,2029,133,Nigeria,,,,Right,3,2,1,,Normal (185+),No,58800000,"#Aerial threat, #Strength","Power Shot, Precision Header, Low Driven Shot, Enforcer",75,80,57,70,31,81,35,85,78,75,72,75,57,55,52,79,71,79,41,72,36,79,91,71,91,75,64,18,76,52,66,65,22,35,21,9,8,12,14,9,,79+2,79+2,79+2,70+0,75+0,75+0,75+0,70+0,71+2,71+2,71+2,69+2,65+2,65+2,65+2,69+2,50+2,52+2,52+2,52+2,50+2,48+2,50+2,50+2,50+2,48+2,17+2,https://cdn.sofifa.net/players/258/911/26_120.png
264846,/player/264846/cristhian-mosquera-ibarguen/260004/,26,4,2025-09-19,Mosquera,Cristhian Andrey Mosquera Ibarguen,CB,77,85,22000000,69000,21,2004-06-27,188,79,13,Premier League,1,1,Arsenal,SUB,3,,2025-07-24,2030,45,Spain,,,,Right,3,2,1,,Normal (185+),Yes,45100000,,Intercept,74,46,60,56,78,76,44,39,77,73,29,40,33,28,70,67,73,74,68,75,69,65,85,79,74,49,77,77,28,58,49,69,77,80,76,8,6,13,8,7,,56+2,56+2,56+2,55+0,56+0,56+0,56+0,55+0,58+2,58+2,58+2,58+2,64+2,64+2,64+2,58+2,70+2,74+2,74+2,74+2,70+2,73+2,77+2,77+2,77+2,73+2,15+2,https://cdn.sofifa.net/players/264/846/26_120.png
275771,/player/275771/igor-thiago-rodrigues/260004/,26,4,2025-09-19,Igor Thiago,Igor Thiago Nascimento Rodrigues,ST,75,79,8000000,54000,24,2001-06-26,191,88,13,Premier League,1,1925,Brentford,ST,9,,2024-07-01,2029,54,Brazil,,,,Right,3,2,1,,Normal (185+),Yes,15800000,#Strength,,66,75,54,69,37,78,29,78,80,67,69,68,50,40,48,74,65,67,58,72,55,85,88,56,87,61,80,23,76,65,74,73,36,38,23,14,6,14,15,11,,75+2,75+2,75+2,66+0,72+0,72+0,72+0,66+0,68+2,68+2,68+2,64+2,62+2,62+2,62+2,64+2,48+2,52+2,52+2,52+2,48+2,47+2,53+2,53+2,53+2,47+2,18+2,https://cdn.sofifa.net/players/275/771/26_120.png
262149,/player/262149/abdoullah-ba/260004/,26,4,2025-09-19,A. Ba,Abdoullah Ba,"RM, LM, RW",66,70,1200000,13000,21,2003-07-31,174,70,13,Premier League,1,106,Sunderland,RES,46,,2022-08-31,2027,18,France,,,,Right,3,3,1,,Lean (170-185),No,2400000,,,73,58,62,68,56,64,59,58,50,63,48,68,60,52,63,67,78,69,72,64,75,62,68,73,61,59,60,56,61,63,53,62,57,57,53,5,14,8,7,7,,62+2,62+2,62+2,65+0,64+0,64+0,64+0,65+0,65+2,65+2,65+2,65+2,64+2,64+2,64+2,65+2,62+2,61+2,61+2,61+2,62+2,61+2,58+2,58+2,58+2,61+2,14+2,https://cdn.sofifa.net/players/262/149/26_120.png
242578,/player/242578/benoit-badiashile/260004/,26,4,2025-09-19,B. Badiashile,Benoît Badiashile Mukinayi,CB,76,80,9500000,72000,24,2001-03-26,194,75,13,Premier League,1,5,Chelsea,RES,5,,2023-01-05,2030,18,France,,,,Left,2,2,2,,Normal (185+),Yes,18800000,#Aerial threat,"Long Ball Pass, Bruiser",60,45,64,62,76,77,45,40,75,73,40,60,60,45,72,68,51,68,50,75,50,65,71,65,83,40,76,76,40,65,45,73,76,77,76,8,7,5,15,8,,59+2,59+2,59+2,57+0,59+0,59+0,59+0,57+0,61+2,61+2,61+2,60+2,66+2,66+2,66+2,60+2,68+2,74+2,74+2,74+2,68+2,70+2,76+2,76+2,76+2,70+2,16+2,https://cdn.sofifa.net/players/242/578/26_120.png
242660,/player/242660/jordan-beyer/260004/,26,4,2025-09-19,J. Beyer,Louis Jordan Beyer,CB,74,78,5500000,41000,25,2000-05-19,187,80,13,Premier League,1,1796,Burnley,RES,36,,2023-05-10,2027,21,Germany,,,,Right,3,2,1,,Normal (185+),Yes,10900000,,Slide Tackle,72,34,63,69,74,74,61,29,73,73,31,68,44,35,69,71,69,75,68,73,63,46,82,67,77,30,75,74,48,55,42,74,74,75,74,7,7,13,11,11,,57+2,57+2,57+2,61+0,59+0,59+0,59+0,61+0,62+2,62+2,62+2,64+2,65+2,65+2,65+2,64+2,71+2,72+2,72+2,72+2,71+2,72+2,74+2,74+2,74+2,72+2,16+2,https://cdn.sofifa.net/players/242/660/26_120.png
262794,/player/262794/oliver-sonne/260004/,26,4,2025-09-19,O. Sonne,Oliver Sonne Christensen,"RB, LB, CM, RM",70,76,2400000,25000,24,2000-11-10,184,76,13,Premier League,1,1796,Burnley,SUB,22,,2025-01-01,2029,59,Peru,,,,Right,3,2,1,,Lean (170-185),No,5000000,,Jockey,77,48,63,67,63,66,66,44,52,67,42,67,57,42,64,68,77,77,66,67,64,64,68,79,62,42,58,64,63,57,40,59,59,67,68,11,14,14,8,11,,60+2,60+2,60+2,64+0,63+0,63+0,63+0,64+0,63+2,63+2,63+2,66+2,64+2,64+2,64+2,66+2,68+2,65+2,65+2,65+2,68+2,68+2,63+2,63+2,63+2,68+2,17+2,https://cdn.sofifa.net/players/262/794/26_120.png
264880,/player/264880/loum-tchaouna/260004/,26,4,2025-09-19,L. Tchaouna,Loum Tchaouna,"RM, ST, RW",69,78,3100000,19000,21,2003-09-08,180,67,13,Premier League,1,1796,Burnley,SUB,17,,2024-07-01,2029,18,France,,,,Left,3,3,1,,Normal (170-185),No,6500000,,,75,71,63,70,37,54,65,72,50,66,72,71,70,59,58,73,71,78,66,65,72,72,62,54,56,69,47,32,67,60,69,63,37,36,33,14,12,15,8,14,,68+2,68+2,68+2,69+0,69+0,69+0,69+0,69+0,68+2,68+2,68+2,68+2,62+2,62+2,62+2,68+2,54+2,51+2,51+2,51+2,54+2,51+2,46+2,46+2,46+2,51+2,18+2,https://cdn.sofifa.net/players/264/880/26_120.png
75628,/player/75628/fernando-lopez-gonzalez/260004/,26,4,2025-09-19,Fer López,Fernando López González,"RW, RM",73,82,7000000,36000,21,2004-05-24,186,76,13,Premier League,1,110,Wolverhampton Wanderers,SUB,28,,2024-12-11,2028,45,Spain,,,,Left,2,3,1,,Lean (185+),No,14700000,,,66,68,73,74,39,52,73,69,52,75,59,75,73,69,69,76,61,70,73,74,58,69,59,50,56,68,43,25,74,74,59,75,38,43,44,8,7,6,5,10,,69+2,69+2,69+2,73+0,72+0,72+0,72+0,73+0,73+2,73+2,73+2,72+2,68+2,68+2,68+2,72+2,57+2,55+2,55+2,55+2,57+2,54+2,48+2,48+2,48+2,54+2,15+2,https://cdn.sofifa.net/players/075/628/26_120.png
245336,/player/245336/maximilian-kilman/260004/,26,4,2025-09-19,M. Kilman,Maximilian William Kilman,CB,77,79,10500000,60000,28,1997-05-23,194,89,13,Premier League,1,19,West Ham United,CB,3,,2024-07-06,2031,14,England,,,,Left,4,2,1,,Normal (185+),Yes,20700000,,"Long Ball Pass, Block, Intercept, Aerial Fortress",60,42,66,64,77,79,54,36,68,75,36,65,45,39,76,70,53,65,50,78,34,51,75,72,85,43,73,77,46,65,48,72,78,79,78,11,11,5,9,12,,58+2,58+2,58+2,60+0,60+0,60+0,60+0,60+0,63+2,63+2,63+2,63+2,69+2,69+2,69+2,63+2,71+2,76+2,76+2,76+2,71+2,72+2,77+2,77+2,77+2,72+2,18+2,https://cdn.sofifa.net/players/245/336/26_120.png
236988,/player/236988/eddie-nketiah/260004/,26,4,2025-09-19,E. Nketiah,Edward Keddar Nketiah,ST,74,77,5500000,63000,26,1999-05-30,180,73,13,Premier League,1,1799,Crystal Palace,RES,9,,2024-08-30,2029,14,England,,,,Right,3,3,1,,Normal (170-185),Yes,10900000,,Chip Shot,81,73,58,76,25,64,43,75,70,73,71,77,54,44,49,74,83,79,79,74,75,75,79,66,63,69,58,20,76,60,71,70,24,19,15,12,10,11,9,5,,74+2,74+2,74+2,72+0,74+0,74+0,74+0,72+0,72+2,72+2,72+2,70+2,63+2,63+2,63+2,70+2,49+2,47+2,47+2,47+2,49+2,46+2,42+2,42+2,42+2,46+2,16+2,https://cdn.sofifa.net/players/236/988/26_120.png
242000,/player/242000/konstantinos-mavropanos/260004/,26,4,2025-09-19,K. Mavropanos,Konstantinos MavropanosΚωνσταντίνος Μαυροπάνος,CB,76,77,7500000,54000,27,1997-12-11,194,89,13,Premier League,1,19,West Ham United,SUB,15,,2023-08-22,2028,22,Greece,,,,Right,3,2,2,,Normal (185+),Yes,14800000,"#Aerial threat, #Strength",Bruiser,71,56,54,59,77,79,45,50,76,62,30,60,32,39,74,60,64,76,52,75,34,77,79,65,88,64,74,78,40,44,42,63,76,77,77,12,11,11,10,7,,62+2,62+2,62+2,57+0,59+0,59+0,59+0,57+0,58+2,58+2,58+2,59+2,62+2,62+2,62+2,59+2,68+2,71+2,71+2,71+2,68+2,70+2,76+1,76+1,76+1,70+2,17+2,https://cdn.sofifa.net/players/242/000/26_120.png
71998,/player/71998/tyrique-george/260004/,26,4,2025-09-19,T. George,Tyrique George,"LM, RM, ST, LW",71,84,4400000,40000,19,2006-02-04,185,80,13,Premier League,1,5,Chelsea,SUB,32,,2023-02-04,2027,14,England,,,,Right,4,4,1,,Lean (185+),No,11100000,,Quick Step,79,66,66,73,36,55,66,66,52,68,55,72,63,58,63,70,80,78,85,68,84,70,63,67,50,68,50,35,68,69,55,68,35,35,25,5,7,10,12,8,,67+2,67+2,67+2,71+0,70+0,70+0,70+0,71+0,70+2,70+2,70+2,70+2,65+2,65+2,65+2,70+2,55+2,52+2,52+2,52+2,55+2,52+2,45+2,45+2,45+2,52+2,15+2,https://cdn.sofifa.net/players/071/998/26_120.png
269087,/player/269087/leny-yoro/260004/,26,4,2025-09-19,L. Yoro,Leny Yoro,CB,78,86,28500000,49000,19,2005-11-13,190,75,13,Premier League,1,11,Manchester United,RCB,15,,2024-07-18,2029,18,France,,,,Right,3,2,1,,Lean (185+),Yes,59900000,,,69,41,60,64,79,73,47,38,76,75,35,60,37,32,58,69,65,72,55,79,61,51,81,69,75,37,73,79,41,60,40,72,77,82,80,13,7,5,14,14,,58+2,58+2,58+2,59+0,59+0,59+0,59+0,59+0,61+2,61+2,61+2,61+2,65+2,65+2,65+2,61+2,71+2,74+2,74+2,74+2,71+2,73+2,78+2,78+2,78+2,73+2,19+2,https://cdn.sofifa.net/players/269/087/26_120.png
262042,/player/262042/maxime-esteve/260004/,26,4,2025-09-19,M. Estève,Maxime Estève,CB,76,82,11000000,42000,23,2002-05-26,193,87,13,Premier League,1,1796,Burnley,LCB,5,,2024-07-01,2030,18,France,,,,Left,3,2,1,,Normal (185+),No,23100000,,"Jockey, Anticipate",75,40,57,63,76,82,53,35,72,69,34,63,45,32,59,66,72,77,44,73,62,61,86,77,85,32,78,74,36,46,38,77,78,77,75,12,14,14,7,11,,57+2,57+2,57+2,57+0,57+0,57+0,57+0,57+0,57+2,57+2,57+2,61+2,61+2,61+2,61+2,61+2,71+2,71+2,71+2,71+2,71+2,72+2,76+2,76+2,76+2,72+2,18+2,https://cdn.sofifa.net/players/262/042/26_120.png
74142,/player/74142/diego-leon/260004/,26,4,2025-09-19,D. León,Diego Basilio León Blanco,"LB, LM",64,85,1800000,11000,18,2007-04-03,177,67,13,Premier League,1,11,Manchester United,SUB,35,,2025-07-05,2030,58,Paraguay,,,,Left,2,2,1,,Normal (170-185),No,5200000,,,83,51,56,66,59,62,56,45,55,55,60,65,60,53,54,63,82,83,80,60,67,56,74,68,65,55,45,60,68,57,45,66,60,60,58,9,8,8,12,11,,60+2,60+2,60+2,63+0,62+0,62+0,62+0,63+0,61+2,61+2,61+2,63+2,59+2,59+2,59+2,63+2,62+2,59+2,59+2,59+2,62+2,62+2,60+2,60+2,60+2,62+2,15+2,https://cdn.sofifa.net/players/074/142/26_120.png
251809,/player/251809/sven-botman/260004/,26,4,2025-09-19,S. Botman,Sven Adriaan Botman,CB,82,85,36000000,120000,25,2000-01-12,193,81,13,Premier League,1,13,Newcastle United,SUB,4,,2022-07-01,2027,34,Netherlands,,,,Left,3,2,3,,Normal (185+),Yes,71100000,,"Long Ball Pass, Jockey, Bruiser",56,37,62,65,83,82,43,24,81,77,27,63,46,28,75,74,48,63,50,80,34,65,82,66,89,37,84,82,45,59,37,76,84,83,82,12,9,8,6,14,,58+3,58+3,58+3,57+0,59+0,59+0,59+0,57+0,61+3,61+3,61+3,61+3,69+3,69+3,69+3,61+3,71+3,78+3,78+3,78+3,71+3,73+3,82+3,82+3,82+3,73+3,18+3,https://cdn.sofifa.net/players/251/809/26_120.png
278813,/player/278813/marc-guiu-paz/260004/,26,4,2025-09-19,Marc Guiu,Marc Guiu Paz,ST,71,84,4500000,45000,19,2006-01-04,187,82,13,Premier League,1,5,Chelsea,RES,38,,2024-07-01,2029,45,Spain,,,,Right,4,3,1,,Normal (185+),No,11400000,,,76,70,55,69,36,75,45,73,70,65,63,68,57,45,45,70,73,78,67,70,65,75,81,66,76,63,82,29,70,55,65,70,36,31,27,5,6,9,14,10,,71+2,71+2,71+2,67+0,69+0,69+0,69+0,67+0,66+2,66+2,66+2,65+2,59+2,59+2,59+2,65+2,51+2,51+2,51+2,51+2,51+2,50+2,51+2,51+2,51+2,50+2,16+2,https://cdn.sofifa.net/players/278/813/26_120.png
268903,/player/268903/romaine-mundle/260004/,26,4,2025-09-19,R. Mundle,Romaine Lee Mundle,"LM, LW, RM",71,79,4200000,29000,22,2003-04-24,177,61,13,Premier League,1,106,Sunderland,RES,14,,2024-02-01,2028,14,England,,,,Right,3,3,1,,Normal (170-185),No,8800000,,,80,67,64,73,38,58,68,68,42,67,64,73,62,55,51,71,83,78,80,67,77,67,61,67,56,67,50,31,67,67,54,68,39,44,30,8,10,10,7,7,,66+2,66+2,66+2,71+0,69+0,69+0,69+0,71+0,69+2,69+2,69+2,70+2,63+2,63+2,63+2,70+2,57+2,52+2,52+2,52+2,57+2,54+2,46+2,46+2,46+2,54+2,15+2,https://cdn.sofifa.net/players/268/903/26_120.png
278101,/player/278101/callum-marshall/260004/,26,4,2025-09-19,C. Marshall,Callum Marshall,"ST, RM, RW",66,79,2100000,16000,20,2004-11-28,181,70,13,Premier League,1,19,West Ham United,SUB,50,,2023-07-01,2027,35,Northern Ireland,110081,SUB,8,Left,2,2,1,,Lean (170-185),Yes,5300000,,,69,66,55,64,42,76,54,67,55,62,58,61,57,34,46,64,71,67,71,66,76,76,72,88,71,55,74,44,68,56,62,59,29,46,49,5,11,12,10,10,,66+2,66+2,66+2,63+0,64+0,64+0,64+0,63+0,62+2,62+2,62+2,63+2,60+2,60+2,60+2,63+2,58+2,55+2,55+2,55+2,58+2,56+2,53+2,53+2,53+2,56+2,15+2,https://cdn.sofifa.net/players/278/101/26_120.png
198032,/player/198032/dan-burn/260004/,26,4,2025-09-19,D. Burn,Daniel Johnson Burn,CB,79,79,8500000,110000,33,1992-05-09,201,104,13,Premier League,1,13,Newcastle United,LCB,33,,2022-01-31,2027,14,England,1318,SUB,12,Left,3,2,2,,Lean (185+),Yes,16200000,"#Aerial threat, #Strength","Precision Header, Aerial Fortress",42,36,67,64,79,85,68,26,78,75,22,69,49,46,69,69,34,49,32,77,32,60,70,78,90,29,86,76,61,61,48,76,81,79,80,15,13,7,8,10,,58+2,58+2,58+2,58+0,59+0,59+0,59+0,58+0,61+2,61+2,61+2,63+2,68+2,68+2,68+2,63+2,72+2,76+2,76+2,76+2,72+2,72+2,79+0,79+0,79+0,72+2,18+2,https://cdn.sofifa.net/players/198/032/26_120.png
237985,/player/237985/kevin-danso/260004/,26,4,2025-09-19,K. Danso,Kevin Danso,CB,79,82,20500000,90000,26,1998-09-19,190,85,13,Premier League,1,18,Tottenham Hotspur,SUB,4,,2025-07-01,2030,4,Austria,,,,Right,3,2,2,,Normal (185+),Yes,40500000,#Strength,"Long Ball Pass, Aerial Fortress, Long Throw, Bruiser",73,32,57,62,78,83,44,26,81,69,31,59,46,31,62,68,65,79,53,77,46,49,89,66,90,25,85,77,43,52,42,72,77,80,76,12,13,6,11,15,,56+2,56+2,56+2,56+0,56+0,56+0,56+0,56+0,58+2,58+2,58+2,59+2,62+2,62+2,62+2,59+2,69+2,73+2,73+2,73+2,69+2,72+2,79+2,79+2,79+2,72+2,19+2,https://cdn.sofifa.net/players/237/985/26_120.png
229942,/player/229942/axel-disasi/260004/,26,4,2025-09-19,A. Disasi,Axel Arthur Disasi,"CB, RB, RM",77,78,10500000,89000,27,1998-03-11,190,86,13,Premier League,1,5,Chelsea,RES,2,,2023-08-04,2029,18,France,,,,Right,2,2,2,,Normal (185+),Yes,20700000,#Strength,"Block, Slide Tackle, Aerial Fortress, Bruiser",56,48,60,58,77,79,48,43,80,72,45,55,48,30,66,66,50,60,43,75,40,70,83,63,88,40,76,76,47,55,43,74,76,77,75,12,8,11,8,6,,60+2,60+2,60+2,56+0,58+0,58+0,58+0,56+0,58+2,58+2,58+2,59+2,64+2,64+2,64+2,59+2,67+2,72+2,72+2,72+2,67+2,69+2,77+1,77+1,77+1,69+2,16+2,https://cdn.sofifa.net/players/229/942/26_120.png
266815,/player/266815/ben-gannon-doak/260004/,26,4,2025-09-19,B. Gannon-Doak,Ben Gannon Doak,"RM, RW",71,85,4400000,27000,19,2005-11-11,176,64,13,Premier League,1,1943,AFC Bournemouth,SUB,11,,2025-08-18,2030,42,Scotland,1359,RM,17,Right,4,4,1,,Normal (170-185),No,11100000,,Quick Step,89,61,63,75,28,60,65,62,41,65,58,74,63,57,55,72,90,89,86,66,85,61,64,65,57,60,60,28,64,66,58,71,21,30,25,13,6,10,5,12,,64+2,64+2,64+2,71+0,69+0,69+0,69+0,71+0,69+2,69+2,69+2,70+2,62+2,62+2,62+2,70+2,54+2,49+2,49+2,49+2,54+2,50+2,41+2,41+2,41+2,50+2,15+2,https://cdn.sofifa.net/players/266/815/26_120.png
269796,/player/269796/julio-soler/260004/,26,4,2025-09-19,J. Soler,Julio César Soler Barreto,"LB, LM",68,79,2500000,19000,20,2005-02-16,175,63,13,Premier League,1,1943,AFC Bournemouth,SUB,6,,2025-01-07,2029,52,Argentina,,,,Left,3,2,1,,Lean (170-185),No,5300000,,,75,46,60,67,65,60,68,42,59,64,39,67,63,41,55,68,75,75,68,60,72,57,67,60,55,44,69,64,52,52,53,60,66,67,65,5,6,12,9,9,,57+2,57+2,57+2,62+0,60+0,60+0,60+0,62+0,60+2,60+2,60+2,63+2,60+2,60+2,60+2,63+2,66+2,63+2,63+2,63+2,66+2,66+2,64+2,64+2,64+2,66+2,13+2,https://cdn.sofifa.net/players/269/796/26_120.png
72754,/player/72754/luis-guilherme-lira-dos-santos/260004/,26,4,2025-09-19,Luis Guilherme,Luis Guilherme Lira dos Santos,"RM, LM, CAM, RW",71,84,4400000,26000,19,2006-02-09,175,71,13,Premier League,1,19,West Ham United,RES,17,,2024-06-14,2029,54,Brazil,,,,Left,4,4,1,,Normal (170-185),No,11100000,,Rapid,76,62,64,75,33,58,68,64,55,64,62,77,69,51,62,75,75,76,75,74,64,66,70,55,66,53,38,19,66,64,60,70,32,33,38,9,7,14,15,11,,67+2,67+2,67+2,70+0,69+0,69+0,69+0,70+0,69+2,69+2,69+2,70+2,62+2,62+2,62+2,70+2,54+2,50+2,50+2,50+2,54+2,51+2,45+2,45+2,45+2,51+2,18+2,https://cdn.sofifa.net/players/072/754/26_120.png
277295,/player/277295/oscar-bobb/260004/,26,4,2025-09-19,O. Bobb,Oscar Bobb,"RW, LW, RM",72,82,5500000,51000,21,2003-07-12,174,70,13,Premier League,1,10,Manchester City,RW,52,,2019-07-12,2029,36,Norway,1352,RES,22,Left,3,4,1,,Lean (170-185),Yes,11300000,,Technical,79,65,71,77,33,41,66,66,48,74,55,79,69,58,72,76,84,74,81,63,80,66,46,50,34,65,44,24,64,72,63,73,32,34,31,11,12,9,15,8,,65+2,65+2,65+2,72+0,71+0,71+0,71+0,72+0,73+2,73+2,73+2,71+2,66+2,66+2,66+2,71+2,54+2,51+2,51+2,51+2,54+2,50+2,41+2,41+2,41+2,50+2,17+2,https://cdn.sofifa.net/players/277/295/26_120.png
80376,/player/80376/rio-ngumoha/260004/,26,4,2025-09-19,R. Ngumoha,Rio Bass Ray Ngumoha Adigun,"LM, LW",68,88,3300000,18000,16,2008-08-29,170,68,13,Premier League,1,9,Liverpool,SUB,73,,2025-07-01,2026,14,England,,,,Right,3,3,1,,Normal (170-),No,9400000,#Speedster,"Technical, Quick Step",90,64,59,72,35,53,64,65,38,57,57,71,63,52,49,68,92,89,85,62,88,68,61,62,54,62,39,36,64,66,59,71,32,39,30,11,9,8,9,12,,64+2,64+2,64+2,69+0,67+0,67+0,67+0,69+0,66+2,66+2,66+2,67+2,59+2,59+2,59+2,67+2,55+2,49+2,49+2,49+2,55+2,52+2,43+2,43+2,43+2,52+2,16+2,https://cdn.sofifa.net/players/080/376/26_120.png
242663,/player/242663/sebastiaan-bornauw/260004/,26,4,2025-09-19,S. Bornauw,Sebastiaan Bornauw,CB,74,76,4600000,43000,26,1999-03-22,191,83,13,Premier League,1,8,Leeds United,SUB,23,,2021-07-16,2029,7,Belgium,,,,Right,3,2,1,,Lean (185+),Yes,9100000,,Block,69,45,59,55,74,74,57,44,85,64,26,52,41,42,71,58,66,71,48,70,52,61,89,53,81,40,78,70,48,51,34,67,74,72,73,6,7,7,11,15,,59+2,59+2,59+2,56+0,56+0,56+0,56+0,56+0,56+2,56+2,56+2,58+2,60+2,60+2,60+2,58+2,65+2,68+2,68+2,68+2,65+2,68+2,74+2,74+2,74+2,68+2,16+2,https://cdn.sofifa.net/players/242/663/26_120.png
274699,/player/274699/stefanos-tzimas/260004/,26,4,2025-09-19,S. Tzimas,Stefanos TzimasΣτέφανος Τζίμας,ST,72,81,5000000,40000,19,2006-01-06,186,78,13,Premier League,1,1808,Brighton & Hove Albion,SUB,9,,2025-02-03,2030,22,Greece,,,,Right,3,3,1,,Lean (185+),No,10500000,,,76,70,52,69,31,72,34,72,71,65,63,69,59,40,51,71,79,74,69,67,67,72,86,69,76,65,63,28,76,49,59,68,25,27,26,13,7,5,10,9,,72+2,72+2,72+2,66+0,69+0,69+0,69+0,66+0,66+2,66+2,66+2,65+2,60+2,60+2,60+2,65+2,49+2,49+2,49+2,49+2,49+2,47+2,47+2,47+2,47+2,47+2,16+2,https://cdn.sofifa.net/players/274/699/26_120.png
252897,/player/252897/calvin-ramsay/260004/,26,4,2025-09-19,C. Ramsay,Calvin William Ramsay,"RB, RM",65,75,1500000,15000,21,2003-07-31,177,68,13,Premier League,1,9,Liverpool,RES,47,,2022-07-01,2027,42,Scotland,,,,Right,3,2,1,,Normal (170-185),No,3100000,,,76,46,61,64,58,64,66,39,51,62,35,62,59,54,59,65,74,78,71,63,68,63,66,71,61,45,60,58,57,60,42,60,57,61,59,13,8,9,9,8,,57+2,57+2,57+2,61+0,60+0,60+0,60+0,61+0,60+2,60+2,60+2,63+2,61+2,61+2,61+2,63+2,64+2,61+2,61+2,61+2,64+2,63+2,60+2,60+2,60+2,63+2,15+2,https://cdn.sofifa.net/players/252/897/26_120.png
70448,/player/70448/adam-aznou/260004/,26,4,2025-09-19,A. Aznou,Adam Aznou Ben Cheikhآدم أزنو,LB,66,82,2100000,9000,19,2006-06-02,178,70,13,Premier League,1,7,Everton,SUB,39,,2025-07-29,2029,129,Morocco,,,,Left,3,3,1,,Lean (170-185),No,5300000,,,80,52,61,72,59,51,69,48,41,64,41,76,45,35,60,72,78,81,71,58,69,58,52,57,47,57,52,62,61,60,48,55,60,62,61,15,11,12,11,14,,59+2,59+2,59+2,67+0,64+0,64+0,64+0,67+0,65+2,65+2,65+2,67+2,63+2,63+2,63+2,67+2,65+2,61+2,61+2,61+2,65+2,64+2,58+2,58+2,58+2,64+2,18+2,https://cdn.sofifa.net/players/070/448/26_120.png
79629,/player/79629/jair-paula-da-cunha-filho/260004/,26,4,2025-09-19,Jair Cunha,Jair Paula da Cunha Filho,CB,74,81,7500000,43000,20,2005-03-07,198,87,13,Premier League,1,14,Nottingham Forest,RES,23,,2025-07-11,2030,54,Brazil,,,,Right,4,2,1,,Normal (185+),No,15800000,"#Aerial threat, #Strength",,67,38,59,58,73,80,51,31,75,69,34,57,55,32,63,64,64,69,44,72,42,58,85,70,86,33,75,72,37,54,49,66,73,74,74,11,7,10,7,10,,55+2,55+2,55+2,55+0,55+0,55+0,55+0,55+0,56+2,56+2,56+2,58+2,61+2,61+2,61+2,58+2,68+2,70+2,70+2,70+2,68+2,69+2,74+2,74+2,74+2,69+2,16+2,https://cdn.sofifa.net/players/079/629/26_120.png
260105,/player/260105/radu-dragusin/260004/,26,4,2025-09-19,R. Drăgușin,Radu Matei Drăgușin,CB,75,81,8000000,60000,23,2002-02-03,191,80,13,Premier League,1,18,Tottenham Hotspur,RES,3,,2024-01-12,2029,39,Romania,,,,Right,3,2,1,,Normal (185+),Yes,16800000,,,67,37,53,65,75,74,36,27,75,69,38,65,37,33,60,65,65,69,63,73,59,56,81,67,78,40,72,76,25,48,49,68,74,76,75,10,11,14,12,6,,53+2,53+2,53+2,54+0,54+0,54+0,54+0,54+0,56+2,56+2,56+2,57+2,61+2,61+2,61+2,57+2,67+2,70+2,70+2,70+2,67+2,69+2,75+2,75+2,75+2,69+2,17+2,https://cdn.sofifa.net/players/260/105/26_120.png
247649,/player/247649/jarrad-branthwaite/260004/,26,4,2025-09-19,J. Branthwaite,Jarrad Paul Branthwaite,CB,79,85,25000000,39000,23,2002-06-27,195,74,13,Premier League,1,7,Everton,SUB,32,,2020-01-13,2030,14,England,,,,Left,5,2,1,,Normal (185+),Yes,52500000,#Aerial threat,"Intercept, Slide Tackle, Aerial Fortress",71,39,58,60,80,78,34,35,80,78,34,57,29,24,69,69,65,75,34,79,43,59,78,72,82,29,75,78,43,52,33,76,81,81,82,10,9,11,12,10,,59+2,59+2,59+2,56+0,59+0,59+0,59+0,56+0,59+2,59+2,59+2,60+2,66+2,66+2,66+2,60+2,71+2,76+2,76+2,76+2,71+2,73+2,79+2,79+2,79+2,73+2,18+2,https://cdn.sofifa.net/players/247/649/26_120.png
278097,/player/278097/george-earthy/260004/,26,4,2025-09-19,G. Earthy,George Robert Earthy,"CAM, RM, CM",67,78,2200000,17000,20,2004-09-05,178,70,13,Premier League,1,19,West Ham United,RES,40,,2022-06-11,2026,14,England,,,,Right,3,3,1,,Lean (170-185),Yes,4600000,,,68,60,64,68,44,56,62,64,42,68,54,67,55,54,64,68,70,67,73,66,78,55,51,64,52,60,55,37,65,66,54,64,46,48,42,14,15,9,9,6,,61+2,61+2,61+2,66+0,65+0,65+0,65+0,66+0,67+2,67+2,67+2,66+2,64+2,64+2,64+2,66+2,57+2,56+2,56+2,56+2,57+2,55+2,49+2,49+2,49+2,55+2,17+2,https://cdn.sofifa.net/players/278/097/26_120.png
238717,/player/238717/ethan-pinnock/260004/,26,4,2025-09-19,E. Pinnock,Ethan Rupert Pinnock,CB,77,77,7000000,64000,32,1993-05-29,194,79,13,Premier League,1,1925,Brentford,SUB,5,,2019-07-02,2027,82,Jamaica,,,,Left,3,2,1,,Lean (185+),Yes,13300000,#Aerial threat,"Precision Header, Anticipate, Aerial Fortress, Long Throw",60,36,56,61,78,79,42,31,77,64,33,60,40,37,65,64,54,65,48,77,53,52,82,65,85,31,80,79,39,58,44,71,78,78,77,5,9,13,6,8,,55+2,55+2,55+2,54+0,55+0,55+0,55+0,54+0,57+2,57+2,57+2,57+2,62+2,62+2,62+2,57+2,67+2,72+2,72+2,72+2,67+2,70+2,77+0,77+0,77+0,70+2,15+2,https://cdn.sofifa.net/players/238/717/26_120.png
256268,/player/256268/armando-broja/260004/,26,4,2025-09-19,A. Broja,Armando Broja,ST,72,77,3600000,35000,23,2001-09-10,191,83,13,Premier League,1,1796,Burnley,SUB,27,,2025-08-08,2030,1,Albania,,,,Right,3,3,1,,Normal (185+),Yes,7100000,,,69,72,54,71,30,71,47,73,70,62,65,74,52,40,43,72,61,76,64,68,63,79,76,59,78,63,65,20,74,57,73,70,20,35,20,9,7,15,8,9,,72+2,72+2,72+2,67+0,70+0,70+0,70+0,67+0,66+2,66+2,66+2,65+2,59+2,59+2,59+2,65+2,48+2,47+2,47+2,47+2,48+2,46+2,46+2,46+2,46+2,46+2,15+2,https://cdn.sofifa.net/players/256/268/26_120.png
207599,/player/207599/michael-keane/260004/,26,4,2025-09-19,M. Keane,Michael Vincent Keane,CB,73,73,2000000,30000,32,1993-01-11,191,82,13,Premier League,1,7,Everton,LCB,5,,2017-07-03,2026,14,England,,,,Right,3,2,1,,Normal (185+),Yes,3800000,,Long Ball Pass,40,49,62,58,73,74,57,50,77,68,40,55,53,33,70,63,39,40,50,70,50,58,78,49,84,46,77,73,29,58,48,65,73,73,72,16,7,8,14,11,,55+2,55+2,55+2,53+0,54+0,54+0,54+0,53+0,56+2,56+2,56+2,55+2,61+2,61+2,61+2,55+2,63+2,69+2,69+2,69+2,63+2,64+2,73+0,73+0,73+0,64+2,18+2,https://cdn.sofifa.net/players/207/599/26_120.png
248492,/player/248492/james-hill/260004/,26,4,2025-09-19,J. Hill,James Clayton Hill,"CB, RB, RM",71,77,2700000,32000,23,2002-01-10,184,73,13,Premier League,1,1943,AFC Bournemouth,SUB,23,,2022-01-05,2026,14,England,,,,Right,3,2,1,,Lean (170-185),Yes,5700000,,Long Throw,66,39,59,62,71,72,60,34,69,67,29,60,39,32,65,66,65,67,57,70,64,51,75,65,75,40,70,71,52,53,33,65,70,72,69,7,15,5,8,12,,56+2,56+2,56+2,58+0,58+0,58+0,58+0,58+0,59+2,59+2,59+2,61+2,62+2,62+2,62+2,61+2,67+2,68+2,68+2,68+2,67+2,68+2,71+2,71+2,71+2,68+2,17+2,https://cdn.sofifa.net/players/248/492/26_120.png
241585,/player/241585/igor-julio-dos-santos-de-paulo/260004/,26,4,2025-09-19,Igor Julio,Igor Júlio dos Santos de Paulo,"CB, LB, LM",76,78,8000000,68000,27,1998-02-07,185,84,13,Premier League,1,19,West Ham United,LCB,5,Brighton & Hove Albion,,2026,54,Brazil,,,,Left,2,2,1,,Stocky (185+),Yes,,#Strength,"Jockey, Bruiser",64,37,57,58,75,83,32,30,70,72,30,50,33,30,65,65,58,68,61,70,48,55,80,65,90,35,87,75,45,60,30,70,75,77,75,7,11,9,15,14,,55+2,55+2,55+2,53+0,55+0,55+0,55+0,53+0,58+2,58+2,58+2,56+2,63+2,63+2,63+2,56+2,65+2,72+2,72+2,72+2,65+2,68+2,76+2,76+2,76+2,68+2,18+2,https://cdn.sofifa.net/players/241/585/26_120.png
74310,/player/74310/nicolo-savona/260004/,26,4,2025-09-19,N. Savona,Nicolò Savona,"RB, LB, RM",71,80,4000000,38000,22,2003-03-19,192,80,13,Premier League,1,14,Nottingham Forest,RES,37,,2025-08-30,2030,27,Italy,,,,Right,3,2,1,,Lean (185+),Yes,8400000,,,68,44,58,63,70,69,68,38,58,70,48,62,48,22,62,64,68,68,60,66,53,52,69,69,69,46,67,70,50,33,42,69,72,70,71,8,9,11,14,7,,56+2,56+2,56+2,59+0,56+0,56+0,56+0,59+0,57+2,57+2,57+2,61+2,60+2,60+2,60+2,61+2,69+2,67+2,67+2,67+2,69+2,69+2,68+2,68+2,68+2,69+2,16+2,https://cdn.sofifa.net/players/074/310/26_120.png
80816,/player/80816/bradley-burrowes/260004/,26,4,2025-09-19,B. Burrowes,Bradley Burrowes,"RM, ST, RW",65,82,1800000,12000,17,2008-03-04,179,75,13,Premier League,1,2,Aston Villa,SUB,83,,2024-07-01,2026,14,England,,,,Right,3,3,1,,Normal (170-185),No,4500000,,,86,63,58,66,35,55,63,64,51,58,56,66,59,51,53,63,87,85,79,56,75,70,69,57,56,58,48,30,63,60,56,66,34,36,27,11,10,7,15,10,,64+2,64+2,64+2,66+0,64+0,64+0,64+0,66+0,63+2,63+2,63+2,64+2,57+2,57+2,57+2,64+2,52+2,47+2,47+2,47+2,52+2,50+2,44+2,44+2,44+2,50+2,16+2,https://cdn.sofifa.net/players/080/816/26_120.png
237522,/player/237522/jorge-cuenca-barreno/260004/,26,4,2025-09-19,Jorge Cuenca,Jorge Cuenca Barreno,CB,74,78,5500000,53000,25,1999-11-17,190,75,13,Premier League,1,144,Fulham FC,SUB,15,,2024-08-03,2028,45,Spain,,,,Left,3,2,1,,Lean (185+),Yes,10900000,,Precision Header,70,37,58,52,75,73,45,27,74,69,31,34,29,26,67,68,66,73,63,72,58,59,80,66,75,41,74,74,31,60,44,66,75,75,74,10,12,5,14,12,,52+2,52+2,52+2,52+0,52+0,52+0,52+0,52+0,55+2,55+2,55+2,55+2,61+2,61+2,61+2,55+2,67+2,71+2,71+2,71+2,67+2,70+2,74+2,74+2,74+2,70+2,18+2,https://cdn.sofifa.net/players/237/522/26_120.png
229266,/player/229266/joe-rodon/260004/,26,4,2025-09-19,J. Rodon,Joseph Peter Rodon,CB,76,78,8000000,49000,27,1997-10-22,193,88,13,Premier League,1,8,Leeds United,RCB,6,,2024-07-02,2028,50,Wales,1367,RCB,6,Right,3,2,1,,Lean (185+),Yes,15800000,,"Long Ball Pass, Aerial Fortress",76,32,51,60,76,79,34,23,73,73,34,53,34,32,63,65,72,79,60,77,58,61,85,76,81,24,74,76,23,31,40,70,77,76,76,10,13,7,11,8,,53+2,53+2,53+2,51+0,52+0,52+0,52+0,51+0,53+2,53+2,53+2,55+2,59+2,59+2,59+2,55+2,69+2,72+2,72+2,72+2,69+2,71+2,76+2,76+2,76+2,71+2,18+2,https://cdn.sofifa.net/players/229/266/26_120.png
248484,/player/248484/nathan-collins/260004/,26,4,2025-09-19,N. Collins,Nathan Michael Collins,CB,79,82,21500000,62000,24,2001-04-30,193,81,13,Premier League,1,1925,Brentford,RCB,22,,2023-07-04,2029,25,Republic of Ireland,1355,CB,22,Right,3,2,1,,Normal (185+),Yes,42500000,,"Block, Intercept, Anticipate, Aerial Fortress",62,31,58,63,80,81,50,29,81,70,22,64,39,25,66,66,55,68,46,78,47,46,84,80,83,19,77,79,33,50,35,75,80,79,80,9,10,6,13,9,,54+2,54+2,54+2,55+0,54+0,54+0,54+0,55+0,56+2,56+2,56+2,59+2,63+2,63+2,63+2,59+2,72+2,74+2,74+2,74+2,72+2,73+2,79+2,79+2,79+2,73+2,17+2,https://cdn.sofifa.net/players/248/484/26_120.png
275246,/player/275246/tom-watson/260004/,26,4,2025-09-19,T. Watson,Thomas Watson,"LM, RM, LW",68,82,2900000,23000,19,2006-04-08,190,77,13,Premier League,1,1808,Brighton & Hove Albion,SUB,14,,2025-07-01,2029,14,England,,,,Right,3,3,1,,Lean (185+),No,7300000,,,79,65,62,69,29,57,62,66,45,63,62,70,65,62,54,68,76,81,66,64,69,63,62,62,59,66,42,21,64,65,55,68,25,33,28,10,15,9,11,13,,64+2,64+2,64+2,68+0,67+0,67+0,67+0,68+0,66+2,66+2,66+2,67+2,60+2,60+2,60+2,67+2,51+2,47+2,47+2,47+2,51+2,48+2,41+2,41+2,41+2,48+2,18+2,https://cdn.sofifa.net/players/275/246/26_120.png
250954,/player/250954/chris-richards/260004/,26,4,2025-09-19,C. Richards,Christopher Jeffrey Richards,CB,77,80,12500000,65000,25,2000-03-28,188,87,13,Premier League,1,1799,Crystal Palace,RCB,26,,2022-07-27,2027,95,United States,1387,RCB,3,Right,3,2,1,,Normal (185+),Yes,24700000,,,66,27,58,62,78,77,44,23,76,70,26,59,45,24,65,64,64,67,60,76,58,36,83,71,80,22,74,78,38,55,37,61,77,78,79,13,5,13,7,6,,51+2,51+2,51+2,54+0,54+0,54+0,54+0,54+0,57+2,57+2,57+2,58+2,62+2,62+2,62+2,58+2,69+2,73+2,73+2,73+2,69+2,71+2,77+2,77+2,77+2,71+2,16+2,https://cdn.sofifa.net/players/250/954/26_120.png
73896,/player/73896/caleb-kporha/260004/,26,4,2025-09-19,C. Kporha,Caleb Billy Mawuko Kporha,"RB, RM",62,78,975000,9000,18,2006-07-15,170,67,13,Premier League,1,1799,Crystal Palace,SUB,58,,2023-07-15,2029,14,England,,,,Right,4,3,1,,Stocky (170-),No,2500000,,,72,48,58,64,57,57,63,43,54,60,39,63,57,43,52,62,75,70,68,58,83,62,61,55,52,48,69,58,53,57,46,59,55,58,56,6,11,15,11,6,,56+2,56+2,56+2,60+0,58+0,58+0,58+0,60+0,59+2,59+2,59+2,60+2,57+2,57+2,57+2,60+2,60+2,58+2,58+2,58+2,60+2,60+2,58+2,58+2,58+2,60+2,14+2,https://cdn.sofifa.net/players/073/896/26_120.png
237440,/player/237440/hannes-delcroix/260004/,26,4,2025-09-19,H. Delcroix,Hannes Delcroix,"CB, LB",71,74,2200000,32000,26,1999-02-28,183,78,13,Premier League,1,1796,Burnley,RES,44,,2023-08-22,2026,7,Belgium,,,,Left,2,2,1,,Normal (170-185),No,4300000,,,66,35,61,61,71,70,58,33,70,72,28,55,43,27,68,66,64,68,65,69,67,45,75,63,73,30,69,72,40,51,33,69,69,73,71,10,11,7,8,8,,53+2,53+2,53+2,56+0,55+0,55+0,55+0,56+0,57+2,57+2,57+2,59+2,62+2,62+2,62+2,59+2,67+2,69+2,69+2,69+2,67+2,68+2,71+2,71+2,71+2,68+2,16+2,https://cdn.sofifa.net/players/237/440/26_120.png
279519,/player/279519/tawanda-chirewa/260004/,26,4,2025-09-19,T. Chirewa,Tawanda Blessing Chirewa,"LM, CAM, RM, LB",64,76,1400000,11000,21,2003-10-11,181,72,13,Premier League,1,110,Wolverhampton Wanderers,RES,23,,2023-09-18,2027,148,Zimbabwe,,,,Right,4,3,1,,Lean (170-185),No,2900000,,,82,56,58,68,39,56,58,51,44,63,57,68,59,55,47,66,82,82,83,59,73,68,64,56,62,55,38,39,59,59,53,63,38,40,38,9,6,7,14,7,,61+2,61+2,61+2,64+0,63+0,63+0,63+0,64+0,63+2,63+2,63+2,63+2,57+2,57+2,57+2,63+2,55+2,50+2,50+2,50+2,55+2,52+2,47+2,47+2,47+2,52+2,14+2,https://cdn.sofifa.net/players/279/519/26_120.png
258805,/player/258805/harrison-ashby/260004/,26,4,2025-09-19,H. Ashby,Harrison Charles Ashby,"RB, LB, RM",64,71,1100000,19000,23,2001-11-14,179,72,13,Premier League,1,13,Newcastle United,RES,30,,2023-01-31,2027,42,Scotland,,,,Right,3,2,1,,Normal (170-185),No,2300000,,,75,44,56,60,57,62,60,38,53,58,40,59,62,60,52,60,74,75,64,61,67,59,64,71,59,40,59,57,53,48,39,52,56,59,60,6,11,7,14,13,,55+2,55+2,55+2,57+0,56+0,56+0,56+0,57+0,56+2,56+2,56+2,59+2,56+2,56+2,56+2,59+2,62+2,58+2,58+2,58+2,62+2,62+2,58+2,58+2,58+2,62+2,16+2,https://cdn.sofifa.net/players/258/805/26_120.png
279128,/player/279128/trey-nyoni/260004/,26,4,2025-09-19,T. Nyoni,Treymaurice Nyoni,"CM, CAM",64,84,1600000,13000,18,2007-06-30,180,75,13,Premier League,1,9,Liverpool,SUB,42,,2025-07-01,2028,14,England,,,,Right,3,3,1,,Lean (170-185),No,4600000,,,67,54,61,69,52,52,51,54,53,68,54,70,55,42,65,69,67,67,68,61,70,57,54,58,49,52,51,52,62,64,51,63,50,56,47,7,8,7,10,8,,60+2,60+2,60+2,63+0,64+0,64+0,64+0,63+0,65+2,65+2,65+2,64+2,64+2,64+2,64+2,64+2,58+2,59+2,59+2,59+2,58+2,57+2,54+2,54+2,54+2,57+2,14+2,https://cdn.sofifa.net/players/279/128/26_120.png
256008,/player/256008/felipe-rodrigues-da-silva/260004/,26,4,2025-09-19,Morato,Felipe Rodrigues da Silva,"CB, LB, LM",76,81,10000000,58000,24,2001-06-30,192,88,13,Premier League,1,14,Nottingham Forest,SUB,4,,2024-08-30,2029,54,Brazil,,,,Left,2,2,1,,Normal (185+),No,19800000,#Strength,Bruiser,53,37,57,60,76,80,56,32,76,65,39,61,52,27,62,63,52,54,41,71,43,55,76,62,89,28,80,75,29,49,44,75,75,77,74,12,12,12,6,6,,53+2,53+2,53+2,52+0,52+0,52+0,52+0,52+0,53+2,53+2,53+2,56+2,59+2,59+2,59+2,56+2,66+2,70+2,70+2,70+2,66+2,68+2,76+2,76+2,76+2,68+2,16+2,https://cdn.sofifa.net/players/256/008/26_120.png
258490,/player/258490/chadi-riad/260004/,26,4,2025-09-19,C. Riad,Chadi Riad Dnanouشادي رياض دنانو,CB,72,81,4900000,40000,22,2003-06-17,190,78,13,Premier League,1,1799,Crystal Palace,RES,34,,2024-06-14,2029,129,Morocco,,,,Left,3,2,1,,Stocky (185+),No,10300000,,,60,32,57,61,71,72,42,27,73,75,34,57,65,28,65,68,56,64,60,67,58,42,78,59,78,32,74,68,28,41,46,54,69,75,73,10,12,9,8,10,,51+2,51+2,51+2,52+0,52+0,52+0,52+0,52+0,55+2,55+2,55+2,55+2,60+2,60+2,60+2,55+2,65+2,69+2,69+2,69+2,65+2,66+2,72+2,72+2,72+2,66+2,16+2,https://cdn.sofifa.net/players/258/490/26_120.png
269181,/player/269181/diego-coppola/260004/,26,4,2025-09-19,D. Coppola,Diego Coppola,CB,74,81,8000000,43000,21,2003-12-28,192,78,13,Premier League,1,1808,Brighton & Hove Albion,SUB,42,,2021-12-12,2027,27,Italy,,,,Right,3,2,1,,Normal (185+),No,16800000,,"Intercept, Aerial Fortress",52,40,56,60,75,72,40,36,74,70,29,61,47,36,62,65,52,52,42,74,46,59,74,68,72,31,76,75,35,52,44,58,76,75,74,10,8,7,14,5,,54+2,54+2,54+2,53+0,55+0,55+0,55+0,53+0,56+2,56+2,56+2,56+2,62+2,62+2,62+2,56+2,66+2,71+2,71+2,71+2,66+2,67+2,74+2,74+2,74+2,67+2,16+2,https://cdn.sofifa.net/players/269/181/26_120.png
231633,/player/231633/issa-diop/260004/,26,4,2025-09-19,I. Diop,Issa Laye Lucas Jean Diop,CB,76,77,7000000,66000,28,1997-01-09,194,92,13,Premier League,1,144,Fulham FC,SUB,31,,2022-08-10,2027,18,France,,,,Right,3,2,2,,Normal (185+),Yes,13800000,"#Aerial threat, #Strength",Bruiser,57,37,53,55,77,78,37,30,77,68,48,52,32,34,63,59,49,63,52,75,33,51,82,60,87,31,78,77,42,43,44,65,77,76,75,10,7,6,14,9,,54+2,54+2,54+2,51+0,52+0,52+0,52+0,51+0,53+2,53+2,53+2,53+2,59+2,59+2,59+2,53+2,65+2,70+2,70+2,70+2,65+2,67+2,76+1,76+1,76+1,67+2,17+2,https://cdn.sofifa.net/players/231/633/26_120.png
74759,/player/74759/gustavo-nunes-fernandes-gomes/260004/,26,4,2025-09-19,Gustavo Nunes,Gustavo Nunes Fernandes Gomes,"LM, RM, LW",65,81,1800000,12000,19,2005-11-20,173,65,13,Premier League,1,1925,Brentford,RES,39,,2024-08-28,2030,54,Brazil,,,,Right,3,3,1,,Lean (170-185),No,4500000,,,81,61,58,69,31,49,61,60,51,59,53,70,57,41,48,64,85,78,80,59,83,62,62,60,46,63,38,27,61,63,59,63,28,31,31,7,14,11,12,12,,62+2,62+2,62+2,66+0,64+0,64+0,64+0,66+0,64+2,64+2,64+2,64+2,57+2,57+2,57+2,64+2,51+2,45+2,45+2,45+2,51+2,49+2,40+2,40+2,40+2,49+2,16+2,https://cdn.sofifa.net/players/074/759/26_120.png
243390,/player/243390/ian-poveda/260004/,26,4,2025-09-19,I. Poveda,Ian Carlo Poveda-Ocampo,"RM, CAM, RW",69,72,1800000,25000,25,2000-02-09,167,64,13,Premier League,1,106,Sunderland,RES,49,,2024-07-25,2027,56,Colombia,,,,Left,3,3,1,,Normal (170-),Yes,3600000,,,76,57,62,74,33,53,65,61,27,64,50,74,58,55,52,72,84,70,82,66,88,54,57,55,56,51,41,27,66,66,51,65,35,36,31,7,9,7,8,11,,61+2,61+2,61+2,69+0,66+0,66+0,66+0,69+0,67+2,67+2,67+2,68+2,60+2,60+2,60+2,68+2,53+2,49+2,49+2,49+2,53+2,50+2,41+2,41+2,41+2,50+2,15+2,https://cdn.sofifa.net/players/243/390/26_120.png
207616,/player/207616/adam-webster/260004/,26,4,2025-09-19,A. Webster,Adam Harry Webster,CB,75,75,4600000,67000,30,1995-01-04,191,75,13,Premier League,1,1808,Brighton & Hove Albion,RES,4,,2019-08-03,2026,14,England,,,,Right,3,2,1,,Normal (185+),Yes,8700000,,Anticipate,54,31,60,67,76,72,50,30,77,74,27,68,27,25,71,71,52,55,50,75,57,37,80,55,79,32,75,75,26,55,24,78,76,76,75,10,8,14,7,12,,52+2,52+2,52+2,56+0,55+0,55+0,55+0,56+0,58+2,58+2,58+2,59+2,64+2,64+2,64+2,59+2,67+2,72+2,72+2,72+2,67+2,69+2,75+0,75+0,75+0,69+2,17+2,https://cdn.sofifa.net/players/207/616/26_120.png
264702,/player/264702/kota-takai/260004/,26,4,2025-09-19,K. Takai,Kota Takai高井 幸大,CB,72,79,4300000,39000,20,2004-09-04,192,90,13,Premier League,1,18,Tottenham Hotspur,RES,25,,2025-07-08,2030,163,Japan,,,,Right,3,2,1,,Normal (185+),No,9000000,,,66,32,55,62,72,69,39,28,74,67,33,65,40,28,60,62,64,68,51,70,54,41,81,55,76,30,68,71,35,57,35,66,72,73,71,15,13,5,12,8,,52+2,52+2,52+2,54+0,54+0,54+0,54+0,54+0,56+2,56+2,56+2,57+2,60+2,60+2,60+2,57+2,64+2,67+2,67+2,67+2,64+2,66+2,72+2,72+2,72+2,66+2,18+2,https://cdn.sofifa.net/players/264/702/26_120.png
77354,/player/77354/chido-obi/260004/,26,4,2025-09-19,C. Obi,Chidozie Obi-Martin,ST,65,84,1800000,12000,17,2007-11-29,188,81,13,Premier League,1,11,Manchester United,RES,32,,2024-10-05,2028,13,Denmark,,,,Right,4,2,1,,Lean (185+),No,4500000,,,71,64,56,63,28,60,55,67,63,57,63,62,59,62,48,61,72,70,71,62,60,66,74,58,69,57,36,23,66,57,65,64,23,26,24,7,10,9,9,6,,65+2,65+2,65+2,63+0,63+0,63+0,63+0,63+0,61+2,61+2,61+2,61+2,55+2,55+2,55+2,61+2,47+2,43+2,43+2,43+2,47+2,45+2,41+2,41+2,41+2,45+2,14+2,https://cdn.sofifa.net/players/077/354/26_120.png
261025,/player/261025/dane-scarlett/260004/,26,4,2025-09-19,D. Scarlett,Dane Pharrell Scarlett,"ST, LW, LM",65,78,1800000,18000,21,2004-03-24,179,73,13,Premier League,1,18,Tottenham Hotspur,RES,44,,2020-11-26,2027,14,England,,,,Right,4,3,1,,Lean (170-185),Yes,4500000,,Technical,75,63,52,66,23,63,48,66,67,57,59,64,52,43,44,65,78,73,78,61,71,64,77,64,64,57,57,22,65,55,67,64,17,16,18,12,8,7,5,14,,65+2,65+2,65+2,63+0,64+0,64+0,64+0,63+0,62+2,62+2,62+2,62+2,54+2,54+2,54+2,62+2,45+2,42+2,42+2,42+2,45+2,43+2,39+2,39+2,39+2,43+2,15+2,https://cdn.sofifa.net/players/261/025/26_120.png
237658,/player/237658/santiago-bueno/260004/,26,4,2025-09-19,S. Bueno,Santiago Ignacio Bueno Sciutto,CB,76,79,8500000,54000,26,1998-11-09,190,76,13,Premier League,1,110,Wolverhampton Wanderers,SUB,4,,2023-08-31,2028,60,Uruguay,,,,Right,3,2,1,,Lean (185+),Yes,16800000,,,50,31,56,56,77,77,30,20,76,73,20,47,36,35,68,69,52,49,44,76,49,56,79,73,79,30,77,78,30,53,40,69,77,77,75,5,8,9,13,10,,50+2,50+2,50+2,49+0,51+0,51+0,51+0,49+0,54+2,54+2,54+2,53+2,63+2,63+2,63+2,53+2,66+2,74+2,74+2,74+2,66+2,68+2,76+2,76+2,76+2,68+2,16+2,https://cdn.sofifa.net/players/237/658/26_120.png
256666,/player/256666/yerson-mosquera/260004/,26,4,2025-09-19,Y. Mosquera,Yerson Mosquera Valdelamar,CB,72,78,3400000,34000,24,2001-05-02,188,84,13,Premier League,1,110,Wolverhampton Wanderers,SUB,15,,2021-06-17,2030,56,Colombia,,,,Right,3,2,1,,Normal (185+),Yes,7100000,,,80,30,50,52,71,73,35,20,70,65,31,41,40,29,54,63,76,83,57,68,55,45,83,61,78,35,75,70,35,45,37,65,70,72,71,8,7,8,10,8,,50+2,50+2,50+2,50+0,51+0,51+0,51+0,50+0,52+2,52+2,52+2,53+2,56+2,56+2,56+2,53+2,64+2,66+2,66+2,66+2,64+2,67+2,72+2,72+2,72+2,67+2,15+2,https://cdn.sofifa.net/players/256/666/26_120.png
74133,/player/74133/jaydee-canvot/260004/,26,4,2025-09-19,J. Canvot,Jaydee Canvot,"CB, CDM, CM",70,82,3500000,24000,18,2006-07-29,188,79,13,Premier League,1,1799,Crystal Palace,SUB,23,,2025-09-02,2029,18,France,,,,Right,3,2,1,,Normal (185+),No,7400000,,,70,32,56,57,69,73,43,29,70,68,25,55,41,26,59,64,64,75,47,62,48,44,77,69,76,26,70,68,39,58,44,59,63,74,69,7,7,11,15,10,,52+2,52+2,52+2,53+0,53+0,53+0,53+0,53+0,56+2,56+2,56+2,57+2,60+2,60+2,60+2,57+2,64+2,67+2,67+2,67+2,64+2,66+2,70+2,70+2,70+2,66+2,16+2,https://cdn.sofifa.net/players/074/133/26_120.png
270617,/player/270617/alex-murphy/260004/,26,4,2025-09-19,A. Murphy,Alex Murphy,"LB, CB, LM",64,78,1400000,16000,21,2004-06-25,188,76,13,Premier League,1,13,Newcastle United,RES,37,,2022-07-09,2028,25,Republic of Ireland,,,,Left,4,2,1,,Normal (185+),No,3500000,,,64,41,53,57,63,71,55,40,59,59,39,55,49,35,55,58,63,65,59,63,59,47,71,65,74,36,70,62,41,44,42,56,63,64,62,13,7,10,11,7,,52+2,52+2,52+2,53+0,52+0,52+0,52+0,53+0,53+2,53+2,53+2,55+2,55+2,55+2,55+2,55+2,61+2,61+2,61+2,61+2,61+2,62+2,64+2,64+2,64+2,62+2,15+2,https://cdn.sofifa.net/players/270/617/26_120.png
270519,/player/270519/william-osula/260004/,26,4,2025-09-19,W. Osula,William Idamudia Daugaard Osula,ST,68,78,2700000,33000,21,2003-08-04,192,81,13,Premier League,1,13,Newcastle United,SUB,18,,2024-08-08,2028,13,Denmark,,,,Right,4,2,1,,Lean (185+),Yes,5700000,,,73,66,53,68,24,63,49,68,65,60,59,70,56,33,42,67,72,73,66,68,61,72,77,57,71,55,48,18,69,57,68,67,23,16,18,13,6,9,9,7,,68+2,68+2,68+2,65+0,67+0,67+0,67+0,65+0,64+2,64+2,64+2,63+2,56+2,56+2,56+2,63+2,45+2,42+2,42+2,42+2,45+2,43+2,40+2,40+2,40+2,43+2,15+2,https://cdn.sofifa.net/players/270/519/26_120.png
277705,/player/277705/yunus-emre-konak/260004/,26,4,2025-09-19,Y. Konak,Yunus Emre Konak,"CDM, CM, CB",62,78,975000,9000,19,2006-01-10,181,72,13,Premier League,1,1925,Brentford,RES,26,,2024-01-11,2029,48,Türkiye,,,,Right,2,2,1,,Lean (170-185),No,2500000,,,60,45,56,57,58,61,41,41,51,64,39,55,42,48,62,60,60,60,54,59,65,55,59,60,61,47,64,62,45,60,48,51,57,58,60,15,12,14,11,13,,52+2,52+2,52+2,54+0,55+0,55+0,55+0,54+0,56+2,56+2,56+2,55+2,59+2,59+2,59+2,55+2,58+2,61+2,61+2,61+2,58+2,58+2,59+2,59+2,59+2,58+2,18+2,https://cdn.sofifa.net/players/277/705/26_120.png
243908,/player/243908/daniel-ballard/260004/,26,4,2025-09-19,D. Ballard,Daniel George Ballard,CB,73,78,4000000,37000,25,1999-09-22,187,85,13,Premier League,1,106,Sunderland,SUB,5,,2022-06-30,2028,35,Northern Ireland,110081,SUB,20,Right,3,2,1,,Stocky (185+),No,7900000,#Strength,,60,30,53,57,72,81,31,25,72,64,31,56,28,30,69,59,55,64,50,68,48,44,82,68,88,26,79,70,36,58,37,61,72,74,72,13,7,7,8,7,,50+2,50+2,50+2,50+0,51+0,51+0,51+0,50+0,54+2,54+2,54+2,54+2,60+2,60+2,60+2,54+2,63+2,69+2,69+2,69+2,63+2,65+2,73+2,73+2,73+2,65+2,15+2,https://cdn.sofifa.net/players/243/908/26_120.png
240867,/player/240867/ajibola-alese/260004/,26,4,2025-09-19,A. Alese,Ajibola Joshua Odunayo Afolarin Alese,"LB, CB",66,73,1600000,15000,24,2001-01-17,191,78,13,Premier League,1,106,Sunderland,RES,42,,2022-07-15,2027,14,England,,,,Left,3,2,1,,Normal (185+),Yes,3400000,,,75,33,52,60,66,74,56,26,62,61,34,63,40,27,51,58,71,79,56,59,58,43,80,67,80,35,65,65,43,40,28,64,67,68,63,14,6,14,10,6,,51+2,51+2,51+2,55+0,52+0,52+0,52+0,55+0,53+2,53+2,53+2,57+2,55+2,55+2,55+2,57+2,64+2,62+2,62+2,62+2,64+2,64+2,67+2,67+2,67+2,64+2,15+2,https://cdn.sofifa.net/players/240/867/26_120.png
252316,/player/252316/hjalmar-ekdal/260004/,26,4,2025-09-19,H. Ekdal,Hjalmar Ekdal,CB,72,74,2600000,35000,26,1998-10-21,188,76,13,Premier League,1,1796,Burnley,RCB,18,,2023-01-21,2027,46,Sweden,1363,SUB,24,Right,2,2,1,,Lean (185+),Yes,5100000,,,53,33,53,63,72,76,29,30,70,67,36,59,28,26,64,64,49,56,69,70,55,43,74,67,81,28,74,70,37,55,28,72,72,73,71,5,12,12,6,12,,51+2,51+2,51+2,52+0,53+0,53+0,53+0,52+0,56+2,56+2,56+2,54+2,61+2,61+2,61+2,54+2,62+2,69+2,69+2,69+2,62+2,64+2,72+2,72+2,72+2,64+2,16+2,https://cdn.sofifa.net/players/252/316/26_120.png
81319,/player/81319/veljko-milosavljevic/260004/,26,4,2025-09-19,V. Milosavljević,Veljko Milosavljević,CB,70,84,3500000,21000,18,2007-06-28,192,87,13,Premier League,1,1943,AFC Bournemouth,SUB,44,,2025-09-01,2030,51,Serbia,,,,Right,2,2,1,,Normal (185+),No,8800000,,,53,39,54,55,69,75,41,30,68,64,35,55,50,33,59,59,52,54,42,67,41,65,75,64,83,37,70,68,31,54,42,63,69,70,69,8,6,11,9,8,,52+2,52+2,52+2,50+0,51+0,51+0,51+0,50+0,53+2,53+2,53+2,53+2,58+2,58+2,58+2,53+2,62+2,66+2,66+2,66+2,62+2,63+2,70+2,70+2,70+2,63+2,14+2,https://cdn.sofifa.net/players/081/319/26_120.png
272983,/player/272983/jaydon-banel/260004/,26,4,2025-09-19,J. Banel,Jaydon Amauri Banel,"LM, LW, RW",64,77,1400000,10000,20,2004-10-19,172,65,13,Premier League,1,1796,Burnley,RES,34,,2025-02-03,2029,34,Netherlands,,,,Right,3,3,1,,Lean (170-185),No,3500000,,,79,56,57,67,29,47,58,56,45,60,55,67,55,54,48,66,80,78,76,58,82,61,59,51,51,52,29,24,60,58,55,58,26,30,32,14,10,13,12,12,,60+2,60+2,60+2,64+0,62+0,62+0,62+0,64+0,62+2,62+2,62+2,63+2,55+2,55+2,55+2,63+2,49+2,44+2,44+2,44+2,49+2,47+2,39+2,39+2,39+2,47+2,17+2,https://cdn.sofifa.net/players/272/983/26_120.png
74145,/player/74145/sam-chambers/260004/,26,4,2025-09-19,S. Chambers,Samuel Nicholas Chambers,"CAM, RM, CM",61,78,825000,5000,17,2007-08-18,183,68,13,Premier League,1,8,Leeds United,RES,42,,2025-07-01,2028,42,Scotland,,,,Right,3,3,1,,Lean (170-185),No,2100000,,,73,57,60,62,45,50,56,59,40,66,41,60,44,45,59,62,74,73,68,56,67,59,51,52,52,54,42,48,57,60,58,59,43,47,45,6,13,9,6,7,,58+2,58+2,58+2,62+0,61+0,61+0,61+0,62+0,61+2,61+2,61+2,61+2,59+2,59+2,59+2,61+2,55+2,53+2,53+2,53+2,55+2,54+2,48+2,48+2,48+2,54+2,13+2,https://cdn.sofifa.net/players/074/145/26_120.png
253969,/player/253969/leo-hjelde/260004/,26,4,2025-09-19,L. Hjelde,Leo Fuhr Hjelde,"LB, CB, LM",66,76,1800000,12000,21,2003-08-26,188,75,13,Premier League,1,106,Sunderland,RES,33,,2024-01-30,2028,36,Norway,,,,Left,3,2,1,,Normal (185+),No,3800000,,,67,32,55,60,66,67,60,32,65,61,30,59,44,28,57,63,62,71,59,63,43,29,73,56,74,31,62,65,50,46,36,59,66,66,64,10,13,11,9,8,,51+2,51+2,51+2,56+0,53+0,53+0,53+0,56+0,55+2,55+2,55+2,58+2,57+2,57+2,57+2,58+2,63+2,62+2,62+2,62+2,63+2,64+2,66+2,66+2,66+2,64+2,16+2,https://cdn.sofifa.net/players/253/969/26_120.png
75087,/player/75087/ayden-heaven/260004/,26,4,2025-09-19,A. Heaven,Ayden Edford Heaven,"CB, LB",69,84,3000000,21000,18,2006-09-22,189,84,13,Premier League,1,11,Manchester United,SUB,26,,2025-02-01,2029,14,England,,,,Left,3,2,1,,Normal (185+),No,7600000,,,69,28,52,59,69,71,39,24,67,62,27,60,44,30,55,58,69,69,56,67,51,35,77,61,76,26,70,68,35,52,41,67,70,70,69,6,9,6,7,8,,49+2,49+2,49+2,52+0,51+0,51+0,51+0,52+0,53+2,53+2,53+2,55+2,56+2,56+2,56+2,55+2,63+2,65+2,65+2,65+2,63+2,64+2,69+2,69+2,69+2,64+2,14+2,https://cdn.sofifa.net/players/075/087/26_120.png
202750,/player/202750/willy-boly/260004/,26,4,2025-09-19,W. Boly,Willy-Arnaud Zobo Boly,CB,73,73,1000000,56000,34,1991-02-03,195,97,13,Premier League,1,14,Nottingham Forest,SUB,30,,2022-09-01,2026,108,Côte d'Ivoire,,,,Right,4,2,1,,Normal (185+),Yes,1900000,"#Aerial threat, #Strength",,34,36,59,55,74,71,50,32,75,67,24,54,46,35,64,61,34,34,33,72,34,54,68,34,88,23,74,72,45,61,57,79,75,74,73,7,8,15,10,9,,52+2,52+2,52+2,50+0,52+0,52+0,52+0,50+0,54+2,54+2,54+2,53+2,59+2,59+2,59+2,53+2,60+2,68+2,68+2,68+2,60+2,62+2,73+0,73+0,73+0,62+2,16+2,https://cdn.sofifa.net/players/202/750/26_120.png
274377,/player/274377/enso-gonzalez/260004/,26,4,2025-09-19,E. González,Enso David Gonzalez Medina,"LW, RW, CAM, LM",63,77,1200000,11000,20,2005-01-20,169,69,13,Premier League,1,110,Wolverhampton Wanderers,RES,30,,2023-08-31,2029,58,Paraguay,,,,Left,2,4,1,,Normal (170-),Yes,3000000,,Trickster,80,52,58,69,35,40,53,51,41,63,44,71,40,42,60,66,85,75,76,53,82,56,47,49,33,54,44,26,53,63,48,51,34,36,47,13,12,12,9,8,,56+2,56+2,56+2,63+0,62+0,62+0,62+0,63+0,63+2,63+2,63+2,63+2,58+2,58+2,58+2,63+2,51+2,47+2,47+2,47+2,51+2,49+2,41+2,41+2,41+2,49+2,15+2,https://cdn.sofifa.net/players/274/377/26_120.png
202811,/player/202811/emiliano-martinez/260004/,26,4,2025-09-19,E. Martínez,Damián Emiliano Martínez Romero,GK,85,85,26500000,105000,32,1992-09-02,195,88,13,Premier League,1,2,Aston Villa,GK,23,,2020-09-16,2029,52,Argentina,1369,GK,23,Right,4,1,3,,Stocky (185+),Yes,50400000,,"Footwork, Rush Out",,,,,,,22,16,26,61,13,24,22,20,59,43,55,57,54,81,49,62,79,40,78,16,40,21,12,67,43,69,25,20,20,83,82,82,85,85,56,38+3,38+3,38+3,39+0,41+0,41+0,41+0,39+0,45+3,45+3,45+3,43+3,47+3,47+3,47+3,43+3,37+3,43+3,43+3,43+3,37+3,36+3,37+3,37+3,37+3,36+3,83+2,https://cdn.sofifa.net/players/202/811/26_120.png
204935,/player/204935/jordan-pickford/260004/,26,4,2025-09-19,J. Pickford,Jordan Lee Pickford,GK,84,84,22500000,45000,31,1994-03-07,185,77,13,Premier League,1,7,Everton,GK,1,,2017-06-15,2027,14,England,1318,GK,1,Left,4,1,3,,Normal (185+),Yes,42800000,,"Long Ball Pass, Far Throw, Footwork",,,,,,,17,19,18,59,20,20,18,16,61,42,57,47,59,82,55,66,75,40,72,13,45,26,18,69,48,65,21,20,12,84,78,88,81,87,53,38+3,38+3,38+3,38+0,41+0,41+0,41+0,38+0,45+3,45+3,45+3,42+3,47+3,47+3,47+3,42+3,35+3,43+3,43+3,43+3,35+3,34+3,35+3,35+3,35+3,34+3,83+1,https://cdn.sofifa.net/players/204/935/26_120.png
77593,/player/77593/mateus-bula-dami-mane/260004/,26,4,2025-09-19,Mateus Mané,Mateus Bula Dami Mané,"RW, ST, RM",60,79,625000,5000,17,2007-09-16,175,71,13,Premier League,1,110,Wolverhampton Wanderers,RES,36,,2025-07-01,2027,14,England,,,,Right,3,3,1,,Lean (170-185),No,1600000,,,75,59,49,61,27,61,46,62,55,53,56,61,45,39,47,60,73,77,64,57,68,60,69,55,63,53,59,21,60,52,57,56,24,28,19,10,7,8,5,15,,61+2,61+2,61+2,60+0,60+0,60+0,60+0,60+0,58+2,58+2,58+2,58+2,52+2,52+2,52+2,58+2,44+2,42+2,42+2,42+2,44+2,42+2,40+2,40+2,40+2,42+2,14+2,https://cdn.sofifa.net/players/077/593/26_120.png
273927,/player/273927/enock-agyei/260004/,26,4,2025-09-19,E. Agyei,Enock Atta Agyei,"RM, RW",63,75,1200000,9000,20,2005-01-13,172,68,13,Premier League,1,1796,Burnley,RES,48,,2023-01-31,2027,7,Belgium,,,,Left,2,3,1,,Lean (170-185),Yes,2500000,,,77,54,56,66,24,55,59,55,31,57,49,66,55,39,50,64,78,77,79,55,80,56,55,60,56,50,44,18,57,59,51,56,22,28,25,9,7,13,7,15,,57+2,57+2,57+2,62+0,60+0,60+0,60+0,62+0,61+2,61+2,61+2,62+2,54+2,54+2,54+2,62+2,47+2,43+2,43+2,43+2,47+2,44+2,36+2,36+2,36+2,44+2,15+2,https://cdn.sofifa.net/players/273/927/26_120.png
71493,/player/71493/harrison-jones/260004/,26,4,2025-09-19,H. Jones,Harrison Jones,"CAM, CM",59,74,550000,6000,20,2004-12-25,175,68,13,Premier League,1,106,Sunderland,SUB,50,,2024-03-08,2026,14,England,,,,Left,3,3,1,,Lean (170-185),No,1400000,,,68,52,56,60,36,46,53,53,37,59,50,58,54,52,53,59,69,67,71,58,76,51,42,52,45,52,40,35,56,59,48,57,36,38,35,14,14,6,9,11,,54+2,54+2,54+2,59+0,58+0,58+0,58+0,59+0,59+2,59+2,59+2,58+2,55+2,55+2,55+2,58+2,50+2,47+2,47+2,47+2,50+2,48+2,41+2,41+2,41+2,48+2,17+2,https://cdn.sofifa.net/players/071/493/26_120.png
269233,/player/269233/tyler-fredricson/260004/,26,4,2025-09-19,T. Fredricson,Tyler Fredricson,CB,65,78,1600000,13000,20,2005-02-23,188,81,13,Premier League,1,11,Manchester United,SUB,33,,2025-07-01,2027,14,England,,,,Right,3,2,1,,Lean (185+),No,4000000,,,65,29,48,56,65,68,37,22,63,58,20,57,44,31,50,55,66,64,56,62,53,46,73,57,72,28,69,64,32,46,35,54,65,66,64,11,10,12,13,7,,47+2,47+2,47+2,49+0,48+0,48+0,48+0,49+0,50+2,50+2,50+2,51+2,52+2,52+2,52+2,51+2,59+2,60+2,60+2,60+2,59+2,60+2,65+2,65+2,65+2,60+2,16+2,https://cdn.sofifa.net/players/269/233/26_120.png
278919,/player/278919/romelle-donovan/260004/,26,4,2025-09-19,R. Donovan,Romelle Donovan,"RM, CAM, RW",61,75,750000,8000,18,2006-11-30,171,67,13,Premier League,1,1925,Brentford,RES,45,,2025-07-01,2030,14,England,,,,Left,3,4,1,,Lean (170-185),No,1900000,,,79,55,55,65,29,45,56,53,39,58,44,63,46,38,47,61,80,79,85,56,85,60,46,53,42,58,40,23,56,59,43,54,28,32,26,8,13,11,6,10,,56+2,56+2,56+2,62+0,60+0,60+0,60+0,62+0,60+2,60+2,60+2,60+2,54+2,54+2,54+2,60+2,48+2,43+2,43+2,43+2,48+2,45+2,37+2,37+2,37+2,45+2,14+2,https://cdn.sofifa.net/players/278/919/26_120.png
203487,/player/203487/jamaal-lascelles/260004/,26,4,2025-09-19,J. Lascelles,Jamaal Lascelles,CB,73,73,2100000,69000,31,1993-11-11,188,83,13,Premier League,1,13,Newcastle United,RES,6,,2014-08-09,2026,14,England,,,,Right,3,2,1,,Stocky (185+),Yes,4000000,,,37,35,51,50,74,71,46,34,75,64,33,41,37,16,59,60,38,37,47,68,45,51,83,34,84,27,81,74,23,40,20,60,73,74,72,10,15,7,10,15,,48+2,48+2,48+2,45+0,45+0,45+0,45+0,45+0,47+2,47+2,47+2,47+2,53+2,53+2,53+2,47+2,59+2,66+2,66+2,66+2,59+2,61+2,73+0,73+0,73+0,61+2,18+2,https://cdn.sofifa.net/players/203/487/26_120.png
230708,/player/230708/joe-worrall/260004/,26,4,2025-09-19,J. Worrall,Joseph Adrian Worrall,CB,73,73,2600000,41000,28,1997-01-10,190,90,13,Premier League,1,1796,Burnley,SUB,4,,2024-08-22,2028,14,England,,,,Right,2,2,1,,Normal (185+),Yes,4900000,,,48,25,51,45,75,76,39,20,75,68,30,35,27,29,68,54,46,50,43,68,46,34,77,65,83,22,72,73,27,30,35,63,76,74,75,11,11,5,9,14,,44+2,44+2,44+2,42+0,42+0,42+0,42+0,42+0,45+2,45+2,45+2,47+2,54+2,54+2,54+2,47+2,62+2,68+2,68+2,68+2,62+2,65+2,73+0,73+0,73+0,65+2,17+2,https://cdn.sofifa.net/players/230/708/26_120.png
212831,/player/212831/alisson-ramses-becker/260004/,26,4,2025-09-19,Alisson,Alisson Ramsés Becker,GK,89,89,51000000,140000,32,1992-10-02,193,91,13,Premier League,1,9,Liverpool,GK,1,,2018-07-19,2027,54,Brazil,,,,Right,3,1,5,,Unique,Yes,94400000,,"Rush Out +, Far Throw, Deflector",,,,,,,17,13,29,60,20,27,19,18,58,42,60,49,40,87,37,65,82,32,78,14,27,11,13,66,23,66,15,19,16,86,85,86,90,89,56,39+3,39+3,39+3,39+0,42+0,42+0,42+0,39+0,45+3,45+3,45+3,42+3,46+3,46+3,46+3,42+3,34+3,39+3,39+3,39+3,34+3,33+3,33+3,33+3,33+3,33+3,87+2,https://cdn.sofifa.net/players/212/831/26_120.png
278146,/player/278146/benjamin-arthur/260004/,26,4,2025-09-19,B. Arthur,Benjamin Arthur,CB,62,80,975000,9000,19,2005-10-09,192,85,13,Premier League,1,1925,Brentford,RES,43,,2025-07-04,2031,14,England,,,,Right,3,2,1,,Normal (185+),No,2500000,,,64,32,44,52,61,68,39,28,61,55,28,48,39,24,44,53,62,65,58,58,60,39,75,54,78,30,61,60,33,37,44,55,61,62,61,11,10,12,9,10,,46+2,46+2,46+2,47+0,46+0,46+0,46+0,47+0,47+2,47+2,47+2,48+2,48+2,48+2,48+2,48+2,56+2,57+2,57+2,57+2,56+2,58+2,62+2,62+2,62+2,58+2,15+2,https://cdn.sofifa.net/players/278/146/26_120.png
220901,/player/220901/david-raya-martin/260004/,26,4,2025-09-19,David Raya,David Raya Martín,GK,87,87,54500000,145000,29,1995-09-15,183,75,13,Premier League,1,1,Arsenal,GK,1,,2024-07-04,2028,45,Spain,1362,SUB,1,Right,3,1,4,,Normal (170-185),Yes,100800000,,"Cross Claimer +, Footwork",,,,,,,12,19,20,62,20,19,18,15,67,43,64,59,68,84,45,65,64,31,38,14,29,11,15,68,26,68,28,14,13,86,84,87,85,87,62,38+3,38+3,38+3,40+0,42+0,42+0,42+0,40+0,47+3,47+3,47+3,42+3,47+3,47+3,47+3,42+3,34+3,40+3,40+3,40+3,34+3,33+3,29+3,29+3,29+3,33+3,85+2,https://cdn.sofifa.net/players/220/901/26_120.png
273898,/player/273898/joe-anderson/260004/,26,4,2025-09-19,J. Anderson,Joseph William Anderson,CB,63,70,900000,10000,24,2001-02-06,185,81,13,Premier League,1,106,Sunderland,RES,45,,2023-01-31,2026,14,England,,,,Left,2,2,1,,Lean (185+),No,1900000,,,53,35,48,50,63,64,47,32,61,56,37,48,37,36,48,52,46,58,42,61,51,44,63,49,69,30,72,62,38,41,42,54,63,63,62,7,15,6,14,6,,47+2,47+2,47+2,47+0,47+0,47+0,47+0,47+0,47+2,47+2,47+2,48+2,50+2,50+2,50+2,48+2,56+2,58+2,58+2,58+2,56+2,57+2,63+2,63+2,63+2,57+2,16+2,https://cdn.sofifa.net/players/273/898/26_120.png
247601,/player/247601/rhys-williams/260004/,26,4,2025-09-19,R. Williams,Rhys Williams,CB,61,67,475000,12000,24,2001-02-03,195,76,13,Premier League,1,9,Liverpool,RES,46,,2019-02-26,2026,14,England,,,,Right,2,2,1,,Lean (185+),Yes,974000,,Long Throw,64,35,48,52,60,65,32,36,61,59,37,53,31,31,56,50,62,66,50,58,47,43,63,51,73,27,65,60,27,48,41,59,61,60,59,5,14,5,12,14,,48+2,48+2,48+2,48+0,48+0,48+0,48+0,48+0,49+2,49+2,49+2,50+2,51+2,51+2,51+2,50+2,55+2,58+2,58+2,58+2,55+2,56+2,61+2,61+2,61+2,56+2,16+2,https://cdn.sofifa.net/players/247/601/26_120.png
278578,/player/278578/jonah-kusi-asare/260004/,26,4,2025-09-19,J. Kusi-Asare,Jonah Daniel Kusi-Asare,ST,60,82,775000,5000,17,2007-07-04,196,84,13,Premier League,1,144,Fulham FC,RES,18,FC Bayern München,,2026,46,Sweden,,,,Right,3,2,1,,Lean (185+),No,,,,61,59,40,59,26,66,25,63,66,44,47,59,32,34,42,61,55,66,59,56,55,57,74,54,77,55,49,21,56,50,56,55,17,25,23,10,13,14,5,14,,60+2,60+2,60+2,54+0,57+0,57+0,57+0,54+0,55+2,55+2,55+2,52+2,49+2,49+2,49+2,52+2,39+2,40+2,40+2,40+2,39+2,38+2,40+2,40+2,40+2,38+2,16+2,https://cdn.sofifa.net/players/278/578/26_120.png
274219,/player/274219/ahmed-abdullahi/260004/,26,4,2025-09-19,A. Abdullahi,Ahmed Abdullahi,ST,58,72,500000,7000,21,2004-06-19,181,75,13,Premier League,1,106,Sunderland,RES,29,,2024-08-30,2028,133,Nigeria,,,,Right,3,3,1,,Normal (170-185),No,1300000,,,80,58,41,60,18,54,38,59,48,45,57,59,45,42,32,57,77,83,71,55,68,59,65,50,61,54,40,17,57,40,58,52,10,19,11,9,10,14,12,9,,58+2,58+2,58+2,57+0,57+0,57+0,57+0,57+0,54+2,54+2,54+2,54+2,45+2,45+2,45+2,54+2,39+2,34+2,34+2,34+2,39+2,37+2,33+2,33+2,33+2,37+2,15+2,https://cdn.sofifa.net/players/274/219/26_120.png
271235,/player/271235/owen-bevan/260004/,26,4,2025-09-19,O. Bevan,Owen Lucas Bevan,CB,62,72,825000,9000,21,2003-10-26,186,77,13,Premier League,1,1943,AFC Bournemouth,RES,35,,2021-03-01,2028,50,Wales,,,,Right,3,2,1,,Normal (185+),No,1700000,,,60,33,43,47,62,63,37,28,59,53,33,39,36,32,45,56,63,57,41,59,57,49,70,48,71,28,60,61,24,32,41,57,63,63,62,14,7,15,13,10,,45+2,45+2,45+2,43+0,43+0,43+0,43+0,43+0,43+2,43+2,43+2,45+2,47+2,47+2,47+2,45+2,55+2,57+2,57+2,57+2,55+2,57+2,62+2,62+2,62+2,57+2,16+2,https://cdn.sofifa.net/players/271/235/26_120.png
200159,/player/200159/stefan-ortega/260004/,26,4,2025-09-19,S. Ortega,Stefan Ortega Moreno,GK,79,79,8500000,71000,32,1992-11-06,185,88,13,Premier League,1,10,Manchester City,SUB,18,,2022-07-01,2026,21,Germany,,,,Right,4,1,3,,Normal (185+),Yes,15700000,,"Footwork, Far Reach",,,,,,,18,15,20,50,13,26,30,12,60,41,51,53,42,75,54,64,73,33,73,12,29,27,10,66,24,56,29,12,15,78,77,85,78,81,52,36+3,36+3,36+3,36+0,39+0,39+0,39+0,36+0,42+3,42+3,42+3,40+3,44+3,44+3,44+3,40+3,34+3,40+3,40+3,40+3,34+3,33+3,34+3,34+3,34+3,33+3,78+1,https://cdn.sofifa.net/players/200/159/26_120.png
74242,/player/74242/zach-abbott/260004/,26,4,2025-09-19,Z. Abbott,Zach MacFarlane Abbott,CB,60,77,600000,7000,19,2006-05-13,180,70,13,Premier League,1,14,Nottingham Forest,RES,44,,2022-08-22,2029,14,England,,,,Right,3,2,1,,Normal (170-185),No,1500000,,,58,32,48,48,60,60,31,29,58,59,29,40,34,31,55,56,57,58,53,55,52,44,62,57,61,29,62,58,29,46,30,58,59,62,61,12,6,11,13,13,,45+2,45+2,45+2,45+0,45+0,45+0,45+0,45+0,47+2,47+2,47+2,47+2,51+2,51+2,51+2,47+2,54+2,58+2,58+2,58+2,54+2,56+2,60+2,60+2,60+2,56+2,16+2,https://cdn.sofifa.net/players/074/242/26_120.png
266424,/player/266424/zak-johnson/260004/,26,4,2025-09-19,Z. Johnson,Zak Robert Johnson,CB,57,71,375000,6000,20,2004-07-30,188,78,13,Premier League,1,106,Sunderland,RES,41,,2024-07-06,2026,14,England,,,,Right,3,2,1,,Lean (185+),No,947000,,,60,28,40,52,56,64,45,25,59,46,22,46,30,31,29,51,66,55,71,52,78,29,68,60,70,28,54,55,43,36,39,38,54,58,53,14,11,14,8,12,,44+2,44+2,44+2,46+0,44+0,44+0,44+0,46+0,44+2,44+2,44+2,47+2,44+2,44+2,44+2,47+2,53+2,51+2,51+2,51+2,53+2,54+2,57+2,57+2,57+2,54+2,16+2,https://cdn.sofifa.net/players/266/424/26_120.png
70824,/player/70824/giovanni-leoni/260004/,26,4,2025-09-19,G. Leoni,Giovanni Leoni,CB,69,82,3000000,24000,18,2006-12-21,196,84,13,Premier League,1,9,Liverpool,SUB,15,,2025-08-15,2030,27,Italy,,,,Right,4,2,1,,Lean (185+),No,7400000,,,53,27,42,52,71,68,22,25,67,61,22,45,21,25,45,60,51,54,48,65,40,40,67,65,70,22,68,70,25,34,27,65,72,72,70,10,9,14,6,14,,45+2,45+2,45+2,44+0,45+0,45+0,45+0,44+0,46+2,46+2,46+2,46+2,51+2,51+2,51+2,46+2,59+2,63+2,63+2,63+2,59+2,62+2,69+2,69+2,69+2,62+2,16+2,https://cdn.sofifa.net/players/070/824/26_120.png
233934,/player/233934/aaron-ramsdale/260004/,26,4,2025-09-19,A. Ramsdale,Aaron Christopher Ramsdale,GK,77,79,9500000,34000,27,1998-05-14,191,77,13,Premier League,1,13,Newcastle United,SUB,32,Southampton,,2026,14,England,,,,Right,3,1,3,,Lean (185+),Yes,,,"Cross Claimer, Deflector",,,,,,,15,14,15,56,16,23,17,16,55,36,47,50,53,73,49,60,66,40,64,15,35,24,18,65,25,60,24,16,15,77,76,80,74,79,48,35+3,35+3,35+3,36+0,38+0,38+0,38+0,36+0,42+3,42+3,42+3,39+3,44+3,44+3,44+3,39+3,33+3,40+3,40+3,40+3,33+3,32+3,32+3,32+3,32+3,32+3,76+3,https://cdn.sofifa.net/players/233/934/26_120.png
193105,/player/193105/alphonse-areola/260004/,26,4,2025-09-19,A. Areola,Alphonse Francis Aréola,GK,77,77,5000000,39000,32,1993-02-27,195,94,13,Premier League,1,19,West Ham United,SUB,23,,2022-07-01,2027,18,France,,,,Right,3,1,3,,Unique,Yes,9500000,,"Far Throw, Footwork",,,,,,,20,19,14,48,16,15,16,16,55,22,56,54,58,74,58,56,75,38,79,14,26,23,17,59,25,64,13,18,12,78,75,74,76,78,55,34+3,34+3,34+3,33+0,35+0,35+0,35+0,33+0,38+3,38+3,38+3,36+3,39+3,39+3,39+3,36+3,31+3,36+3,36+3,36+3,31+3,30+3,31+3,31+3,31+3,30+3,76+1,https://cdn.sofifa.net/players/193/105/26_120.png
230621,/player/230621/gianluigi-donnarumma/260004/,26,4,2025-09-19,G. Donnarumma,Gianluigi Donnarumma,GK,89,91,97000000,150000,26,1999-02-25,196,90,13,Premier League,1,10,Manchester City,GK,25,,2025-09-02,2030,27,Italy,1343,GK,1,Right,3,1,4,,Unique,Yes,186700000,,"Deflector +, Footwork",,,,,,,12,12,12,36,8,28,12,14,34,30,50,55,57,87,38,53,73,41,75,18,30,26,14,60,24,54,21,14,16,90,83,70,87,90,52,33+3,33+3,33+3,34+0,36+0,36+0,36+0,34+0,38+3,38+3,38+3,36+3,38+3,38+3,38+3,36+3,32+3,35+3,35+3,35+3,32+3,31+3,32+3,32+3,32+3,31+3,87+3,https://cdn.sofifa.net/players/230/621/26_120.png
228789,/player/228789/robert-lynch-sanchez/260004/,26,4,2025-09-19,Robert Sánchez,Robert Lynch Sánchez,GK,78,78,11000000,60000,27,1997-11-18,197,90,13,Premier League,1,5,Chelsea,GK,1,,2023-08-05,2030,45,Spain,,,,Right,4,1,3,,Lean (185+),Yes,20900000,,"Footwork, Cross Claimer",,,,,,,13,12,15,52,12,20,13,13,50,45,55,65,45,74,35,56,75,40,77,12,35,15,12,55,17,55,20,17,15,79,77,75,77,79,59,35+3,35+3,35+3,36+0,38+0,38+0,38+0,36+0,41+3,41+3,41+3,39+3,42+3,42+3,42+3,39+3,33+3,38+3,38+3,38+3,33+3,32+3,32+3,32+3,32+3,32+3,77+1,https://cdn.sofifa.net/players/228/789/26_120.png
202617,/player/202617/vaclav-hladky/260004/,26,4,2025-09-19,V. Hladký,Václav Hladký,GK,69,69,240000,17000,34,1990-11-14,192,80,13,Premier League,1,1796,Burnley,RES,32,,2024-07-19,2026,12,Czechia,,,,Right,3,1,1,,Stocky (185+),No,456000,,,,,,,,,16,16,23,52,12,21,24,24,56,36,56,52,52,64,58,52,70,27,66,11,22,28,11,51,27,65,20,23,23,69,69,69,68,70,54,33+2,33+2,33+2,34+0,35+0,35+0,35+0,34+0,38+2,38+2,38+2,36+2,40+2,40+2,40+2,36+2,33+2,38+2,38+2,38+2,33+2,33+2,33+2,33+2,33+2,33+2,68+1,https://cdn.sofifa.net/players/202/617/26_120.png
192563,/player/192563/bernd-leno/260004/,26,4,2025-09-19,B. Leno,Bernd Leno,GK,80,80,7000000,58000,33,1992-03-04,189,83,13,Premier League,1,144,Fulham FC,GK,1,,2022-08-02,2027,21,Germany,,,,Right,3,1,3,,Normal (185+),Yes,13300000,,"Footwork, Rush Out",,,,,,,9,9,13,50,10,16,9,8,48,35,54,51,51,77,44,57,70,44,70,14,28,25,7,53,23,63,27,15,18,80,79,76,80,81,53,32+3,32+3,32+3,32+0,34+0,34+0,34+0,32+0,37+3,37+3,37+3,35+3,40+3,40+3,40+3,35+3,33+3,38+3,38+3,38+3,33+3,33+3,33+3,33+3,33+3,33+3,79+1,https://cdn.sofifa.net/players/192/563/26_120.png
240091,/player/240091/guglielmo-vicario/260004/,26,4,2025-09-19,G. Vicario,Guglielmo Vicario,GK,82,84,26000000,77000,28,1996-10-07,194,76,13,Premier League,1,18,Tottenham Hotspur,GK,1,,2023-07-01,2028,27,Italy,1343,SUB,14,Right,4,1,3,,Lean (185+),Yes,51400000,,Footwork,,,,,,,11,6,11,57,7,22,14,10,55,41,54,49,56,81,38,59,67,38,60,5,29,15,13,68,13,62,23,11,13,83,78,78,80,84,52,33+3,33+3,33+3,36+0,38+0,38+0,38+0,36+0,43+3,43+3,43+3,39+3,44+3,44+3,44+3,39+3,32+3,38+3,38+3,38+3,32+3,31+3,29+3,29+3,29+3,31+3,81+3,https://cdn.sofifa.net/players/240/091/26_120.png
263063,/player/263063/james-trafford/260004/,26,4,2025-09-19,J. Trafford,James Harrington Trafford,GK,76,84,14500000,41000,22,2002-10-10,197,90,13,Premier League,1,10,Manchester City,SUB,1,,2025-07-29,2030,14,England,1318,SUB,22,Right,3,1,1,,Lean (185+),Yes,29700000,,"Long Ball Pass, Far Throw, Footwork, Cross Claimer",,,,,,,17,8,15,56,9,23,23,12,53,33,54,52,52,75,51,54,64,40,55,9,28,20,14,60,16,64,21,16,19,77,74,72,74,78,53,32+2,32+2,32+2,35+0,36+0,36+0,36+0,35+0,40+2,40+2,40+2,38+2,42+2,42+2,42+2,38+2,34+2,38+2,38+2,38+2,34+2,32+2,30+2,30+2,30+2,32+2,75+2,https://cdn.sofifa.net/players/263/063/26_120.png
212442,/player/212442/jose-pedro-malheiro-de-sa/260004/,26,4,2025-09-19,José Sá,José Pedro Malheiro de Sá,GK,77,77,5000000,39000,32,1993-01-17,192,84,13,Premier League,1,110,Wolverhampton Wanderers,GK,1,,2021-07-15,2027,38,Portugal,1354,SUB,12,Right,2,1,2,,Normal (185+),Yes,9500000,,"Footwork, Rush Out",,,,,,,18,15,14,48,17,17,12,21,42,19,52,53,62,75,40,53,72,34,75,18,35,18,17,50,11,45,14,19,15,77,75,70,76,77,52,32+2,32+2,32+2,32+0,33+0,33+0,33+0,32+0,36+2,36+2,36+2,34+2,36+2,36+2,36+2,34+2,30+2,34+2,34+2,34+2,30+2,29+2,31+2,31+2,31+2,29+2,76+1,https://cdn.sofifa.net/players/212/442/26_120.png
233306,/player/233306/dean-henderson/260004/,26,4,2025-09-19,D. Henderson,Dean Bradley Henderson,GK,81,82,20500000,62000,28,1997-03-12,188,85,13,Premier League,1,1799,Crystal Palace,GK,1,,2023-08-31,2028,14,England,1318,SUB,13,Right,3,1,3,,Normal (185+),Yes,40500000,,Footwork,,,,,,,14,9,13,45,5,13,13,10,48,35,55,56,61,81,56,58,69,32,64,6,35,11,8,55,16,60,15,14,14,82,78,77,80,82,55,31+3,31+3,31+3,32+0,34+0,34+0,34+0,32+0,37+3,37+3,37+3,35+3,37+3,37+3,37+3,35+3,30+3,34+3,34+3,34+3,30+3,29+3,28+3,28+3,28+3,29+3,80+2,https://cdn.sofifa.net/players/233/306/26_120.png
199641,/player/199641/matz-sels/260004/,26,4,2025-09-19,M. Sels,Matz Willy Els Sels,GK,83,83,12000000,78000,33,1992-02-26,188,75,13,Premier League,1,14,Nottingham Forest,GK,26,,2024-02-01,2027,7,Belgium,,,,Right,2,1,3,,Normal (185+),No,22800000,,Far Reach,,,,,,,16,16,14,48,19,19,17,17,53,33,37,35,36,80,34,59,65,26,67,18,29,17,18,58,22,62,14,15,14,82,80,79,83,83,36,33+3,33+3,33+3,32+0,35+0,35+0,35+0,32+0,38+3,38+3,38+3,35+3,40+3,40+3,40+3,35+3,28+3,35+3,35+3,35+3,28+3,27+3,29+3,29+3,29+3,27+3,82+1,https://cdn.sofifa.net/players/199/641/26_120.png
206585,/player/206585/kepa-arrizabalaga/260004/,26,4,2025-09-19,Kepa,Kepa Arrizabalaga Revuelta,GK,79,79,11500000,76000,30,1994-10-03,189,89,13,Premier League,1,1,Arsenal,SUB,13,,2025-07-01,2028,45,Spain,,,,Right,4,1,2,,Lean (185+),Yes,21300000,,Footwork,,,,,,,13,11,15,60,10,20,20,15,60,33,38,42,45,77,38,62,60,35,55,10,20,20,10,60,23,62,20,17,18,77,78,82,77,81,40,32+2,32+2,32+2,32+0,35+0,35+0,35+0,32+0,40+2,40+2,40+2,36+2,43+2,43+2,43+2,36+2,32+2,38+2,38+2,38+2,32+2,30+2,29+2,29+2,29+2,30+2,78+1,https://cdn.sofifa.net/players/206/585/26_120.png
220407,/player/220407/martin-dubravka/260004/,26,4,2025-09-19,M. Dúbravka,Martin Dúbravka,GK,77,77,1200000,22000,36,1989-01-15,190,80,13,Premier League,1,1796,Burnley,GK,1,,2025-08-07,2026,43,Slovakia,,,,Right,2,1,2,,Normal (185+),Yes,2300000,,"Far Throw, Footwork, Cross Claimer",,,,,,,12,10,12,48,11,19,15,13,59,33,36,42,47,73,60,59,60,38,60,17,28,25,12,58,20,59,19,15,14,76,76,78,75,79,38,31+2,31+2,31+2,31+0,34+0,34+0,34+0,31+0,37+2,37+2,37+2,34+2,41+2,41+2,41+2,34+2,30+2,37+2,37+2,37+2,30+2,29+2,29+2,29+2,29+2,29+2,76+1,https://cdn.sofifa.net/players/220/407/26_120.png
230670,/player/230670/lucas-estella-perri/260004/,26,4,2025-09-19,Lucas Perri,Lucas Estella Perri,GK,81,85,27000000,44000,27,1997-12-10,197,98,13,Premier League,1,8,Leeds United,GK,1,,2025-07-26,2029,54,Brazil,,,,Right,2,1,3,,Normal (185+),No,53300000,,Far Throw,,,,,,,19,11,13,45,15,18,22,20,48,14,32,39,37,77,27,59,69,38,83,13,35,25,12,65,19,44,10,18,14,80,79,79,80,82,35,30+3,30+3,30+3,28+0,31+0,31+0,31+0,28+0,34+3,34+3,34+3,32+3,38+3,38+3,38+3,32+3,29+3,35+3,35+3,35+3,29+3,28+3,31+3,31+3,31+3,28+3,80+3,https://cdn.sofifa.net/players/230/670/26_120.png
203841,/player/203841/nick-pope/260004/,26,4,2025-09-19,N. Pope,Nicholas David Pope,GK,81,81,8500000,81000,33,1992-04-19,199,90,13,Premier League,1,13,Newcastle United,GK,1,,2022-06-23,2026,14,England,,,,Right,3,1,3,,Normal (185+),Yes,16200000,,Footwork,,,,,,,11,14,11,42,14,15,13,12,52,25,50,47,36,78,42,51,71,35,75,15,36,23,13,50,22,63,19,15,14,81,81,68,78,82,49,31+3,31+3,31+3,30+0,32+0,32+0,32+0,30+0,34+3,34+3,34+3,33+3,37+3,37+3,37+3,33+3,30+3,35+3,35+3,35+3,30+3,29+3,31+3,31+3,31+3,29+3,80+1,https://cdn.sofifa.net/players/203/841/26_120.png
246158,/player/246158/mads-hermansen/260004/,26,4,2025-09-19,M. Hermansen,Mads Hermansen,GK,76,81,9000000,27000,24,2000-07-11,185,81,13,Premier League,1,19,West Ham United,GK,1,,2025-08-09,2030,13,Denmark,1331,SUB,16,Right,2,1,1,,Normal (185+),Yes,17800000,,"Footwork, Deflector",,,,,,,13,9,11,62,9,24,12,14,60,40,49,51,47,68,42,57,64,44,61,13,20,16,12,46,15,41,15,10,13,76,75,76,76,77,50,32+2,32+2,32+2,34+0,36+0,36+0,36+0,34+0,40+2,40+2,40+2,38+2,42+2,42+2,42+2,38+2,32+2,37+2,37+2,37+2,32+2,30+2,27+2,27+2,27+2,30+2,75+2,https://cdn.sofifa.net/players/246/158/26_120.png
269626,/player/269626/dorde-petrovic/260004/,26,4,2025-09-19,Đ. Petrović,Đorđe PetrovićЂорђе Петровић,GK,80,85,24500000,45000,25,1999-10-08,194,89,13,Premier League,1,1943,AFC Bournemouth,GK,1,,2025-07-16,2030,51,Serbia,,,,Right,2,1,1,,Lean (185+),Yes,48400000,,Footwork,,,,,,,11,11,13,47,11,20,12,12,50,45,40,43,45,79,34,55,67,37,73,11,27,15,11,50,13,62,20,15,17,80,78,73,78,82,41,33+2,33+2,33+2,33+0,35+0,35+0,35+0,33+0,38+2,38+2,38+2,35+2,40+2,40+2,40+2,35+2,31+2,37+2,37+2,37+2,31+2,30+2,30+2,30+2,30+2,30+2,79+2,https://cdn.sofifa.net/players/269/626/26_120.png
200110,/player/200110/marco-bizot/260004/,26,4,2025-09-19,M. Bizot,Marco Bizot,GK,78,78,2400000,61000,34,1991-03-10,193,88,13,Premier League,1,2,Aston Villa,SUB,40,,2025-07-15,2027,34,Netherlands,,,,Right,2,1,2,,Normal (185+),Yes,4600000,,"Long Ball Pass, Far Throw, Footwork, Deflector",,,,,,,20,15,16,28,13,12,20,15,33,32,45,47,50,76,40,54,65,31,63,14,39,17,13,56,36,47,11,12,14,78,75,72,79,78,46,31+2,31+2,31+2,30+0,32+0,32+0,32+0,30+0,33+2,33+2,33+2,31+2,33+2,33+2,33+2,31+2,27+2,30+2,30+2,30+2,27+2,27+2,27+2,27+2,27+2,27+2,77+1,https://cdn.sofifa.net/players/200/110/26_120.png
240913,/player/240913/caoimhin-kelleher/260004/,26,4,2025-09-19,C. Kelleher,Caoimhín Odhrán Kelleher,GK,79,82,17500000,46000,26,1998-11-23,188,81,13,Premier League,1,1925,Brentford,GK,1,,2017-07-01,2030,25,Republic of Ireland,1355,GK,1,Right,4,1,1,,Lean (185+),Yes,34600000,,,,,,,,,13,6,13,48,9,25,12,11,50,37,45,39,44,77,48,59,68,19,71,8,21,12,4,56,30,66,18,10,14,77,76,79,78,80,43,31+2,31+2,31+2,32+0,34+0,34+0,34+0,32+0,37+2,37+2,37+2,34+2,38+2,38+2,38+2,34+2,28+2,33+2,33+2,33+2,28+2,26+2,28+2,28+2,28+2,26+2,78+2,https://cdn.sofifa.net/players/240/913/26_120.png
215223,/player/215223/walter-benitez/260004/,26,4,2025-09-19,W. Benítez,Walter Daniel Benítez,GK,79,79,8500000,55000,32,1993-01-19,191,93,13,Premier League,1,1799,Crystal Palace,SUB,44,,2022-07-01,2027,52,Argentina,,,,Right,2,1,2,,Normal (185+),No,16200000,,Rush Out,,,,,,,12,14,13,28,13,19,20,17,27,20,38,35,45,76,45,54,69,40,80,14,28,21,17,46,25,62,17,20,17,79,78,72,78,80,37,30+2,30+2,30+2,27+0,30+0,30+0,30+0,27+0,30+2,30+2,30+2,29+2,31+2,31+2,31+2,29+2,27+2,31+2,31+2,31+2,27+2,27+2,30+2,30+2,30+2,27+2,78+1,https://cdn.sofifa.net/players/215/223/26_120.png
164835,/player/164835/lukasz-fabianski/260004/,26,4,2025-09-19,Ł. Fabiański,Łukasz Marek Fabiański,GK,75,75,625000,16000,40,1985-04-18,190,83,13,Premier League,1,19,West Ham United,RES,22,,2018-06-20,2026,37,Poland,,,,Right,2,1,2,,Normal (185+),Yes,1200000,,,,,,,,,14,13,11,32,17,14,18,12,51,22,50,47,53,72,44,51,65,25,65,20,43,16,15,57,22,63,14,12,13,75,75,68,76,74,49,30+2,30+2,30+2,29+0,31+0,31+0,31+0,29+0,34+2,34+2,34+2,31+2,34+2,34+2,34+2,31+2,26+2,31+2,31+2,31+2,26+2,25+2,27+2,27+2,27+2,25+2,74+1,https://cdn.sofifa.net/players/164/835/26_120.png
271756,/player/271756/matai-akinmboni/260004/,26,4,2025-09-19,M. Akinmboni,Matai Akinmboni,CB,55,74,300000,5000,18,2006-10-17,190,77,13,Premier League,1,1943,AFC Bournemouth,RES,45,,2025-01-04,2030,95,United States,,,,Left,2,2,1,,Normal (185+),No,758000,,,54,25,36,38,56,60,27,21,50,44,27,27,25,29,44,45,57,51,50,50,50,35,59,56,67,23,50,60,26,30,30,45,53,60,55,8,14,9,10,12,,38+2,38+2,38+2,36+0,36+0,36+0,36+0,36+0,37+2,37+2,37+2,38+2,42+2,42+2,42+2,38+2,49+2,51+2,51+2,51+2,49+2,51+2,55+2,55+2,55+2,51+2,15+2,https://cdn.sofifa.net/players/271/756/26_120.png
193331,/player/193331/karl-darlow/260004/,26,4,2025-09-19,K. Darlow,Karl Darlow,GK,72,72,400000,24000,34,1990-10-08,190,88,13,Premier League,1,8,Leeds United,SUB,26,,2023-07-29,2026,50,Wales,1367,SUB,1,Right,2,1,1,,Normal (185+),Yes,760000,,Far Throw,,,,,,,12,14,12,36,15,14,19,16,30,31,60,54,64,66,64,50,67,44,60,11,13,26,18,37,19,53,17,11,12,73,70,66,72,75,58,31+2,31+2,31+2,31+0,32+0,32+0,32+0,31+0,32+2,32+2,32+2,32+2,32+2,32+2,32+2,32+2,30+2,30+2,30+2,30+2,30+2,29+2,26+2,26+2,26+2,29+2,71+1,https://cdn.sofifa.net/players/193/331/26_120.png
188836,/player/188836/jason-steele/260004/,26,4,2025-09-19,J. Steele,Jason Sean Steele,GK,73,73,525000,37000,34,1990-08-18,188,79,13,Premier League,1,1808,Brighton & Hove Albion,SUB,23,,2018-06-21,2026,14,England,,,,Right,2,1,1,,Normal (185+),Yes,998000,,Footwork,,,,,,,11,15,28,60,12,15,19,15,55,40,41,36,36,65,44,59,63,29,55,12,39,11,8,45,24,70,10,18,14,74,72,78,73,72,39,32+2,32+2,32+2,30+0,33+0,33+0,33+0,30+0,37+2,37+2,37+2,34+2,40+2,40+2,40+2,34+2,28+2,35+2,35+2,35+2,28+2,27+2,29+2,29+2,29+2,27+2,72+1,https://cdn.sofifa.net/players/188/836/26_120.png
206075,/player/206075/sam-johnstone/260004/,26,4,2025-09-19,S. Johnstone,Samuel Luke Johnstone,GK,76,76,3700000,37000,32,1993-03-25,193,85,13,Premier League,1,110,Wolverhampton Wanderers,SUB,31,,2024-08-30,2028,14,England,,,,Right,3,1,2,,Normal (185+),Yes,7000000,,Deflector,,,,,,,17,11,17,27,15,16,16,17,35,18,38,45,55,73,27,52,64,37,68,16,24,17,11,48,42,50,22,17,20,77,76,69,74,77,41,28+2,28+2,28+2,27+0,28+0,28+0,28+0,27+0,29+2,29+2,29+2,28+2,30+2,30+2,30+2,28+2,28+2,30+2,30+2,30+2,28+2,28+2,29+2,29+2,29+2,28+2,75+1,https://cdn.sofifa.net/players/206/075/26_120.png
258498,/player/258498/bart-verbruggen/260004/,26,4,2025-09-19,B. Verbruggen,Bart Verbruggen,GK,78,84,18500000,39000,22,2002-08-18,193,89,13,Premier League,1,1808,Brighton & Hove Albion,GK,1,,2023-07-03,2028,34,Netherlands,105035,GK,1,Right,4,1,1,,Lean (185+),Yes,38900000,,Footwork,,,,,,,10,8,15,40,6,15,11,15,35,23,57,55,52,76,45,57,73,30,72,7,17,19,4,43,21,35,12,17,14,79,76,76,75,81,56,30+2,30+2,30+2,28+0,30+0,30+0,30+0,28+0,31+2,31+2,31+2,30+2,32+2,32+2,32+2,30+2,28+2,30+2,30+2,30+2,28+2,28+2,28+2,28+2,28+2,28+2,77+2,https://cdn.sofifa.net/players/258/498/26_120.png
258485,/player/258485/filip-jorgensen/260004/,26,4,2025-09-19,F. Jörgensen,Filip Jørgensen,GK,77,83,13500000,45000,23,2002-04-16,192,85,13,Premier League,1,5,Chelsea,SUB,12,,2024-07-30,2031,13,Denmark,1331,SUB,22,Right,3,1,1,,Lean (185+),No,28400000,,"Far Throw, Footwork",,,,,,,10,11,12,45,10,18,12,11,47,40,45,45,55,74,40,54,63,35,62,10,25,13,10,50,11,55,17,13,13,77,76,72,77,78,45,31+2,31+2,31+2,32+0,34+0,34+0,34+0,32+0,37+2,37+2,37+2,34+2,38+2,38+2,38+2,34+2,29+2,34+2,34+2,34+2,29+2,28+2,27+2,27+2,27+2,28+2,76+2,https://cdn.sofifa.net/players/258/485/26_120.png
216325,/player/216325/angus-gunn/260004/,26,4,2025-09-19,A. Gunn,Angus Fraser James Gunn,GK,72,74,1900000,34000,29,1996-01-22,196,77,13,Premier League,1,14,Nottingham Forest,SUB,18,,2025-08-06,2026,42,Scotland,1359,GK,1,Right,3,1,1,,Lean (185+),Yes,3800000,,"Footwork, Deflector",,,,,,,14,15,14,31,19,20,20,15,46,27,48,49,40,65,42,53,65,31,66,17,28,18,9,49,19,48,20,16,14,73,71,70,70,74,48,30+2,30+2,30+2,29+0,31+0,31+0,31+0,29+0,32+2,32+2,32+2,31+2,33+2,33+2,33+2,31+2,27+2,31+2,31+2,31+2,27+2,27+2,28+2,28+2,28+2,27+2,71+2,https://cdn.sofifa.net/players/216/325/26_120.png
194150,/player/194150/simon-moore/260004/,26,4,2025-09-19,S. Moore,Simon William Moore,GK,66,66,90000,7000,35,1990-05-19,191,83,13,Premier League,1,106,Sunderland,RES,21,,2024-07-01,2026,14,England,,,,Right,3,1,1,,Normal (185+),Yes,171000,,Far Throw,,,,,,,14,13,20,45,14,14,14,12,52,34,48,45,54,61,39,51,61,36,57,19,34,23,13,52,11,49,15,13,18,67,65,68,64,67,47,31+2,31+2,31+2,31+0,32+0,32+0,32+0,31+0,36+2,36+2,36+2,33+2,38+2,38+2,38+2,33+2,29+2,34+2,34+2,34+2,29+2,29+2,29+2,29+2,29+2,29+2,65+1,https://cdn.sofifa.net/players/194/150/26_120.png
198350,/player/198350/daniel-bentley/260004/,26,4,2025-09-19,D. Bentley,Daniel Ian Bentley,GK,71,71,1000000,24000,31,1993-07-13,188,73,13,Premier League,1,110,Wolverhampton Wanderers,SUB,25,,2023-01-25,2027,14,England,,,,Right,3,1,1,,Normal (185+),Yes,1900000,,,,,,,,,18,11,11,43,13,17,12,12,26,30,48,43,51,69,41,52,64,31,67,13,24,22,12,50,22,55,30,11,13,71,67,69,70,72,46,30+2,30+2,30+2,30+0,32+0,32+0,32+0,30+0,34+2,34+2,34+2,32+2,33+2,33+2,33+2,32+2,30+2,32+2,32+2,32+2,30+2,29+2,29+2,29+2,29+2,29+2,70+1,https://cdn.sofifa.net/players/198/350/26_120.png
242656,/player/242656/illan-meslier/260004/,26,4,2025-09-19,I. Meslier,Illan Stéphane Meslier,GK,72,75,2400000,21000,25,2000-03-02,196,74,13,Premier League,1,8,Leeds United,RES,16,,2020-07-27,2026,18,France,,,,Left,3,1,1,,Lean (185+),Yes,4700000,,"Far Throw, Footwork, Cross Claimer",,,,,,,18,11,15,50,9,20,12,10,50,35,37,40,42,71,25,53,55,40,53,17,27,19,8,61,11,65,22,17,19,71,72,70,70,73,38,30+2,30+2,30+2,32+0,34+0,34+0,34+0,32+0,38+2,38+2,38+2,35+2,40+2,40+2,40+2,35+2,32+2,36+2,36+2,36+2,32+2,30+2,29+2,29+2,29+2,30+2,71+2,https://cdn.sofifa.net/players/242/656/26_120.png
163264,/player/163264/tom-heaton/260004/,26,4,2025-09-19,T. Heaton,Thomas David Heaton,GK,67,67,110000,8000,39,1986-04-15,188,85,13,Premier League,1,11,Manchester United,SUB,22,,2021-07-02,2026,14,England,,,,Right,3,1,1,,Normal (185+),Yes,209000,,Far Throw,,,,,,,17,12,16,38,12,17,22,13,45,35,44,40,50,60,50,49,62,20,63,12,31,24,12,48,24,59,16,15,13,68,66,65,68,67,42,29+2,29+2,29+2,29+0,31+0,31+0,31+0,29+0,33+2,33+2,33+2,31+2,34+2,34+2,34+2,31+2,27+2,32+2,32+2,32+2,27+2,26+2,28+2,28+2,28+2,26+2,66+1,https://cdn.sofifa.net/players/163/264/26_120.png
222514,/player/222514/freddie-woodman/260004/,26,4,2025-09-19,F. Woodman,Frederick John Woodman,GK,71,71,1300000,32000,28,1997-03-04,188,83,13,Premier League,1,9,Liverpool,RES,28,,2022-06-21,2027,14,England,,,,Right,2,1,1,,Lean (185+),Yes,2400000,,"Long Ball Pass, Footwork, Rush Out",,,,,,,14,16,20,40,16,17,15,13,38,23,45,50,47,70,39,47,56,34,46,14,34,26,12,45,20,54,10,21,20,72,69,62,68,71,47,30+2,30+2,30+2,29+0,31+0,31+0,31+0,29+0,32+2,32+2,32+2,31+2,34+2,34+2,34+2,31+2,30+2,32+2,32+2,32+2,30+2,30+2,28+2,28+2,28+2,30+2,70+1,https://cdn.sofifa.net/players/222/514/26_120.png
246417,/player/246417/anthony-patterson/260004/,26,4,2025-09-19,A. Patterson,Anthony Patterson,GK,73,78,3600000,23000,25,2000-05-10,189,87,13,Premier League,1,106,Sunderland,SUB,1,,2018-11-24,2028,14,England,,,,Right,3,1,1,,Stocky (185+),No,7100000,,"Far Throw, Far Reach",,,,,,,16,12,11,48,11,20,23,13,57,24,29,32,40,68,37,54,55,30,58,10,28,12,10,62,12,36,20,14,13,73,71,72,70,75,30,28+2,28+2,28+2,28+0,31+0,31+0,31+0,28+0,35+2,35+2,35+2,32+2,38+2,38+2,38+2,32+2,26+2,33+2,33+2,33+2,26+2,25+2,26+2,26+2,26+2,25+2,72+2,https://cdn.sofifa.net/players/246/417/26_120.png
232284,/player/232284/mark-travers/260004/,26,4,2025-09-19,M. Travers,Mark Travers,GK,72,75,2400000,17000,26,1999-05-18,191,82,13,Premier League,1,7,Everton,SUB,12,,2025-07-15,2029,25,Republic of Ireland,1355,SUB,23,Right,2,1,1,,Unique,Yes,4700000,,Footwork,,,,,,,16,14,15,50,13,13,14,14,44,19,41,38,39,68,47,52,61,30,60,13,23,13,11,47,18,47,14,15,14,73,69,69,72,74,40,29+2,29+2,29+2,27+0,29+0,29+0,29+0,27+0,32+2,32+2,32+2,30+2,34+2,34+2,34+2,30+2,27+2,31+2,31+2,31+2,27+2,26+2,26+2,26+2,26+2,26+2,71+2,https://cdn.sofifa.net/players/232/284/26_120.png
200726,/player/200726/benjamin-lecomte/260004/,26,4,2025-09-19,B. Lecomte,Benjamin Lecomte,GK,74,74,725000,38000,34,1991-04-26,186,78,13,Premier League,1,144,Fulham FC,SUB,23,,2025-07-26,2027,18,France,,,,Left,3,1,2,,Normal (185+),Yes,1400000,,"Long Ball Pass, Far Throw, Footwork",,,,,,,13,11,10,30,10,11,20,19,33,23,41,40,36,71,30,56,63,34,68,10,23,24,10,44,20,61,17,11,12,73,72,75,73,75,41,28+2,28+2,28+2,25+0,28+0,28+0,28+0,25+0,28+2,28+2,28+2,27+2,30+2,30+2,30+2,27+2,26+2,29+2,29+2,29+2,26+2,26+2,27+2,27+2,27+2,26+2,73+1,https://cdn.sofifa.net/players/200/726/26_120.png
243647,/player/243647/altay-bayindir/260004/,26,4,2025-09-19,A. Bayındır,Altay Bayındır,GK,75,77,5000000,38000,27,1998-04-14,198,88,13,Premier League,1,11,Manchester United,GK,1,,2023-09-01,2027,48,Türkiye,,,,Right,2,1,1,,Lean (185+),Yes,9900000,,,,,,,,,11,10,14,40,15,10,10,14,45,16,30,31,51,69,24,53,61,31,68,11,29,14,14,55,16,60,14,13,10,77,72,70,75,77,30,27+2,27+2,27+2,25+0,27+0,27+0,27+0,25+0,31+2,31+2,31+2,27+2,33+2,33+2,33+2,27+2,23+2,30+2,30+2,30+2,23+2,23+2,26+2,26+2,26+2,23+2,74+2,https://cdn.sofifa.net/players/243/647/26_120.png
262621,/player/262621/giorgi-mamardashvili/260004/,26,4,2025-09-19,G. Mamardashvili,Giorgi Mamardashviliგიორგი მამარდაშვილი,GK,84,87,45000000,67000,24,2000-09-29,199,88,13,Premier League,1,9,Liverpool,SUB,25,,2024-08-27,2030,20,Georgia,,,,Left,3,1,3,,Normal (185+),Yes,86600000,,"Far Throw, Footwork, Cross Claimer",,,,,,,13,9,14,20,7,11,11,10,20,22,48,48,40,74,26,54,71,45,74,7,25,8,8,34,11,26,5,12,10,84,81,72,84,84,48,28+3,28+3,28+3,24+0,26+0,26+0,26+0,24+0,25+3,25+3,25+3,26+3,25+3,25+3,25+3,26+3,24+3,24+3,24+3,24+3,24+3,24+3,24+3,24+3,24+3,24+3,82+3,https://cdn.sofifa.net/players/262/621/26_120.png
248158,/player/248158/gabriel-slonina/260004/,26,4,2025-09-19,G. Slonina,Gabriel Paweł Słonina,GK,68,80,2600000,14000,21,2004-05-15,193,89,13,Premier League,1,5,Chelsea,SUB,44,,2022-08-02,2028,95,United States,,,,Right,2,1,1,,Normal (185+),No,5500000,,,,,,,,,10,10,11,25,10,15,11,12,30,25,43,47,50,68,45,47,63,35,70,10,40,13,10,50,13,50,20,11,12,70,64,63,65,70,45,27+2,27+2,27+2,26+0,28+0,28+0,28+0,26+0,29+2,29+2,29+2,28+2,29+2,29+2,29+2,28+2,25+2,28+2,28+2,28+2,25+2,25+2,27+2,27+2,27+2,25+2,67+2,https://cdn.sofifa.net/players/248/158/26_120.png
225650,/player/225650/tom-king/260004/,26,4,2025-09-19,T. King,Thomas Lloyd King,GK,64,64,400000,7000,30,1995-03-09,194,80,13,Premier League,1,7,Everton,RES,31,,2025-08-15,2027,50,Wales,,,,Right,3,1,1,,Normal (185+),Yes,760000,,,,,,,,,9,6,18,35,18,8,9,7,43,28,40,44,39,56,57,46,66,32,73,17,23,13,12,45,26,42,15,17,20,64,63,61,63,64,42,27+2,27+2,27+2,25+0,27+0,27+0,27+0,25+0,29+2,29+2,29+2,27+2,31+2,31+2,31+2,27+2,25+2,30+2,30+2,30+2,25+2,25+2,28+2,28+2,28+2,25+2,63+1,https://cdn.sofifa.net/players/225/650/26_120.png
203824,/player/203824/remi-matthews/260004/,26,4,2025-09-19,R. Matthews,Remi Luke Matthews,GK,63,63,250000,10000,31,1994-02-10,192,78,13,Premier League,1,1799,Crystal Palace,SUB,31,,2021-07-13,2027,14,England,,,,Right,3,1,1,,Normal (185+),No,475000,,,,,,,,,11,15,15,35,16,22,14,19,39,27,44,47,49,55,39,47,62,29,66,20,24,15,7,39,22,34,12,15,17,64,63,62,62,63,45,29+2,29+2,29+2,28+0,29+0,29+0,29+0,28+0,31+2,31+2,31+2,29+2,31+2,31+2,31+2,29+2,25+2,28+2,28+2,28+2,25+2,25+2,26+2,26+2,26+2,25+2,62+1,https://cdn.sofifa.net/players/203/824/26_120.png
204246,/player/204246/marcus-bettinelli/260004/,26,4,2025-09-19,M. Bettinelli,Marcus Bettinelli,GK,70,70,525000,33000,33,1992-05-24,194,82,13,Premier League,1,10,Manchester City,SUB,13,,2021-07-28,2026,14,England,,,,Right,3,1,1,,Normal (185+),Yes,971000,,,,,,,,,13,12,13,35,12,18,13,13,42,35,30,30,35,62,30,52,57,25,60,12,30,15,12,37,17,52,18,18,17,70,70,69,71,71,30,28+2,28+2,28+2,26+0,29+0,29+0,29+0,26+0,30+2,30+2,30+2,28+2,32+2,32+2,32+2,28+2,25+2,31+2,31+2,31+2,25+2,25+2,27+2,27+2,27+2,25+2,69+1,https://cdn.sofifa.net/players/204/246/26_120.png
254803,/player/254803/senne-lammens/260004/,26,4,2025-09-19,S. Lammens,Senne Lammens,GK,78,87,27500000,36000,22,2002-07-07,193,92,13,Premier League,1,11,Manchester United,SUB,31,,2025-09-01,2030,7,Belgium,,,,Right,4,1,1,,Normal (185+),No,57800000,,"Footwork, Cross Claimer",,,,,,,14,10,14,40,8,15,12,11,39,19,19,25,40,73,27,53,64,29,79,8,29,15,6,30,11,36,7,15,12,79,77,71,79,77,21,26+2,26+2,26+2,23+0,25+0,25+0,25+0,23+0,26+2,26+2,26+2,25+2,29+2,29+2,29+2,25+2,24+2,29+2,29+2,29+2,24+2,23+2,27+2,27+2,27+2,23+2,77+2,https://cdn.sofifa.net/players/254/803/26_120.png
203215,/player/203215/alex-cairns/260004/,26,4,2025-09-19,A. Cairns,Alexander Thomas Cairns,GK,63,63,240000,8000,32,1993-01-04,183,72,13,Premier League,1,8,Leeds United,RES,21,,2024-07-08,2026,14,England,,,,Left,3,1,1,,Normal (170-185),No,456000,,"Long Ball Pass, Footwork",,,,,,,12,11,11,36,13,12,14,12,47,17,49,48,43,57,60,47,46,23,39,13,39,15,11,46,22,45,21,11,11,63,61,62,62,63,49,25+2,25+2,25+2,26+0,27+0,27+0,27+0,26+0,29+2,29+2,29+2,28+2,30+2,30+2,30+2,28+2,24+2,28+2,28+2,28+2,24+2,24+2,23+2,23+2,23+2,24+2,62+1,https://cdn.sofifa.net/players/203/215/26_120.png
73580,/player/73580/antonin-kinsky/260004/,26,4,2025-09-19,A. Kinský,Antonín Kinský,GK,75,81,7500000,35000,22,2003-03-13,190,80,13,Premier League,1,18,Tottenham Hotspur,SUB,31,,2025-01-05,2031,12,Czechia,1330,SUB,24,Right,4,1,1,,Normal (185+),No,15800000,,,,,,,,,13,6,14,40,8,18,13,14,45,30,25,26,39,68,25,57,57,20,60,6,24,11,6,47,15,70,9,10,11,76,76,76,74,75,25,26+2,26+2,26+2,25+0,28+0,28+0,28+0,25+0,31+2,31+2,31+2,28+2,33+2,33+2,33+2,28+2,23+2,29+2,29+2,29+2,23+2,21+2,23+2,23+2,23+2,21+2,74+2,https://cdn.sofifa.net/players/073/580/26_120.png
236663,/player/236663/ellery-balcombe/260004/,26,4,2025-09-19,E. Balcombe,Ellery Ronald Balcombe,GK,63,68,550000,8000,25,1999-10-15,190,92,13,Premier League,1,1925,Brentford,RES,31,,2016-10-17,2027,14,England,,,,Right,3,1,1,,Normal (185+),No,1100000,,,,,,,,,10,10,12,19,17,10,12,13,29,15,39,39,45,57,61,46,59,28,64,13,28,18,10,50,16,24,25,10,13,64,62,61,60,64,39,24+2,24+2,24+2,22+0,24+0,24+0,24+0,22+0,25+2,25+2,25+2,23+2,25+2,25+2,25+2,23+2,22+2,25+2,25+2,25+2,22+2,22+2,25+2,25+2,25+2,22+2,62+2,https://cdn.sofifa.net/players/236/663/26_120.png
264133,/player/264133/hakon-valdimarsson/260004/,26,4,2025-09-19,H. Valdimarsson,Hákon Rafn Valdimarsson,GK,68,76,2300000,13000,23,2001-10-13,195,89,13,Premier League,1,1925,Brentford,SUB,12,,2024-01-26,2028,24,Iceland,1341,GK,12,Right,2,1,1,,Lean (185+),No,4800000,,,,,,,,,15,11,10,40,18,13,29,10,42,19,20,20,32,65,44,48,46,35,50,16,26,12,14,57,12,32,12,10,11,68,65,64,68,69,20,25+2,25+2,25+2,24+0,27+0,27+0,27+0,24+0,30+2,30+2,30+2,27+2,33+2,33+2,33+2,27+2,23+2,28+2,28+2,28+2,23+2,21+2,22+2,22+2,22+2,21+2,67+2,https://cdn.sofifa.net/players/264/133/26_120.png
163600,/player/163600/john-ruddy/260004/,26,4,2025-09-19,J. Ruddy,John Thomas Gordon Ruddy,GK,68,68,130000,16000,38,1986-10-24,193,97,13,Premier League,1,13,Newcastle United,RES,26,,2024-07-01,2026,14,England,,,,Right,3,1,1,,Stocky (185+),Yes,247000,,"Far Throw, Cross Claimer",,,,,,,14,7,12,25,11,11,13,13,23,23,34,37,22,68,21,50,60,34,70,15,24,22,15,39,18,53,11,11,11,66,69,66,68,67,35,27+2,27+2,27+2,24+0,26+0,26+0,26+0,24+0,26+2,26+2,26+2,25+2,27+2,27+2,27+2,25+2,24+2,26+2,26+2,26+2,24+2,24+2,25+2,25+2,25+2,24+2,67+1,https://cdn.sofifa.net/players/163/600/26_120.png
198039,/player/198039/mark-gillespie/260004/,26,4,2025-09-19,M. Gillespie,Mark Joseph Gillespie,GK,62,62,130000,12000,33,1992-03-27,192,83,13,Premier League,1,13,Newcastle United,RES,29,,2020-07-27,2026,14,England,,,,Right,3,1,1,,Normal (185+),No,247000,,,,,,,,,13,16,11,34,12,17,12,15,35,28,32,33,30,54,38,45,55,20,61,12,26,20,11,42,19,48,12,11,19,63,61,60,61,64,32,27+2,27+2,27+2,25+0,27+0,27+0,27+0,25+0,29+2,29+2,29+2,27+2,29+2,29+2,29+2,27+2,24+2,28+2,28+2,28+2,24+2,23+2,25+2,25+2,25+2,23+2,61+1,https://cdn.sofifa.net/players/198/039/26_120.png
236568,/player/236568/brandon-austin/260004/,26,4,2025-09-19,B. Austin,Brandon Anthony Austin,GK,67,71,1100000,19000,26,1999-01-08,188,77,13,Premier League,1,18,Tottenham Hotspur,RES,40,,2016-09-21,2029,14,England,,,,Right,2,1,1,,Lean (185+),Yes,2200000,,,,,,,,,12,9,13,30,6,14,12,11,30,24,36,49,42,62,38,48,53,18,54,9,27,11,8,34,11,45,17,12,12,69,65,64,65,66,41,26+2,26+2,26+2,24+0,26+0,26+0,26+0,24+0,26+2,26+2,26+2,25+2,26+2,26+2,26+2,25+2,23+2,25+2,25+2,25+2,23+2,23+2,24+2,24+2,24+2,23+2,66+2,https://cdn.sofifa.net/players/236/568/26_120.png
269096,/player/269096/max-weiss/260004/,26,4,2025-09-19,M. Weiß,Max Weiß,GK,68,80,2600000,8000,21,2004-06-15,190,84,13,Premier League,1,1796,Burnley,SUB,13,,2022-07-01,2029,21,Germany,,,,Right,2,1,1,,Normal (185+),No,5500000,,Footwork,,,,,,,10,6,11,33,8,10,11,14,29,19,35,34,33,67,40,50,58,28,62,6,18,12,9,40,13,40,9,13,10,70,64,67,61,72,35,25+2,25+2,25+2,22+0,25+0,25+0,25+0,22+0,26+2,26+2,26+2,25+2,27+2,27+2,27+2,25+2,22+2,25+2,25+2,25+2,22+2,22+2,23+2,23+2,23+2,22+2,67+2,https://cdn.sofifa.net/players/269/096/26_120.png
243588,/player/243588/tom-mcgill/260004/,26,4,2025-09-19,T. McGill,Thomas Peter Wayne McGill,GK,62,67,475000,9000,25,2000-03-25,185,80,13,Premier League,1,1808,Brighton & Hove Albion,RES,38,,2022-07-29,2027,70,Canada,,,,Right,2,1,1,,Normal (185+),No,938000,,,,,,,,,14,5,10,34,8,15,14,10,30,28,32,29,37,55,49,47,48,31,50,9,27,14,7,37,13,43,13,12,12,62,60,63,61,63,31,23+2,23+2,23+2,23+0,25+0,25+0,25+0,23+0,27+2,27+2,27+2,25+2,28+2,28+2,28+2,25+2,23+2,26+2,26+2,26+2,23+2,22+2,22+2,22+2,22+2,22+2,61+2,https://cdn.sofifa.net/players/243/588/26_120.png
263798,/player/263798/robin-roefs/260004/,26,4,2025-09-19,R. Roefs,Robin Roefs,GK,74,84,8000000,22000,22,2003-01-17,192,72,13,Premier League,1,106,Sunderland,GK,22,,2025-08-01,2030,34,Netherlands,105035,RES,13,Left,3,1,1,,Lean (185+),No,16800000,,"Footwork, Far Reach",,,,,,,11,5,14,21,9,10,10,14,14,16,29,33,31,72,25,51,51,23,64,5,24,7,6,33,16,31,8,13,13,76,74,68,70,76,31,24+2,24+2,24+2,20+0,22+0,22+0,22+0,20+0,22+2,22+2,22+2,21+2,21+2,21+2,21+2,21+2,20+2,21+2,21+2,21+2,20+2,20+2,23+2,23+2,23+2,20+2,73+2,https://cdn.sofifa.net/players/263/798/26_120.png
79922,/player/79922/armin-pecsi/260004/,26,4,2025-09-19,Á. Pécsi,Ármin Pécsi,GK,64,79,1200000,7000,20,2005-02-24,190,85,13,Premier League,1,9,Liverpool,RES,41,,2025-07-01,2030,23,Hungary,,,,Right,2,1,1,,Normal (185+),No,3000000,,,,,,,,,11,5,11,18,9,8,12,12,21,16,49,54,39,59,37,47,61,21,62,6,17,11,6,29,10,32,7,10,14,64,62,63,63,67,51,23+2,23+2,23+2,21+0,22+0,22+0,22+0,21+0,21+2,21+2,21+2,22+2,20+2,20+2,20+2,22+2,21+2,20+2,20+2,20+2,21+2,21+2,21+2,21+2,21+2,21+2,63+2,https://cdn.sofifa.net/players/079/922/26_120.png
243048,/player/243048/will-dennis/260004/,26,4,2025-09-19,W. Dennis,William Jonathan Dennis,GK,67,72,1200000,12000,24,2000-07-10,188,84,13,Premier League,1,1943,AFC Bournemouth,SUB,40,,2018-01-19,2028,14,England,,,,Right,3,1,1,,Normal (185+),Yes,2400000,,,,,,,,,12,7,11,17,7,11,12,11,25,13,29,40,28,54,47,47,55,28,61,8,17,14,5,38,17,39,10,12,12,70,65,63,66,69,33,22+2,22+2,22+2,19+0,21+0,21+0,21+0,19+0,21+2,21+2,21+2,21+2,22+2,22+2,22+2,21+2,20+2,21+2,21+2,21+2,20+2,20+2,21+2,21+2,21+2,20+2,66+2,https://cdn.sofifa.net/players/243/048/26_120.png
234724,/player/234724/john-victor-maciel-furtado/260004/,26,4,2025-09-19,John Victor,John Victor Maciel Furtado,GK,71,71,1300000,30000,29,1996-02-13,196,91,13,Premier League,1,14,Nottingham Forest,RES,13,,2025-08-31,2028,54,Brazil,,,,Right,1,1,1,,Normal (185+),No,2500000,,,,,,,,,12,9,11,18,8,13,10,10,29,14,19,28,25,63,25,50,56,19,69,9,21,9,5,38,19,23,11,10,11,74,67,66,68,76,23,23+2,23+2,23+2,19+0,21+0,21+0,21+0,19+0,21+2,21+2,21+2,20+2,23+2,23+2,23+2,20+2,18+2,22+2,22+2,22+2,18+2,18+2,22+2,22+2,22+2,18+2,70+1,https://cdn.sofifa.net/players/234/724/26_120.png
256488,/player/256488/matthew-cox/260004/,26,4,2025-09-19,M. Cox,Matthew Aidan Cox,GK,65,77,1500000,8000,22,2003-05-02,182,74,13,Premier League,1,1925,Brentford,RES,13,,2021-07-22,2028,14,England,,,,Right,3,1,1,,Normal (170-185),No,3200000,,,,,,,,,8,7,9,35,6,8,13,10,36,21,33,26,36,51,43,49,41,23,38,6,20,9,9,42,10,40,7,10,11,67,63,65,65,66,30,22+2,22+2,22+2,21+0,23+0,23+0,23+0,21+0,25+2,25+2,25+2,23+2,27+2,27+2,27+2,23+2,19+2,23+2,23+2,23+2,19+2,19+2,18+2,18+2,18+2,19+2,64+2,https://cdn.sofifa.net/players/256/488/26_120.png
268631,/player/268631/harry-tyrer/260004/,26,4,2025-09-19,H. Tyrer,Harry Alfred Tyrer,GK,64,72,1100000,5000,23,2001-12-06,194,88,13,Premier League,1,7,Everton,SUB,53,,2019-07-01,2026,14,England,,,,Right,2,1,1,,Normal (185+),No,2300000,,,,,,,,,11,9,14,29,6,7,12,11,21,17,15,17,33,60,28,47,57,28,73,9,19,11,8,28,12,22,6,11,11,65,61,62,62,65,16,23+2,23+2,23+2,18+0,20+0,20+0,20+0,18+0,21+2,21+2,21+2,19+2,23+2,23+2,23+2,19+2,19+2,23+2,23+2,23+2,19+2,18+2,22+2,22+2,22+2,18+2,63+2,https://cdn.sofifa.net/players/268/631/26_120.png
257138,/player/257138/blondy-nna-noukeu/260004/,26,4,2025-09-19,B. Nna Noukeu,Blondy Rudolph Nna Noukeu,GK,57,65,325000,4000,24,2001-05-31,184,76,13,Premier League,1,106,Sunderland,RES,16,,2024-08-02,2026,103,Cameroon,,,,Right,2,1,1,,Normal (170-185),No,683000,,,,,,,,,13,7,11,30,5,8,10,12,38,15,36,34,32,53,41,41,45,26,47,9,19,9,7,36,19,30,7,10,14,58,55,55,53,61,35,21+2,21+2,21+2,20+0,22+0,22+0,22+0,20+0,23+2,23+2,23+2,23+2,25+2,25+2,25+2,23+2,20+2,23+2,23+2,23+2,20+2,20+2,19+2,19+2,19+2,20+2,56+2,https://cdn.sofifa.net/players/257/138/26_120.png
73253,/player/73253/julian-eyestone/260004/,26,4,2025-09-19,J. Eyestone,Julian Eyestone,GK,58,77,475000,3000,19,2006-04-21,200,98,13,Premier League,1,1925,Brentford,RES,41,,2025-07-04,2031,95,United States,,,,Right,3,1,1,,Lean (185+),No,1200000,,Far Throw,,,,,,,13,6,12,24,8,11,11,10,20,19,26,23,34,55,27,44,50,22,59,5,23,9,8,32,19,28,5,12,14,59,57,58,57,58,25,21+2,21+2,21+2,19+0,21+0,21+0,21+0,19+0,21+2,21+2,21+2,20+2,22+2,22+2,22+2,20+2,19+2,21+2,21+2,21+2,19+2,18+2,21+2,21+2,21+2,18+2,57+2,https://cdn.sofifa.net/players/073/253/26_120.png
72026,/player/72026/callan-mckenna/260004/,26,4,2025-09-19,C. McKenna,Callan McKenna,GK,57,76,375000,2000,18,2006-12-22,188,76,13,Premier League,1,1943,AFC Bournemouth,RES,32,,2024-02-01,2026,42,Scotland,,,,Right,2,1,1,,Stocky (185+),No,947000,,,,,,,,,10,5,14,27,8,14,12,13,25,18,28,33,25,55,25,41,50,27,56,9,16,10,4,29,18,33,8,13,12,56,55,55,56,56,30,21+2,21+2,21+2,20+0,21+0,21+0,21+0,20+0,22+2,22+2,22+2,21+2,23+2,23+2,23+2,21+2,20+2,22+2,22+2,22+2,20+2,20+2,21+2,21+2,21+2,20+2,56+2,https://cdn.sofifa.net/players/072/026/26_120.png
